Unnamed: 0,n2cu,n1fe,n4mo,n6sc,n3zn,n1fe_ortho,n2cu_ortho,n3zn_ortho,n4mo_ortho
2026-09-01 00:00:00,33447.45,34289.9063,3381.649,1216.07373,275.938751,827.6405305077205,-1699.6056817650533,100.76105685379258,673.8546826488505
2026-09-01 00:15:00,33447.45,34289.9063,3381.649,1216.07373,275.938751,827.6405305077205,-1699.6056817650533,100.76105685379258,673.8546826488505
2026-09-01 00:30:00,34124.41,34056.09,3376.143,1231.34,284.5338,491.3710449760547,-1162.5571238311968,108.46037066952596,664.7865179273454
2026-09-01 00:45:00,34687.875,34816.5273,3297.32861,1205.016,284.550476,1428.470860176909,-357.8394274653401,110.02158459467947,592.1144550399213
2026-09-01 01:00:00,34687.875,34816.5273,3297.32861,1205.016,284.550476,1428.470860176909,-357.8394274653401,110.02158459467947,592.1144550399213
2026-09-01 01:15:00,34192.0664,34104.41,3519.80786,1221.066,285.549347,608.6406985687354,-1000.7421536115144,110.07873573072592,810.8486681854597
2026-09-01 01:30:00,34329.6641,34210.8242,3611.88867,1217.28467,281.9091,740.4317132095384,-828.4895357286296,106.66035499696665,903.8117972015893
2026-09-01 01:45:00,34329.6641,34210.8242,3611.88867,1217.28467,281.9091,740.4317132095384,-828.4895357286296,106.66035499696665,903.8117972015893
2026-09-01 02:00:00,33523.46,34136.6563,3930.28418,1207.77954,264.285065,730.053517400047,-1547.5815615070824,89.59402527612303,1224.425192694203
2026-09-01 02:15:00,33523.46,34136.6563,3930.28418,1207.77954,264.285065,730.053517400047,-1547.5815615070824,89.59402527612303,1224.425192694203
2026-09-01 02:30:00,33166.13,33445.28,4390.53369,1204.25793,262.209167,62.311029896489345,-1872.6369106922793,87.72475469606684,1685.496419780623
2026-09-01 02:45:00,32887.88,33657.9023,4344.00635,1207.42871,254.40451,253.6539661999268,-2179.946294698617,79.73405492284397,1638.2292238331215
2026-09-01 03:00:00,32887.88,33657.9023,4344.00635,1207.42871,254.40451,253.6539661999268,-2179.946294698617,79.73405492284397,1638.2292238331215
2026-09-01 03:15:00,34087.4336,33862.3,4407.08936,1213.77319,255.873184,415.4733424481601,-1038.5382237610465,80.83047204792462,1699.8318405980817
2026-09-01 03:30:00,33978.24,33508.8867,4271.4165,1233.92993,250.484467,-73.2134869033689,-1332.4631668299407,74.25907576751666,1559.4556949802754
2026-09-01 03:45:00,33978.24,33508.8867,4271.4165,1233.92993,250.484467,-73.2134869033689,-1332.4631668299407,74.25907576751666,1559.4556949802754
2026-09-01 04:00:00,34304.97,33085.6328,4283.74854,1241.03564,252.847885,-544.154387392955,-1070.8551732535052,76.20557238094389,1570.1297196639434
2026-09-01 04:15:00,33691.8945,32395.8887,4424.67871,1233.90649,244.691116,-1186.05417914785,-1618.593845252566,68.467100089237,1712.723374367432
2026-09-01 04:30:00,33691.8945,32395.8887,4424.67871,1233.90649,244.691116,-1186.05417914785,-1618.593845252566,68.467100089237,1712.723374367432
2026-09-01 04:45:00,32798.29,32745.2988,4399.039,1227.923,230.5659,-796.4883887862343,-2457.361196788115,54.69296018822564,1688.4798257735565
2026-09-01 05:00:00,33826.8867,32235.7988,4416.316,1226.3667,232.276733,-1295.543932305187,-1414.5014071606201,56.495107744254966,1706.1199660138427
2026-09-01 05:15:00,33826.8867,32235.7988,4416.316,1226.3667,232.276733,-1295.543932305187,-1414.5014071606201,56.495107744254966,1706.1199660138427
2026-09-01 05:30:00,33849.92,32695.041,4363.983,1221.40381,233.264191,-802.9953719471414,-1345.9844954653163,57.77375902124044,1654.9449850764377
2026-09-01 05:45:00,33727.4727,32701.4238,4423.59033,1227.05493,225.7139,-834.5377000774351,-1520.2228582782263,49.89189344444381,1713.23370743351
2026-09-01 06:00:00,33727.4727,32701.4238,4423.59033,1227.05493,225.7139,-834.5377000774351,-1520.2228582782263,49.89189344444381,1713.23370743351
2026-09-01 06:15:00,33478.1641,34196.6875,4174.938,1204.98853,218.4213,808.8154135917648,-1567.2985719734206,43.89402037316313,1469.7302547696654
2026-09-01 06:30:00,33478.1641,34196.6875,4174.938,1204.98853,218.4213,808.8154135917648,-1567.2985719734206,43.89402037316313,1469.7302547696654
2026-09-01 06:45:00,34050.207,33276.39,4262.96338,1229.10144,218.684509,-273.30579592851427,-1216.2442966021772,42.74242524078156,1552.1292337342566
2026-09-01 07:00:00,33983.707,35502.9023,3751.0603,1187.37964,208.086655,2233.204913382644,-900.37471951521,34.59256175915522,1049.961336203694
2026-09-01 07:15:00,33983.707,35502.9023,3751.0603,1187.37964,208.086655,2233.204913382644,-900.37471951521,34.59256175915522,1049.961336203694
2026-09-01 07:30:00,35054.3047,33634.0,4470.89746,1221.00854,210.718018,138.61631732436945,-137.9772474751735,35.250778146513,1761.9516756507346
2026-09-01 07:45:00,35054.3047,33634.0,4470.89746,1221.00854,210.718018,138.61631732436945,-137.9772474751735,35.250778146513,1761.9516756507346
2026-09-01 08:00:00,35070.2539,33582.9258,4477.03467,1229.07129,213.545746,33.432343185348145,-195.9210795988547,37.60543126594655,1766.2075588034877
2026-09-01 08:15:00,35070.2539,33582.9258,4477.03467,1229.07129,213.545746,33.432343185348145,-195.9210795988547,37.60543126594655,1766.2075588034877
2026-09-01 08:30:00,34938.0156,33121.4922,4593.14746,1243.52014,211.511292,-524.9686699266313,-460.57937739121553,34.72320349296925,1878.9489172922986
2026-09-01 09:15:00,30824.9219,35135.5859,4296.089,1149.9176,181.636627,2117.2993252256274,-3715.829848334317,10.340586544963486,1603.731264891751
2026-09-01 09:30:00,31696.3984,33697.1953,4367.47266,1192.67163,188.027344,391.98293603050115,-3236.183048152241,14.222747824398624,1665.1388863854113
2026-09-01 09:45:00,31696.3984,33697.1953,4367.47266,1192.67163,188.027344,391.98293603050115,-3236.183048152241,14.222747824398624,1665.1388863854113
2026-09-01 10:00:00,31785.8535,33387.0625,4355.564,1195.939,185.122223,59.922548950584314,-3176.6725546909474,11.125916716492924,1652.467832549451
2026-09-01 10:15:00,32008.4727,33596.9141,3927.198,1201.62341,187.739456,231.6256089098315,-3006.149511800395,13.409621877748009,1222.775457163415
2026-09-01 10:30:00,32008.4727,33596.9141,3927.198,1201.62341,187.739456,231.6256089098315,-3006.149511800395,13.409621877748009,1222.775457163415
2026-09-01 10:45:00,30029.6387,34021.1172,3826.19971,1173.51514,186.024628,844.4656058914625,-4727.378439331176,13.344022301447069,1128.3358280397488
2026-09-01 11:00:00,30476.0742,34197.543,3874.64551,1189.76831,187.395935,911.8150538102054,-4429.899066325281,13.76168861352096,1172.9891843854293
2026-09-01 11:15:00,30476.0742,34197.543,3874.64551,1189.76831,187.395935,911.8150538102054,-4429.899066325281,13.76168861352096,1172.9891843854293
2026-09-01 11:30:00,30223.6563,33661.0352,3806.35767,1183.44263,186.981628,417.75940922563314,-4624.343734432423,13.718535414705627,1106.1773509106338
2026-09-01 11:45:00,31621.22,33584.62,3756.185,1205.112,191.674911,195.9192963317837,-3425.3742427992984,17.140386877736205,1050.948444819483
2026-09-01 12:00:00,31621.22,33584.62,3756.185,1205.112,191.674911,195.9192963317837,-3425.3742427992984,17.140386877736205,1050.948444819483
2026-09-01 12:15:00,32268.623,33151.0039,3783.312,1224.2002,187.505875,-365.7992737585082,-2952.9096913166504,11.85136725735498,1073.621487655288
2026-09-01 12:30:00,32268.623,33151.0039,3783.312,1224.2002,187.505875,-365.7992737585082,-2952.9096913166504,11.85136725735498,1073.621487655288
2026-09-01 13:00:00,31539.1543,29081.0879,2572.099,1344.87708,187.73291,-5245.587677169518,-4788.350990048606,4.9977907298821265,-165.7497281130254
2026-09-01 13:15:00,31539.1543,29081.0879,2572.099,1344.87708,187.73291,-5245.587677169518,-4788.350990048606,4.9977907298821265,-165.7497281130254
2026-09-01 13:30:00,30409.2754,28757.8047,3345.478,1337.13562,182.853149,-5516.917306476353,-5847.281398223327,0.572253197670392,609.4356303297991
2026-09-01 13:45:00,31169.5645,27897.791,2463.03,1388.20825,189.382,-6719.683600068598,-5555.059829677368,4.104461819143921,-284.92943394461054
2026-09-01 14:00:00,30269.6211,26648.1426,2470.90332,1406.20715,190.5754,-8090.124088841156,-6619.958523577214,4.241791933828409,-281.25589860752507
2026-09-01 14:15:00,30269.6211,26648.1426,2470.90332,1406.20715,190.5754,-8090.124088841156,-6619.958523577214,4.241791933828409,-281.25589860752507
2026-09-01 14:30:00,30094.3145,25057.752,2120.02246,1445.618,186.886826,-9945.004123851155,-7156.455437684897,-1.7591795926696534,-641.3327141038271
2026-09-01 14:45:00,37278.09,33307.18,2269.39941,1295.9906,221.401611,-691.4144148797423,1398.6167383602951,41.53486364855928,-457.0423605251817
2026-09-01 15:00:00,37446.8477,35561.0664,3352.17749,1231.61963,215.691879,1994.470825194665,2157.3178390663525,39.602042621204674,640.7557602852507
2026-09-01 15:15:00,37446.8477,35561.0664,3352.17749,1231.61963,215.691879,1994.470825194665,2157.3178390663525,39.602042621204674,640.7557602852507
2026-09-01 15:30:00,32230.332,33125.9375,4871.623,1226.21631,193.800751,-404.3959527252955,-3009.677821451518,18.027949747391403,2161.4620573591724
2026-09-01 15:45:00,32230.332,33125.9375,4871.623,1226.21631,193.800751,-404.3959527252955,-3009.677821451518,18.027949747391403,2161.4620573591724
2026-09-01 16:00:00,31497.5273,32210.8652,4787.40527,1257.52063,180.79718,-1529.5541024385748,-4029.378570984256,3.1876248550824755,2069.9399141439794
2026-09-01 16:15:00,31545.0059,32735.332,4796.131,1230.24927,175.2938,-822.0669768593325,-3731.9649636311115,-0.7156316913954868,2085.029024098577
2026-09-01 16:30:00,31545.0059,32735.332,4796.131,1230.24927,175.2938,-822.0669768593325,-3731.9649636311115,-0.7156316913954868,2085.029024098577
2026-09-01 16:45:00,30619.4355,31909.2813,4974.762,1243.72229,174.36937,-1738.5362150963592,-4781.012130201205,-2.430579483385742,2260.516288494782
2026-09-01 17:00:00,33698.5664,33153.0039,3789.62134,1240.64575,184.749466,-474.166703741088,-1673.6855315810317,8.130029839371133,1076.0934948925537
2026-09-01 17:15:00,33698.5664,33153.0039,3789.62134,1240.64575,184.749466,-474.166703741088,-1673.6855315810317,8.130029839371133,1076.0934948925537
2026-09-01 17:30:00,31020.2031,31173.6816,4670.124,1257.64429,178.176788,-2567.5675948040844,-4507.83608311131,0.5599772115699011,1952.6297898600274
2026-09-01 17:45:00,31020.2031,31173.6816,4670.124,1257.64429,178.176788,-2567.5675948040844,-4507.83608311131,0.5599772115699011,1952.6297898600274
2026-09-01 18:00:00,32066.6914,32228.4727,4574.43164,1236.9624,181.2767,-1373.9786408872314,-3271.8035752233664,4.873381213881601,1861.7632516836984
2026-09-01 18:15:00,34477.25,33249.6328,4162.95947,1237.4563,184.761368,-356.13314414880733,-865.771441821722,8.329070058691144,1450.175837216258
2026-09-01 18:30:00,34477.25,33249.6328,4162.95947,1237.4563,184.761368,-356.13314414880733,-865.771441821722,8.329070058691144,1450.175837216258
2026-09-01 18:45:00,34298.668,32283.7266,4422.17334,1268.93933,186.892639,-1533.324531276281,-1332.8873225870848,8.613101511747487,1702.043594590706
2026-09-01 19:00:00,34298.668,32283.7266,4422.17334,1268.93933,186.892639,-1533.324531276281,-1332.8873225870848,8.613101511747487,1702.043594590706
2026-09-01 19:15:00,36228.92,34257.74,4101.124,1231.99561,187.92572,688.6211926895194,935.944378969878,11.813823319992878,1389.614540755248
2026-09-01 19:30:00,35698.1953,34461.76,4066.13184,1214.67053,186.546829,1008.911220377413,563.9995856996393,11.45146639978006,1358.664939204251
2026-09-01 19:45:00,36301.73,35160.9727,4127.87061,1219.31506,187.96167,1676.9540999957899,1124.9683616055772,12.59379362035773,1419.3199748726838
2026-09-01 20:00:00,36301.73,35160.9727,4127.87061,1219.31506,187.96167,1676.9540999957899,1124.9683616055772,12.59379362035773,1419.3199748726838
2026-09-01 20:15:00,37836.2578,35467.97,4181.59033,1237.67078,198.210236,1860.7646630438612,2491.2707040863243,21.765353630253742,1468.7566513904299
2026-09-01 20:30:00,37986.0664,35075.8164,4447.95361,1240.637,205.627945,1448.70451822396,2613.894659920763,29.009022238050846,1734.427806579312
2026-09-01 20:45:00,37986.0664,35075.8164,4447.95361,1240.637,205.627945,1448.70451822396,2613.894659920763,29.009022238050846,1734.427806579312
2026-09-01 21:00:00,38592.5625,36155.043,4178.44971,1220.022,209.466232,2666.2800678845524,3409.32193814528,34.05687652748401,1469.7341205827215
2026-09-01 21:15:00,38853.14,35975.6328,4224.165,1240.07983,213.44043,2352.260131625968,3486.074579812652,36.854198705751685,1510.769204192035
2026-09-01 21:30:00,38853.14,35975.6328,4224.165,1240.07983,213.44043,2352.260131625968,3486.074579812652,36.854198705751685,1510.769204192035
2026-09-01 21:45:00,39017.7,36206.9648,4402.27734,1240.88647,214.807648,2578.17870466724,3643.2419314690633,38.174087801635864,1688.693326339805
2026-09-01 22:00:00,39581.2344,36286.168,4165.72461,1243.83813,213.2895,2637.573073197178,4179.725125962483,36.48275370483603,1451.451868895454
2026-09-01 22:15:00,39581.2344,36286.168,4165.72461,1243.83813,213.2895,2637.573073197178,4179.725125962483,36.48275370483603,1451.451868895454
2026-09-01 22:30:00,39941.46,37072.2422,3761.75537,1231.42712,210.6639,3506.938575536602,4653.694443753229,34.58535897889999,1050.3785597272977
2026-09-01 22:45:00,36436.6445,35360.7461,4470.89844,1225.48828,199.768555,1835.2985160994067,1203.306886439961,24.038470277768624,1760.9073726975626
2026-09-01 23:00:00,36436.6445,35360.7461,4470.89844,1225.48828,199.768555,1835.2985160994067,1203.306886439961,24.038470277768624,1760.9073726975626
2026-09-01 23:15:00,35361.91,34895.81,4244.68,1208.42322,194.4309,1484.8874283184268,284.9692766787339,19.702092909018432,1538.6708192161673
2026-09-01 23:30:00,35361.91,34895.81,4244.68,1208.42322,194.4309,1484.8874283184268,284.9692766787339,19.702092909018432,1538.6708192161673
2026-09-01 23:45:00,35248.5625,34448.793,4440.85156,1210.36389,196.19577,1024.8464333566153,153.8360347604612,21.3530957757861,1734.3895517599458
2026-09-02 00:00:00,35248.5625,34448.793,4440.85156,1210.36389,196.19577,1024.8464333566153,153.8360347604612,21.3530957757861,1734.3895517599458
2026-09-02 00:15:00,34874.6875,34533.66,4624.583,1207.66113,195.041656,1127.8518765865301,-195.26886428110447,20.35756388042779,1918.7516419660988
2026-09-02 00:30:00,34057.88,33766.3672,5332.36035,1217.06506,186.6198,297.4485338660961,-1098.2609665047712,11.383940423715728,2624.3347200391972
2026-09-02 00:45:00,34057.88,33766.3672,5332.36035,1217.06506,186.6198,297.4485338660961,-1098.2609665047712,11.383940423715728,2624.3347200391972
2026-09-02 01:00:00,36219.9,34837.53,3942.89331,1236.93335,196.78093,1235.273616036735,881.6712605625871,20.3793156974983,1230.2317000837375
2026-09-02 01:15:00,36219.9,34837.53,3942.89331,1236.93335,196.78093,1235.273616036735,881.6712605625871,20.3793156974983,1230.2317000837375
2026-09-02 01:30:00,35192.02,33921.3867,4762.821,1222.83875,191.586731,413.7203284493662,-17.035351874801563,16.01210515821353,2053.4481624481546
2026-09-02 01:45:00,37178.92,34851.0352,4389.86133,1246.82751,196.543945,1182.3782997246453,1750.0138263475965,19.561799419670592,1674.8910600311551
2026-09-02 02:00:00,37178.92,34851.0352,4389.86133,1246.82751,196.543945,1182.3782997246453,1750.0138263475965,19.561799419670592,1674.8910600311551
2026-09-02 02:15:00,36896.1875,34636.2969,4498.982,1233.57556,201.454788,1056.5749191257928,1588.732043168966,25.250189120674918,1787.1038821273228
2026-09-02 02:30:00,38199.5625,35256.9375,4101.072,1245.70215,203.25946,1595.8329826492118,2780.969961599927,26.343343944038082,1386.3643166152387
2026-09-02 02:45:00,38199.5625,35256.9375,4101.072,1245.70215,203.25946,1595.8329826492118,2780.969961599927,26.343343944038082,1386.3643166152387
2026-09-02 03:00:00,38232.87,35557.81,3602.81,1234.87463,209.826584,1969.3698541956182,2913.508900399327,33.54576331234679,890.6287628110281
2026-09-02 03:15:00,37849.1641,35098.39,4110.40332,1231.02759,211.907928,1535.7676540162502,2565.0601335488245,35.852829055986916,1399.1197343113768
2026-09-02 03:30:00,37849.1641,35098.39,4110.40332,1231.02759,211.907928,1535.7676540162502,2565.0601335488245,35.852829055986916,1399.1197343113768
2026-09-02 03:45:00,37936.5273,34602.23,4238.113,1239.78674,222.486664,980.8242825673296,2572.1479743567106,45.917629507927785,1524.7855925317035
2026-09-02 04:00:00,37683.32,34090.8438,4480.407,1248.81,223.511154,408.8822473252949,2236.2448148744807,46.41268753411984,1764.9741444789065
2026-09-02 04:15:00,37683.32,34090.8438,4480.407,1248.81,223.511154,408.8822473252949,2236.2448148744807,46.41268753411984,1764.9741444789065
2026-09-02 04:30:00,38404.01,34788.2773,4151.311,1251.17639,229.868454,1090.4347106535788,2935.2474585398377,52.63114164820951,1435.325981378468
2026-09-02 04:45:00,38447.1367,34706.55,4143.68945,1239.065,233.5484,1089.9879386880202,3089.3719360143295,57.02171297799694,1430.5304501889827
2026-09-02 05:00:00,38447.1367,34706.55,4143.68945,1239.065,233.5484,1089.9879386880202,3089.3719360143295,57.02171297799694,1430.5304501889827
2026-09-02 05:15:00,38125.56,34346.9648,3966.3147,1248.69531,233.1791,665.7729412877743,2679.5359192562682,56.087362870643005,1250.9086057422605
2026-09-02 05:30:00,38125.56,34346.9648,3966.3147,1248.69531,233.1791,665.7729412877743,2679.5359192562682,56.087362870643005,1250.9086057422605
2026-09-02 05:45:00,37854.3945,34028.4766,4313.025,1257.92139,230.056046,285.3677644512718,2323.8157665861945,52.422976608809705,1595.466132557076
2026-09-02 06:00:00,37757.51,33069.37,4424.36,1281.63892,234.268616,-832.9091175784997,2009.5661980693112,55.243941055855544,1701.2669877628828
2026-09-02 06:15:00,37757.51,33069.37,4424.36,1281.63892,234.268616,-832.9091175784997,2009.5661980693112,55.243941055855544,1701.2669877628828
2026-09-02 07:30:00,37661.98,33413.58,4117.12646,1264.58923,213.1444,-374.2772546855267,2070.292226207217,35.12010086565303,1398.0117479128612
2026-09-02 07:45:00,37536.17,33477.8828,3910.63037,1275.04236,208.901,-380.1262643467271,1848.681975562824,30.263372506681804,1189.0765702434228
2026-09-02 08:00:00,37536.17,33477.8828,3910.63037,1275.04236,208.901,-380.1262643467271,1848.681975562824,30.263372506681804,1189.0765702434228
2026-09-02 08:15:00,36340.63,34275.14,4155.44775,1243.14087,196.197647,631.2244420373609,945.5109347099351,19.431811832084634,1441.3377044965223
2026-09-02 08:30:00,37039.0938,33352.7539,3763.92578,1274.3877,192.678528,-500.86168758781423,1357.6055662558356,14.079312115786848,1042.524735746672
2026-09-02 08:45:00,37039.0938,33352.7539,3763.92578,1274.3877,192.678528,-500.86168758781423,1357.6055662558356,14.079312115786848,1042.524735746672
2026-09-02 09:00:00,37227.5234,33781.6,3999.46362,1259.42981,196.05983,28.36803456297639,1683.1203848565056,18.338255370355824,1281.552784426733
2026-09-02 09:15:00,36759.03,33690.96,4000.96533,1265.95361,197.8678,-106.05372036284098,1154.8380340681906,19.76344704957947,1281.5322594465997
2026-09-02 09:30:00,36759.03,33690.96,4000.96533,1265.95361,197.8678,-106.05372036284098,1154.8380340681906,19.76344704957947,1281.5322594465997
2026-09-02 09:45:00,36172.18,33945.56,3782.51172,1245.71094,197.632019,284.39649224089226,753.5069035084089,20.71538719839299,1067.8019855950552
2026-09-02 10:00:00,35693.32,33486.5742,3989.10156,1243.20178,195.245468,-157.7501299502037,297.6427102100279,18.47605899053238,1274.9773020233256
2026-09-02 10:15:00,35693.32,33486.5742,3989.10156,1243.20178,195.245468,-157.7501299502037,297.6427102100279,18.47605899053238,1274.9773020233256
2026-09-02 10:30:00,34144.04,29524.4883,3370.66431,1342.36145,195.385208,-4785.304678661891,-2160.410187459369,12.797691143673859,633.4025679967681
2026-09-02 10:45:00,35559.37,31868.8457,3523.79932,1313.1637,201.4075,-2244.998792367802,-477.4903107188875,20.53313586378289,793.3504533747964
2026-09-02 11:00:00,35559.37,31868.8457,3523.79932,1313.1637,201.4075,-2244.998792367802,-477.4903107188875,20.53313586378289,793.3504533747964
2026-09-02 11:15:00,34200.3125,32933.3125,3351.81616,1242.58313,195.0589,-706.8600192440499,-1189.6950214946264,18.325789744042368,637.8362551105533
2026-09-02 11:30:00,34200.3125,32933.3125,3351.81616,1242.58313,195.0589,-706.8600192440499,-1189.6950214946264,18.325789744042368,637.8362551105533
2026-09-02 11:45:00,34099.1953,33130.332,3402.20142,1240.67688,193.82782,-497.0475197150372,-1273.341930032555,17.206557313553986,688.6663111544053
2026-09-02 12:00:00,34043.0234,33774.0742,3554.498,1213.3634,197.242462,329.99767662625527,-1079.1928037016405,22.223794121634853,847.3360992057201
2026-09-02 12:15:00,34043.0234,33774.0742,3554.498,1213.3634,197.242462,329.99767662625527,-1079.1928037016405,22.223794121634853,847.3360992057201
2026-09-02 12:30:00,34325.13,34069.48,3578.13037,1211.625,196.115082,637.0700210885407,-781.1542143625411,21.198413237615995,871.3740998641492
2026-09-02 12:45:00,33407.69,32147.8574,4094.177,1251.73132,192.651718,-1553.7093699253746,-2066.158332327599,15.381845610570622,1378.062496437556
2026-09-02 13:00:00,33407.69,32147.8574,4094.177,1251.73132,192.651718,-1553.7093699253746,-2066.158332327599,15.381845610570622,1378.062496437556
2026-09-02 13:15:00,35444.2539,32955.31,3323.69043,1264.39246,193.725342,-831.2267151354536,-145.63052730046184,15.71258817516275,604.6216313646901
2026-09-02 13:30:00,35444.2539,32955.31,3323.69043,1264.39246,193.725342,-831.2267151354536,-145.63052730046184,15.71258817516275,604.6216313646901
2026-09-02 13:45:00,35019.45,30712.1484,3612.82983,1322.16919,194.799057,-3462.1326716876647,-1099.9433127169177,13.396303529350803,880.2796616961368
2026-09-02 14:00:00,34587.9648,30844.1523,3482.968,1307.81409,193.108353,-3233.7905224869464,-1399.8677095866224,12.547872602188164,753.7673879920544
2026-09-02 14:15:00,34587.9648,30844.1523,3482.968,1307.81409,193.108353,-3233.7905224869464,-1399.8677095866224,12.547872602188164,753.7673879920544
2026-09-02 14:30:00,33844.81,30808.2031,3703.21948,1295.3114,198.977951,-3185.8331481754285,-2028.4385681519489,19.15105512093291,976.9361910344169
2026-09-02 14:45:00,33844.81,30808.2031,3703.21948,1295.3114,198.977951,-3185.8331481754285,-2028.4385681519489,19.15105512093291,976.9361910344169
2026-09-02 15:00:00,34966.5547,32689.4688,3245.59473,1258.99463,192.6774,-1060.8426368940527,-573.8600022577448,14.981359180349301,527.7854374260055
2026-09-02 15:15:00,33681.6133,29962.584,3406.9624,1325.9364,199.46582,-4236.979125854577,-2472.305524427764,17.84202874189384,673.5332073790964
2026-09-02 15:30:00,33681.6133,29962.584,3406.9624,1325.9364,199.46582,-4236.979125854577,-2472.305524427764,17.84202874189384,673.5332073790964
2026-09-02 15:45:00,31927.57,29286.9551,3313.62427,1309.99377,194.1621,-4805.6157330906935,-4080.2387167441557,13.473728763991147,583.9150609870117
2026-09-02 17:15:00,31320.4531,27977.6211,2677.97241,1346.22522,189.181335,-6358.101954879694,-5019.407546760296,6.367114781758119,-60.19088720866284
2026-09-02 17:30:00,31320.4531,27977.6211,2677.97241,1346.22522,189.181335,-6358.101954879694,-5019.407546760296,6.367114781758119,-60.19088720866284
2026-09-02 17:45:00,32356.0625,29852.49,3104.387,1304.37244,193.6019,-4202.355628084839,-3600.228171627059,13.243355438311255,375.98944756153514
2026-09-02 18:00:00,32452.4629,29869.9375,3292.67,1289.06677,196.859848,-4082.190525933416,-3363.5552386842683,17.399350383489946,567.8438057068452
2026-09-02 18:15:00,32452.4629,29869.9375,3292.67,1289.06677,196.859848,-4082.190525933416,-3363.5552386842683,17.399350383489946,567.8438057068452
2026-09-02 18:30:00,30449.375,29955.2559,3448.54443,1261.947,181.4331,-3814.8691332321287,-5118.097414731899,3.5638314249137295,730.0462443133574
2026-09-02 18:45:00,31595.0684,31354.5313,3272.4502,1243.1543,184.362381,-2289.4743877901383,-3800.1737477893803,7.59575783845392,558.3370207990174
2026-09-02 19:00:00,31595.0684,31354.5313,3272.4502,1243.1543,184.362381,-2289.4743877901383,-3800.1737477893803,7.59575783845392,558.3370207990174
2026-09-02 19:15:00,32532.1621,30722.541,3023.10962,1264.42151,182.702759,-3064.1906720594234,-3057.9885630864155,4.688300691546033,304.03404296465123
2026-09-02 19:30:00,32532.1621,30722.541,3023.10962,1264.42151,182.702759,-3064.1906720594234,-3057.9885630864155,4.688300691546033,304.03404296465123
2026-09-02 19:45:00,32066.3984,31686.9648,3023.60815,1256.80151,175.197021,-2048.6284293519857,-3453.9169209534666,-2.37034040108162,306.31059046190967
2026-09-02 20:00:00,33562.45,30934.4043,2878.88916,1283.797,186.422058,-2982.357868817093,-2205.2720506380792,7.27075957897074,155.2925908074394
2026-09-02 20:15:00,33562.45,30934.4043,2878.88916,1283.797,186.422058,-2982.357868817093,-2205.2720506380792,7.27075957897074,155.2925908074394
2026-09-02 20:30:00,30961.8242,30216.7949,3461.491,1263.28723,175.770676,-3562.3245262859054,-4617.931078325975,-2.1772294108037897,742.6800909025501
2026-09-02 20:45:00,28257.5273,29558.957,3231.9812,1256.23572,160.501572,-4172.839166425558,-7257.602700976371,-17.032592162338517,514.8156594277593
2026-09-02 21:00:00,28257.5273,29558.957,3231.9812,1256.23572,160.501572,-4172.839166425558,-7257.602700976371,-17.032592162338517,514.8156594277593
2026-09-02 21:15:00,28048.2813,30006.2324,3170.28,1266.23328,161.440536,-3792.6582085875125,-7558.473769623979,-16.68022634570724,450.7816724710806
2026-09-02 23:45:00,32401.9551,27047.1172,2330.9646,1395.44983,191.136642,-7618.956235231504,-4389.036449740779,5.4342103778723185,-418.6845525729309
2026-09-03 00:00:00,33133.3359,36594.09,3146.66235,1165.87451,181.498642,3468.715298214782,-1553.6568285488538,9.266343656220869,450.58129925104504
2026-09-03 00:15:00,33133.3359,36594.09,3146.66235,1165.87451,181.498642,3468.715298214782,-1553.6568285488538,9.266343656220869,450.58129925104504
2026-09-03 00:30:00,31114.4883,33159.4961,3513.456,1229.75891,186.965,-394.6120308270547,-4157.988540223199,10.984339757357674,802.4684425578885
2026-09-03 00:45:00,33771.0078,34039.3125,3202.71753,1259.35449,205.435776,286.5860132381349,-1772.7049266960603,27.718620706190904,484.8242692663516
2026-09-03 01:00:00,33771.0078,34039.3125,3202.71753,1259.35449,205.435776,286.5860132381349,-1772.7049266960603,27.718620706190904,484.8242692663516
2026-09-03 01:15:00,34061.34,33826.12,2982.13232,1255.7334,209.880783,97.69494414410292,-1449.1863672414402,32.37609202906714,265.08398858120063
2026-09-03 01:30:00,35185.6563,35166.1563,2917.21143,1233.52551,213.147629,1586.7702087658909,-121.34046144077729,36.94596676112292,205.34499057558196
2026-09-03 01:45:00,34319.02,35365.01,3145.12476,1219.93481,212.712051,1876.8322070997383,-863.4214879071442,37.30781132529947,436.42951511626325
2026-09-03 02:00:00,34319.02,35365.01,3145.12476,1219.93481,212.712051,1876.8322070997383,-863.4214879071442,37.30781132529947,436.42951511626325
2026-09-03 02:15:00,33450.93,34489.94,3579.337,1220.797,204.918228,995.9759795514547,-1739.413237727822,29.463400072994034,870.4405754698118
2026-09-03 02:30:00,35501.05,35026.0234,3053.68066,1240.18591,218.005569,1401.938820077099,133.01238386862678,41.4131135535294,340.26011194845114
2026-09-03 02:45:00,35501.05,35026.0234,3053.68066,1240.18591,218.005569,1401.938820077099,133.01238386862678,41.4131135535294,340.26011194845114
2026-09-03 03:00:00,35895.7227,35382.62,3199.65649,1241.32092,218.138611,1750.918275213924,517.2830088457486,41.47955982376081,485.9711036755425
2026-09-03 03:15:00,34784.5,34439.0,3420.37842,1237.721,212.255569,831.4576325198723,-560.947349310256,35.80774001520277,707.5330232751135
2026-09-03 03:30:00,34784.5,34439.0,3420.37842,1237.721,212.255569,831.4576325198723,-560.947349310256,35.80774001520277,707.5330232751135
2026-09-03 03:45:00,32744.6816,34814.8945,3570.14063,1203.70715,201.9252,1435.6218594863094,-2289.0375535085514,27.47310423604617,865.2318763786725
2026-09-03 04:00:00,31656.0156,34871.5039,3444.0083,1203.91565,189.844391,1490.8319989476659,-3379.6144024369933,15.380061678934993,739.0508958999094
2026-09-03 04:15:00,31656.0156,34871.5039,3444.0083,1203.91565,189.844391,1490.8319989476659,-3379.6144024369933,15.380061678934993,739.0508958999094
2026-09-03 04:30:00,31856.9043,33268.8242,3494.64624,1251.084,196.460144,-428.39835250629403,-3611.0115108486607,19.228252551526055,778.6827792572835
2026-09-03 09:15:00,37949.74,35120.7266,2946.34985,1276.97668,234.610291,1249.7361560603822,2244.524429763005,55.859168954205614,224.3447044684499
2026-09-03 09:30:00,38404.875,35955.12,2983.3916,1244.20227,236.908981,2304.081299899619,3000.0284764238604,60.08086910538057,269.03389205930534
2026-09-03 10:30:00,33969.2578,36442.1055,3318.216,1197.27771,222.886429,3105.9813567410165,-1005.5371878755686,48.811575065460346,614.8074638088005
2026-09-03 10:45:00,33969.2578,36442.1055,3318.216,1197.27771,222.886429,3105.9813567410165,-1005.5371878755686,48.811575065460346,614.8074638088005
2026-09-04 00:30:00,34084.53,33822.3242,2611.305,1253.07654,282.177124,111.72954872306582,-1401.6469279895537,104.8283219909203,-105.1233913180431
2026-09-04 00:45:00,35084.32,34300.13,2627.08887,1253.42981,280.285431,587.1645248837885,-405.0945567710951,102.91590117931042,-89.42195179589817
2026-09-04 01:00:00,33651.9336,34373.68,3033.319,1223.389,263.204681,862.3208557328617,-1562.1646517447007,87.59776971552566,323.8177695179884
2026-09-04 01:15:00,33457.7148,34746.3,2764.20581,1213.38757,256.285065,1302.0612697810793,-1664.7229155414461,81.26497896779608,57.038269483552995
2026-09-04 01:30:00,33457.7148,34746.3,2764.20581,1213.38757,256.285065,1302.0612697810793,-1664.7229155414461,81.26497896779608,57.038269483552995
2026-09-04 01:45:00,32344.123,33660.5,2941.88672,1225.20166,243.217728,136.97594634204142,-2886.5878149035925,67.50446045829239,231.9625313557076
2026-09-04 02:00:00,31712.8613,33719.2461,2990.82544,1219.13379,236.357574,236.4440177791912,-3462.2390454195593,61.00033348077761,282.31710162225454
2026-09-04 02:15:00,32528.79,34229.9336,2654.31836,1216.82227,236.662689,762.6443173969237,-2625.1258585367323,61.441074916910054,-53.65061840330145
2026-09-04 02:30:00,32528.79,34229.9336,2654.31836,1216.82227,236.662689,762.6443173969237,-2625.1258585367323,61.441074916910054,-53.65061840330145
2026-09-04 02:45:00,31258.6426,34208.87,2729.92,1202.74133,224.426544,836.0790564332565,-3766.225061364348,50.031116888943615,25.236606596416095
2026-09-04 03:00:00,31058.4043,34501.67,2717.25977,1192.81421,220.808228,1195.5007699988419,-3875.4838572180342,46.9952660662552,14.892727391348217
2026-09-04 03:15:00,31058.4043,34501.67,2717.25977,1192.81421,220.808228,1195.5007699988419,-3875.4838572180342,46.9952660662552,14.892727391348217
2026-09-04 03:30:00,32485.2949,34242.8047,2476.49316,1222.86987,228.0826,734.9294795862297,-2724.045658678886,52.50614821913777,-232.88693895663755
2026-09-04 03:45:00,31432.7617,34790.29,2362.836,1198.45374,221.648254,1446.2734233056908,-3552.8113006588574,47.50439752268122,-340.8469458916329
2026-09-04 04:00:00,31092.31,34592.4,2432.5896,1195.10852,214.95903,1270.833468097524,-3862.6049188727593,41.011451411983074,-270.3127868769111
2026-09-04 04:15:00,31092.31,34592.4,2432.5896,1195.10852,214.95903,1270.833468097524,-3862.6049188727593,41.011451411983074,-270.3127868769111
2026-09-04 04:30:00,31960.2441,34008.5352,2408.71216,1221.87622,215.389786,507.32844593744085,-3239.9899117352725,39.87163577320737,-300.4360850083235
2026-09-04 04:45:00,31849.207,34482.6172,2314.57178,1216.63965,220.478592,1016.5534951406589,-3303.0351931587393,45.26769298741192,-393.3545866506306
2026-09-04 05:00:00,30070.33,33926.3672,2460.601,1206.4679,207.993561,528.5669406274465,-4988.690717917154,33.37948061832594,-244.95193496063894
2026-09-04 05:15:00,30266.5977,34030.1328,2494.07153,1204.91125,211.251389,642.7793459870954,-4778.156720629588,36.728643710302464,-211.11818305288216
2026-09-04 05:30:00,30266.5977,34030.1328,2494.07153,1204.91125,211.251389,642.7793459870954,-4778.156720629588,36.728643710302464,-211.11818305288216
2026-09-04 05:45:00,31265.2441,33611.8242,2500.1062,1226.99365,208.137253,76.27395501037245,-3981.8898428233842,32.31884199542594,-210.23612375911034
2026-09-04 06:00:00,31337.5469,34325.4531,2269.345,1221.11926,203.788925,829.3263663563193,-3855.749767827001,28.315188746305097,-439.626619270171
2026-09-04 06:15:00,31337.5469,34325.4531,2269.345,1221.11926,203.788925,829.3263663563193,-3855.749767827001,28.315188746305097,-439.626619270171
2026-09-04 06:30:00,30264.9863,34898.64,2299.08472,1186.82031,195.863159,1632.6963227211672,-4613.969303778304,22.401883962987313,-401.88373217862363
2026-09-04 06:45:00,30423.2813,34672.2773,2070.13086,1204.62634,193.43071,1286.8359002799843,-4618.861993683775,18.92468155805568,-634.9923733986634
2026-09-04 07:00:00,30423.2813,34672.2773,2070.13086,1204.62634,193.43071,1286.8359002799843,-4618.861993683775,18.92468155805568,-634.9923733986634
2026-09-04 07:15:00,31839.0938,35198.3359,2115.36133,1218.86536,203.458817,1717.3352734453292,-3333.546453439416,28.117326378788903,-593.0843740947021
2026-09-04 07:30:00,32019.3066,35446.4727,1837.194,1205.14563,204.277573,2057.546302653529,-3027.5958531084725,29.74107566658199,-868.0504022577388
2026-09-04 07:45:00,32019.3066,35446.4727,1837.194,1205.14563,204.277573,2057.546302653529,-3027.5958531084725,29.74107566658199,-868.0504022577388
2026-09-04 08:00:00,27311.8047,34247.7539,3022.5166,1192.24231,184.933212,945.4227376345953,-7616.842140660832,11.153805803962001,320.2830020378942
2026-09-04 08:15:00,30105.8926,35065.1875,2123.05933,1190.45166,200.686676,1774.8735361167492,-4806.343393496747,27.012334643487776,-578.7564455170314
2026-09-04 08:30:00,29997.4238,34961.72,2306.23828,1196.53418,202.7888,1630.5857473323922,-4970.55692646663,28.757572044927343,-396.9967641505518
2026-09-04 08:45:00,28330.57,33909.96,2513.97217,1203.84155,192.554459,529.7853901031267,-6704.380894976093,18.09447743232559,-190.96794392994025
2026-09-04 09:00:00,28330.57,33909.96,2513.97217,1203.84155,192.554459,529.7853901031267,-6704.380894976093,18.09447743232559,-190.96794392994025
2026-09-04 09:15:00,30625.8535,34928.7344,2032.56641,1197.72717,206.656281,1589.5938939510888,-4353.060673292242,32.55505538882156,-670.9470012232623
2026-09-04 09:30:00,28986.082,33540.9727,2294.20361,1212.25854,203.744751,104.31098237555852,-6126.008445682088,28.790909826238476,-412.70048759060273
2026-09-04 09:45:00,28986.082,33540.9727,2294.20361,1212.25854,203.744751,104.31098237555852,-6126.008445682088,28.790909826238476,-412.70048759060273
2026-09-04 10:00:00,29414.4219,34252.5,2106.91187,1206.89648,212.193085,851.8235052238306,-5648.526643498692,37.55385805762231,-598.7410679447567
2026-09-04 11:00:00,28295.77,34386.7656,2569.0603,1187.85388,221.333084,1113.8855499876809,-6592.658007264963,47.811165137455475,-132.14932088526893
2026-09-04 11:15:00,28295.77,34386.7656,2569.0603,1187.85388,221.333084,1113.8855499876809,-6592.658007264963,47.811165137455475,-132.14932088526893
2026-09-04 11:30:00,28361.0332,34096.5273,2399.24561,1201.44763,238.8704,732.4184828545913,-6651.9780332649425,64.55087961716768,-305.13591709962066
2026-09-04 11:45:00,29923.8672,34315.4961,2294.461,1214.35754,256.124878,864.7478218449905,-5207.460041369362,81.04787981723922,-412.9328690770526
2026-09-04 12:00:00,29923.8672,34315.4961,2294.461,1214.35754,256.124878,864.7478218449905,-5207.460041369362,81.04787981723922,-412.9328690770526
2026-09-04 12:15:00,29691.2188,34994.65,2260.27124,1185.80737,257.126221,1735.5042458387616,-5178.4534689410175,83.72437934111773,-440.46085718601535
2026-09-04 12:30:00,29781.2148,34519.52,2442.63013,1202.9325,262.643555,1145.4460989408108,-5245.404885295517,88.23691115458894,-262.09787017588724
2026-09-04 12:45:00,29781.2148,34519.52,2442.63013,1202.9325,262.643555,1145.4460989408108,-5245.404885295517,88.23691115458894,-262.09787017588724
2026-09-04 13:00:00,27184.8066,35155.1836,2375.341,1165.43567,246.975708,2032.7539893168432,-7498.164272703496,74.76915821354783,-320.6376537412784
2026-09-04 13:15:00,30815.58,34152.8242,2471.26025,1240.969,268.458649,523.4842390928752,-4559.6344347758495,91.82024642528864,-242.3430208497025
2026-09-04 13:30:00,28847.92,33364.96,2656.569,1221.76953,254.746552,-135.53074875383027,-6351.336225297979,79.23466171665194,-52.5543504300058
2026-09-04 13:45:00,31214.36,34119.49,2281.655,1234.99121,275.656219,530.2674762886818,-4106.069525346851,99.36855808170884,-430.5534394566657
2026-09-04 14:00:00,31214.36,34119.49,2281.655,1234.99121,275.656219,530.2674762886818,-4106.069525346851,99.36855808170884,-430.5534394566657
2026-09-04 14:15:00,31932.2051,36066.84,2357.31177,1189.17615,264.8389,2785.086087961594,-2968.3411720736476,91.23939808919943,-344.2063835881695
2026-09-04 14:30:00,30892.8359,34245.47,2844.00269,1216.835,266.5017,778.0952853266281,-4261.196625715915,91.27933899517376,136.03074123413398
2026-09-04 14:45:00,33230.06,34441.5156,2527.99487,1242.11218,282.81308,804.5036646920489,-2155.631385749548,106.10760232783855,-185.87514547470437
2026-09-04 15:00:00,33230.06,34441.5156,2527.99487,1242.11218,282.81308,804.5036646920489,-2155.631385749548,106.10760232783855,-185.87514547470437
2026-09-04 15:15:00,32447.91,33958.78,3071.7522,1237.77966,277.796783,350.84396046616894,-2898.0749531382717,101.34551219045392,358.8931158070832
2026-09-04 15:30:00,32447.91,33958.78,3071.7522,1237.77966,277.796783,350.84396046616894,-2898.0749531382717,101.34551219045392,358.8931158070832
2026-09-04 15:45:00,31869.66,33012.17,3392.177,1232.39331,275.638916,-559.6178045105771,-3426.960439345905,99.50368461657266,680.5747431753721
2026-09-04 16:00:00,32870.6445,34286.1367,2748.4563,1223.40564,278.376373,774.6658833330439,-2343.6062530692507,102.76848537792216,38.951186813112145
2026-09-04 16:15:00,32027.166,33370.9141,3393.321,1232.18457,275.047974,-199.472833312313,-3267.541390879127,98.92499025547619,681.7674496546865
2026-09-04 16:30:00,32027.166,33370.9141,3393.321,1232.18457,275.047974,-199.472833312313,-3267.541390879127,98.92499025547619,681.7674496546865
2026-09-04 16:45:00,32861.5625,33718.0039,3487.85986,1233.32263,281.637756,139.97935302527185,-2443.574918368344,105.4479975695964,776.0407597081075
2026-09-04 17:00:00,34256.3633,34710.7539,2779.11768,1224.17749,285.2265,1194.1031349073528,-964.9612600017135,109.57332474695687,69.4324667074352
2026-09-04 17:15:00,33196.1445,33826.13,3427.5752,1223.02087,277.4845,317.2414062464886,-2014.5799348812652,101.89918842477908,718.1598673632989
2026-09-04 17:30:00,32610.36,33390.4922,3760.95947,1245.80237,266.154327,-271.28490196077473,-2809.151028949753,89.23233062224588,1046.2284017184438
2026-09-04 17:45:00,34721.543,34337.6836,3333.038,1250.06189,279.365479,647.3205112306678,-737.0054353174928,102.19355897147281,617.3130339376144
2026-09-04 18:00:00,34721.543,34337.6836,3333.038,1250.06189,279.365479,647.3205112306678,-737.0054353174928,102.19355897147281,617.3130339376144
2026-09-04 18:15:00,35238.625,34733.6953,2963.1438,1246.6438,278.6639,1066.271292547448,-188.5975187044678,101.69253344497943,248.21639611966202
2026-09-04 18:30:00,35238.625,34733.6953,2963.1438,1246.6438,278.6639,1066.271292547448,-188.5975187044678,101.69253344497943,248.21639611966202
2026-09-04 18:45:00,33933.4063,34352.15,3724.21558,1239.22388,267.0876,734.5216820243222,-1425.814558363374,90.55159083145583,1011.0195078241582
2026-09-04 19:00:00,34399.0352,35339.96,3152.59229,1221.667,265.511322,1840.1573384549338,-799.2813641918183,90.00544757569565,443.4928634720932
2026-09-04 19:15:00,34399.0352,35339.96,3152.59229,1221.667,265.511322,1840.1573384549338,-799.2813641918183,90.00544757569565,443.4928634720932
2026-09-04 19:30:00,34055.6172,34297.293,3266.33618,1247.40271,265.038971,624.7758855192151,-1378.5605338617024,88.0230760573188,551.2316953770314
2026-09-04 19:45:00,33022.5547,34239.1523,4084.925,1224.51563,263.2231,720.2322497345012,-2201.8688262207215,87.55008467500687,1375.160886597656
2026-09-04 20:00:00,33022.5547,34239.1523,4084.925,1224.51563,263.2231,720.2322497345012,-2201.8688262207215,87.55008467500687,1375.160886597656
2026-09-04 20:15:00,33596.9453,34322.7148,3080.00244,1246.554,261.4387,655.8934476859213,-1829.4542247774953,84.47260238228677,365.09598965919713
2026-09-04 20:30:00,32223.33,34492.8164,3685.44849,1214.515,249.879364,1041.0113949173465,-2909.4403218119114,74.79312698796952,978.0178798947172
2026-09-04 20:45:00,32223.33,34492.8164,3685.44849,1214.515,249.879364,1041.0113949173465,-2909.4403218119114,74.79312698796952,978.0178798947172
2026-09-04 21:00:00,34496.1367,34713.99,2777.72437,1241.88293,275.9098,1078.516580176387,-887.4536684025588,99.21777337324738,63.90784671837264
2026-09-04 21:15:00,32631.8184,34343.8633,3538.94556,1224.63916,262.274353,824.1142298096092,-2593.7372469311777,86.5940896591319,829.1526226473361
2026-09-04 21:30:00,32631.8184,34343.8633,3538.94556,1224.63916,262.274353,824.1142298096092,-2593.7372469311777,86.5940896591319,829.1526226473361
2026-09-04 21:45:00,34843.2148,35313.55,2737.75854,1230.9176,265.7207,1751.6658058946487,-439.88113636178605,89.6720546240764,26.50061889727158
2026-09-04 22:00:00,35308.9141,34706.0469,2712.61646,1249.36816,266.061035,1020.3394899523846,-143.27647811303905,88.9298189790255,-2.946634136089415
2026-09-04 22:15:00,35308.9141,34706.0469,2712.61646,1249.36816,266.061035,1020.3394899523846,-143.27647811303905,88.9298189790255,-2.946634136089415
2026-09-04 22:30:00,34000.1445,34856.1563,3037.063,1228.261,258.864655,1312.1007655923604,-1258.6043799430918,82.97188333065455,326.4249583307651
2026-09-04 22:45:00,34979.918,34674.3164,2486.433,1241.41577,263.307556,1041.9781291127729,-399.3909670336943,86.64293958207253,-227.27451820892156
2026-09-04 23:00:00,34979.918,34674.3164,2486.433,1241.41577,263.307556,1041.9781291127729,-399.3909670336943,86.64293958207253,-227.27451820892156
2026-09-04 23:15:00,34308.1328,34524.37,2697.50684,1238.0769,253.303329,914.4391585356861,-1040.5762813660476,76.83461789061826,-15.421600875447439
2026-09-04 23:30:00,33951.6367,34233.5469,2650.90747,1235.17126,262.534,643.1160460249739,-1370.442937335174,86.23577480373342,-61.34298153676855
2026-09-04 23:45:00,33951.6367,34233.5469,2650.90747,1235.17126,262.534,643.1160460249739,-1370.442937335174,86.23577480373342,-61.34298153676855
2026-09-05 00:00:00,31732.4082,31204.67,2790.93164,1287.55615,245.683929,-2737.320131665343,-4069.765494519841,66.31206570504045,66.45792717557288
2026-09-05 00:15:00,32896.4258,31476.0625,2677.90674,1300.3241,246.367981,-2551.614387513946,-3022.762875699176,66.24696928529181,-49.546190475886306
2026-09-05 00:30:00,32896.4258,31476.0625,2677.90674,1300.3241,246.367981,-2551.614387513946,-3022.762875699176,66.24696928529181,-49.546190475886306
2026-09-05 00:45:00,33610.47,32248.6035,2724.571,1281.84058,247.621368,-1655.028974318182,-2139.3219640165844,68.58486082982657,1.4309332998254831
2026-09-05 01:00:00,33475.1328,31795.78,2850.66016,1297.72913,243.367569,-2214.481831782643,-2420.2736423953975,63.39881490494065,123.81272848275694
2026-09-05 01:15:00,33475.1328,31795.78,2850.66016,1297.72913,243.367569,-2214.481831782643,-2420.2736423953975,63.39881490494065,123.81272848275694
2026-09-05 01:45:00,31230.2363,32558.7734,2676.01465,1244.04724,231.84169,-1091.2248811013196,-4173.189413459226,55.02267435650262,-38.306883918043695
2026-09-05 02:00:00,31230.2363,32558.7734,2676.01465,1244.04724,231.84169,-1091.2248811013196,-4173.189413459226,55.02267435650262,-38.306883918043695
2026-09-05 02:15:00,33414.65,32608.1855,2324.27979,1265.82922,250.553238,-1187.9934289076773,-2188.4019635423174,72.45618352521043,-395.1242559344387
2026-09-05 02:30:00,32822.12,32453.42,2667.496,1276.49011,252.554,-1414.3050329070538,-2878.636281205283,73.83142702798779,-54.3956114142743
2026-09-05 02:45:00,32822.12,32453.42,2667.496,1276.49011,252.554,-1414.3050329070538,-2878.636281205283,73.83142702798779,-54.3956114142743
2026-09-05 03:00:00,32592.23,32649.6445,2800.59033,1257.28247,248.545868,-1089.1764912161052,-2932.4931957765984,70.95028668703259,83.18054535751571
2026-09-05 03:15:00,32802.3125,33040.1836,3025.84326,1255.215,248.3144,-684.7624310921819,-2703.4628644380573,70.84012570056083,308.91588977156516
2026-09-05 03:30:00,32802.3125,33040.1836,3025.84326,1255.215,248.3144,-684.7624310921819,-2703.4628644380573,70.84012570056083,308.91588977156516
2026-09-05 03:45:00,32799.35,33081.1875,3077.77856,1255.771,248.777069,-647.4898925285743,-2711.5209615805725,71.27017188159769,360.72145516152887
2026-09-05 04:00:00,32513.07,32632.2129,3055.6853,1255.07007,242.601425,-1091.7604940184829,-2991.3771182260753,65.1356543429211,338.79174710435746
2026-09-05 04:15:00,32513.07,32632.2129,3055.6853,1255.07007,242.601425,-1091.7604940184829,-2991.3771182260753,65.1356543429211,338.79174710435746
2026-09-05 04:30:00,31981.6387,31781.8555,3204.542,1265.34387,242.3832,-2011.0662053948072,-3616.965155497146,64.31462301654813,485.25120351336864
2026-09-05 04:45:00,32389.8418,32436.7617,3310.98145,1256.29858,244.8677,-1295.4563250224783,-3125.8642967252563,67.32984758154632,593.8012419500851
2026-09-05 05:00:00,32389.8418,32436.7617,3310.98145,1256.29858,244.8677,-1295.4563250224783,-3125.8642967252563,67.32984758154632,593.8012419500851
2026-09-05 05:15:00,32883.5234,32534.416,3288.82959,1244.08411,247.2024,-1115.8297186843374,-2520.240217535924,70.3812210411516,574.4994529972942
2026-09-05 05:30:00,32259.58,32096.4121,3545.22754,1263.15967,237.965454,-1681.8512607016892,-3319.006223700977,60.02503306183459,826.4463951954567
2026-09-05 05:45:00,32259.58,32096.4121,3545.22754,1263.15967,237.965454,-1681.8512607016892,-3319.006223700977,60.02503306183459,826.4463951954567
2026-09-05 06:00:00,31897.1328,32231.2285,3509.5896,1264.31873,231.926926,-1554.8134070802298,-3692.0759107944978,53.91849821912345,790.5380052006572
2026-09-05 06:15:00,32207.332,32289.6563,3517.95068,1261.86987,232.39476,-1479.951107499055,-3359.4335380995217,54.53001696093284,799.4704914904651
2026-09-05 06:30:00,32207.332,32289.6563,3517.95068,1261.86987,232.39476,-1479.951107499055,-3359.4335380995217,54.53001696093284,799.4704914904651
2026-09-05 06:45:00,32316.9883,31778.2773,3806.514,1259.04846,238.5186,-1972.3953944230452,-3223.919740376772,60.819400751671594,1088.6921469690665
2026-09-05 07:00:00,34004.61,34412.65,3641.03174,1222.119,245.451553,909.8139295174333,-1197.8490280558763,69.91915786675438,931.8268457675313
2026-09-05 07:15:00,34004.61,34412.65,3641.03174,1222.119,245.451553,909.8139295174333,-1197.8490280558763,69.91915786675438,931.8268457675313
2026-09-05 07:30:00,34054.31,33763.0234,3797.889,1230.448,250.644028,204.29072987041582,-1224.4821730198382,74.62293599779056,1086.7406533089143
2026-09-05 07:45:00,33399.63,34256.2227,3516.951,1232.76526,254.51181,681.9387086436182,-1900.399265527849,78.35475477212421,805.2619539879565
2026-09-05 08:00:00,33399.63,34256.2227,3516.951,1232.76526,254.51181,681.9387086436182,-1900.399265527849,78.35475477212421,805.2619539879565
2026-09-05 08:15:00,33883.2344,34505.918,3424.541,1226.82,267.262146,971.5331343510697,-1362.3080851906561,91.45392375893843,714.2391949729631
2026-09-05 08:30:00,33363.5469,34583.61,3346.13452,1219.61584,275.502655,1097.5728408360083,-1815.9713098126304,100.11713061408486,637.5137021820246
2026-09-05 08:45:00,33363.5469,34583.61,3346.13452,1219.61584,275.502655,1097.5728408360083,-1815.9713098126304,100.11713061408486,637.5137021820246
2026-09-05 09:00:00,31981.7422,34477.93,3121.48364,1211.1925,262.343323,1048.422563932494,-3120.578262988194,87.45203080092813,414.8282875239347
2026-09-05 09:15:00,29998.5313,34497.875,3356.99268,1181.2627,242.102509,1269.228897599809,-4829.490236089132,68.96732192143634,657.3210162495834
2026-09-05 09:30:00,29998.5313,34497.875,3356.99268,1181.2627,242.102509,1269.228897599809,-4829.490236089132,68.96732192143634,657.3210162495834
2026-09-05 11:15:00,25615.043,31165.36,2519.11963,1236.44775,223.408752,-2433.6374826799583,-9718.735340206473,47.035629857369656,-193.42867213454747
2026-09-05 11:30:00,25615.043,31165.36,2519.11963,1236.44775,223.408752,-2433.6374826799583,-9718.735340206473,47.035629857369656,-193.42867213454747
2026-09-05 11:45:00,27243.5566,30857.0117,2551.42871,1260.04688,235.567749,-2900.361472634064,-8306.501703144804,57.809968321978886,-166.62610999020035
2026-09-05 12:00:00,26751.209,30356.4043,2866.05249,1263.83057,236.616837,-3426.3615254277283,-8833.525849821319,58.63705158477998,147.11480032158397
2026-09-05 12:15:00,27324.5625,30020.2246,2851.3103,1291.87488,241.67511,-3950.7488816225377,-8517.191245324291,62.04984895874438,125.82887359211736
2026-09-05 12:30:00,27324.5625,30020.2246,2851.3103,1291.87488,241.67511,-3950.7488816225377,-8517.191245324291,62.04984895874438,125.82887359211736
2026-09-05 12:45:00,30558.6523,31530.18,2654.45654,1283.53723,272.772278,-2384.83883111865,-5206.689025332838,93.63622135897441,-69.07941559606934
2026-09-05 13:00:00,30280.8672,30449.7383,2830.82813,1306.41052,259.4813,-3618.7850495170096,-5694.101951166995,79.00317285760553,101.95502088163812
2026-09-05 13:15:00,30280.8672,30449.7383,2830.82813,1306.41052,259.4813,-3618.7850495170096,-5694.101951166995,79.00317285760553,101.95502088163812
2026-09-05 13:30:00,29427.6816,28689.0332,2597.63623,1348.52454,255.578415,-5662.12077930044,-6933.251723777768,72.62928417007055,-141.06358048842594
2026-09-05 13:45:00,32355.6719,30025.6152,2583.82959,1336.93372,279.808655,-4247.7518390770565,-3899.0345365990943,97.53960550549169,-152.1656692065926
2026-09-05 14:00:00,32355.6719,30025.6152,2583.82959,1336.93372,279.808655,-4247.7518390770565,-3899.0345365990943,97.53960550549169,-152.1656692065926
2026-09-05 14:15:00,33301.89,29891.4922,2500.907,1355.67053,288.893127,-4507.619102161712,-3124.5344860518744,105.52471138934692,-239.46022456391574
2026-09-05 14:30:00,33301.89,29891.4922,2500.907,1355.67053,288.893127,-4507.619102161712,-3124.5344860518744,105.52471138934692,-239.46022456391574
2026-09-05 14:45:00,34515.4023,30820.93,2471.89478,1343.17444,303.442627,-3494.31902098954,-1796.4987319213978,120.80740865880188,-265.55666153670927
2026-09-05 15:00:00,31920.12,28060.97,2353.82031,1400.299,287.905182,-6637.646611376331,-4915.312946855058,101.91822952349929,-396.9603267077309
2026-09-05 15:15:00,31920.12,28060.97,2353.82031,1400.299,287.905182,-6637.646611376331,-4915.312946855058,101.91822952349929,-396.9603267077309
2026-09-05 15:30:00,33172.8633,28118.2578,2365.459,1389.88892,295.9158,-6510.495913783183,-3567.163938399499,110.53964996096624,-382.89259413714626
2026-09-05 15:45:00,33821.9141,28517.291,2370.22021,1382.36389,301.797974,-6060.961622506711,-2849.1481719151416,116.86334858575424,-376.3755265246268
2026-09-05 16:00:00,33821.9141,28517.291,2370.22021,1382.36389,301.797974,-6060.961622506711,-2849.1481719151416,116.86334858575424,-376.3755265246268
2026-09-05 16:15:00,33650.32,28510.37,2495.22314,1380.72974,305.5278,-6056.915708313751,-3005.765707040264,120.68905692317975,-250.99129110557897
2026-09-05 16:30:00,33471.1445,27960.8633,2520.527,1389.95911,317.627838,-6668.361464609119,-3269.5260117150174,132.24756962344287,-227.84097196498487
2026-09-05 16:45:00,33471.1445,27960.8633,2520.527,1389.95911,317.627838,-6668.361464609119,-3269.5260117150174,132.24756962344287,-227.84097196498487
2026-09-05 17:00:00,33338.8828,28029.5859,2533.25171,1397.6615,311.513458,-6651.330233339475,-3472.378137028856,125.68125855410224,-216.91350398476288
2026-09-05 19:30:00,32605.1953,31940.5352,2015.46155,1297.902,339.954742,-2070.8867764796087,-3291.7954515285383,159.9758449072533,-711.4262182475254
2026-09-05 19:45:00,32605.1953,31940.5352,2015.46155,1297.902,339.954742,-2070.8867764796087,-3291.7954515285383,159.9758449072533,-711.4262182475254
2026-09-05 20:15:00,34230.8672,32460.5723,2038.69226,1309.59412,346.1491,-1629.3164492812357,-1773.278827179398,165.48417788197423,-690.9236964286335
2026-09-05 20:30:00,34230.8672,32460.5723,2038.69226,1309.59412,346.1491,-1629.3164492812357,-1773.278827179398,165.48417788197423,-690.9236964286335
2026-09-05 20:45:00,35937.84,33260.12,2003.76672,1307.61951,342.940918,-816.5169802058372,-48.20923388161464,162.39185441534258,-725.388489561145
2026-09-05 21:00:00,35695.12,33645.2969,1918.4469,1290.93835,361.2455,-319.39145225918037,-138.0506885043651,181.67518904623273,-806.8160005907298
2026-09-05 21:15:00,35695.12,33645.2969,1918.4469,1290.93835,361.2455,-319.39145225918037,-138.0506885043651,181.67518904623273,-806.8160005907298
2026-09-05 21:30:00,34737.6172,33904.375,2504.981,1263.87952,341.756958,121.2806671220751,-847.5662639942093,163.77430048588025,-213.9681114574828
2026-09-05 21:45:00,33962.1367,32070.7,2482.5083,1298.87537,319.8625,-1947.2543420935363,-1943.7747374828614,139.82649126463795,-244.6065901492716
2026-09-05 22:00:00,33962.1367,32070.7,2482.5083,1298.87537,319.8625,-1947.2543420935363,-1943.7747374828614,139.82649126463795,-244.6065901492716
2026-09-05 22:15:00,35094.36,33544.02,2539.59277,1282.324,302.74585,-362.85674544333597,-659.8623841076478,123.68097857956911,-183.66009581021672
2026-09-05 22:30:00,34350.207,32362.7188,2737.53467,1284.778,296.017639,-1560.6269399845514,-1426.5056635819565,116.80878125270664,13.709198554839531
2026-09-05 22:45:00,34350.207,32362.7188,2737.53467,1284.778,296.017639,-1560.6269399845514,-1426.5056635819565,116.80878125270664,13.709198554839531
2026-09-05 23:00:00,34674.6523,32956.3477,2674.63135,1288.64648,294.704681,-992.9597253972606,-1137.5139888227131,115.26884353561587,-50.096775661406355
2026-09-05 23:15:00,35042.332,33020.1367,2706.622,1281.49255,289.068146,-881.160116547122,-704.2703584886913,110.05205918896999,-16.43685890101824
2026-09-05 23:30:00,35042.332,33020.1367,2706.622,1281.49255,289.068146,-881.160116547122,-704.2703584886913,110.05205918896999,-16.43685890101824
2026-09-05 23:45:00,34412.2734,32661.6543,2910.71582,1279.37891,278.29184,-1225.4577057801762,-1314.9579909629902,99.3997691873031,188.1501486190482
2026-09-06 00:00:00,35095.9727,33059.63,2684.87427,1280.94214,272.325836,-837.9729700575481,-645.5852922599006,93.34204401951939,-38.056158637151384
2026-09-06 00:15:00,35095.9727,33059.63,2684.87427,1280.94214,272.325836,-837.9729700575481,-645.5852922599006,93.34204401951939,-38.056158637151384
2026-09-06 00:30:00,35519.82,33571.2031,2873.98218,1274.51123,270.95343,-283.2415075127137,-162.80035445462272,92.34696609991181,152.55231179635211
2026-09-06 00:45:00,35815.56,33838.79,2665.013,1269.63953,267.036133,17.039769303279172,177.5875243208502,88.7155118825425,-55.2801270171135
2026-09-06 01:00:00,35815.56,33838.79,2665.013,1269.63953,267.036133,17.039769303279172,177.5875243208502,88.7155118825425,-55.2801270171135
2026-09-06 01:15:00,33522.2422,33934.2539,3066.557,1233.4447,254.8474,355.410131279692,-1784.0139585539364,78.6504792179582,354.7094164278069
2026-09-06 01:30:00,33389.01,33276.39,2887.64966,1247.83362,249.894547,-399.01898670480296,-2049.1169132945724,72.853368785881,172.44462872089753
2026-09-06 01:45:00,33389.01,33276.39,2887.64966,1247.83362,249.894547,-399.01898670480296,-2049.1169132945724,72.853368785881,172.44462872089753
2026-09-06 02:00:00,33466.8828,33464.2539,3542.78735,1250.39783,251.713974,-228.36370956239261,-1994.7444391017634,74.52234298261945,826.9839971662195
2026-09-06 02:15:00,33595.7734,32829.18,3610.33081,1249.92578,254.507309,-860.269643436397,-1861.5276221393142,77.34337510796394,894.6376032501539
2026-09-06 02:30:00,33595.7734,32829.18,3610.33081,1249.92578,254.507309,-860.269643436397,-1861.5276221393142,77.34337510796394,894.6376032501539
2026-09-06 02:45:00,33610.8867,33109.82,3745.55542,1251.08423,250.269226,-587.4040960550919,-1857.0312187395612,73.03732105647504,1029.591905590089
2026-09-06 03:00:00,34202.5039,32947.5859,3727.751,1250.82227,257.128723,-747.8801610876908,-1263.0132226470232,79.91218833283398,1011.8486101916087
2026-09-06 03:15:00,34202.5039,32947.5859,3727.751,1250.82227,257.128723,-747.8801610876908,-1263.0132226470232,79.91218833283398,1011.8486101916087
2026-09-06 03:30:00,34293.0547,33332.4922,3796.1687,1250.03137,260.2627,-357.6660665552263,-1165.2140273592377,83.0925707060677,1080.4508553410287
2026-09-06 03:45:00,33730.2773,33159.81,4066.428,1241.57434,261.364441,-473.59244711559586,-1650.4849203410413,84.69052062451325,1352.683481760299
2026-09-06 04:00:00,33730.2773,33159.81,4066.428,1241.57434,261.364441,-473.59244711559586,-1650.4849203410413,84.69052062451325,1352.683481760299
2026-09-06 04:15:00,33578.6953,33046.8555,3975.11255,1242.038,265.110229,-589.6586072659484,-1806.3162451091994,88.40910377515993,1261.2598433622961
2026-09-06 04:30:00,33554.8164,33167.3867,3937.34717,1225.79858,267.044,-360.1433325583421,-1681.365033332193,91.2957086937322,1227.2836986517095
2026-09-06 04:45:00,33554.8164,33167.3867,3937.34717,1225.79858,267.044,-360.1433325583421,-1681.365033332193,91.2957086937322,1227.2836986517095
2026-09-06 05:00:00,33877.8125,32539.7012,4223.41943,1233.8313,266.316833,-1041.7370729133145,-1431.9867482217305,90.09722879743452,1511.4816388734184
2026-09-06 05:15:00,32808.89,31614.0684,4251.1665,1267.325,258.7163,-2192.148830723021,-2807.870402919696,80.53148192782078,1531.4134352975761
2026-09-06 05:30:00,32808.89,31614.0684,4251.1665,1267.325,258.7163,-2192.148830723021,-2807.870402919696,80.53148192782078,1531.4134352975761
2026-09-06 05:45:00,33281.58,32589.4863,4297.8833,1240.61707,258.286,-1037.491829917355,-2090.4090867500126,81.66824661355793,1584.3621469584095
2026-09-06 06:00:00,33620.7031,32252.3613,4353.2334,1245.55627,255.615555,-1407.7642047494483,-1796.5524856821794,78.70799832682647,1638.5597556168796
2026-09-06 06:15:00,33620.7031,32252.3613,4353.2334,1245.55627,255.615555,-1407.7642047494483,-1796.5524856821794,78.70799832682647,1638.5597556168796
2026-09-06 06:30:00,33832.98,32331.7461,4502.8623,1252.0553,256.929535,-1371.9949261810652,-1643.8375257848456,79.64065336436977,1786.67220036029
2026-09-06 06:45:00,34205.7656,32449.3633,4042.319,1253.46118,254.354462,-1263.8127017497718,-1283.936454760944,76.98309157170092,1325.8008584654026
2026-09-06 07:00:00,34205.7656,32449.3633,4042.319,1253.46118,254.354462,-1263.8127017497718,-1283.936454760944,76.98309157170092,1325.8008584654026
2026-09-06 07:15:00,34860.31,33066.95,4359.737,1252.60535,255.996246,-640.4824566812313,-621.5485927061382,78.6750906565089,1643.4185540972503
2026-09-06 07:30:00,34226.52,32818.0859,4235.489,1248.18579,248.4264,-859.6865283541847,-1214.8344608587504,71.36455851581945,1520.2017949122346
2026-09-06 07:45:00,34226.52,32818.0859,4235.489,1248.18579,248.4264,-859.6865283541847,-1214.8344608587504,71.36455851581945,1520.2017949122346
2026-09-06 08:00:00,34266.6641,32612.502,4719.533,1247.17224,255.198257,-1058.468411476737,-1165.4014355281906,78.19588468517208,2004.482292239577
2026-09-06 08:15:00,34425.3555,32694.3555,4601.188,1247.36353,252.98,-977.8986742989837,-1008.4631592285368,75.96640390992124,1886.092657466998
2026-09-06 08:30:00,34425.3555,32694.3555,4601.188,1247.36353,252.98,-977.8986742989837,-1008.4631592285368,75.96640390992124,1886.092657466998
2026-09-06 08:45:00,32106.3984,33028.2344,4363.09375,1227.87048,245.036118,-513.2003227742971,-3148.7714644824955,69.16625975378668,1652.546830560821
2026-09-06 10:00:00,32542.7246,31436.8477,4213.55,1260.10974,261.057556,-2320.947331231,-3007.9097988936846,83.2960870658637,1495.4805125321254
2026-09-06 10:15:00,32700.8555,31586.666,4340.682,1249.3197,264.417755,-2098.7161910274626,-2750.890954664257,87.28938232759913,1625.1302133085187
2026-09-06 10:30:00,32700.8555,31586.666,4340.682,1249.3197,264.417755,-2098.7161910274626,-2750.890954664257,87.28938232759913,1625.1302133085187
2026-09-06 11:00:00,31802.4668,31310.13,3975.69849,1255.35291,252.060944,-2415.741556372199,-3704.5724741537524,74.578577950627,1258.7389404548926
2026-09-06 11:15:00,31802.4668,31310.13,3975.69849,1255.35291,252.060944,-2415.741556372199,-3704.5724741537524,74.578577950627,1258.7389404548926
2026-09-06 11:45:00,32303.54,31294.28,4014.23438,1268.79,260.3634,-2521.7689654430214,-3326.6467515056283,82.09262432030104,1294.139478600268
2026-09-06 12:00:00,32303.54,31294.28,4014.23438,1268.79,260.3634,-2521.7689654430214,-3326.6467515056283,82.09262432030104,1294.139478600268
2026-09-06 12:15:00,31722.6914,32149.957,4026.974,1242.47046,255.274521,-1489.459381666642,-3666.283529893819,78.54802155881316,1313.0203850359367
2026-09-06 16:15:00,34729.3047,32138.8066,4417.219,1282.85437,274.065765,-1771.6295018552446,-1029.7783888854756,94.96977457868155,1693.8423799719326
2026-09-06 16:30:00,35013.1523,31954.3262,4755.724,1287.66638,269.384277,-1988.4036942033526,-790.0316241475739,90.00594605515863,2031.2245665891269
2026-09-06 16:45:00,35013.1523,31954.3262,4755.724,1287.66638,269.384277,-1988.4036942033526,-790.0316241475739,90.00594605515863,2031.2245665891269
2026-09-06 17:00:00,34543.88,31356.0234,4375.389,1296.93127,269.414276,-2648.883928121424,-1344.2142604959008,89.49233565015268,1648.7277376481588
2026-09-06 17:15:00,34543.88,31356.0234,4375.389,1296.93127,269.414276,-2648.883928121424,-1344.2142604959008,89.49233565015268,1648.7277376481588
2026-09-06 17:30:00,33147.07,31294.6074,4096.502,1285.15637,256.937164,-2631.2776119749906,-2633.1103274143607,77.70610572031262,1372.5882413526824
2026-09-06 17:45:00,32982.55,30884.1426,4151.292,1285.52563,250.420227,-3044.2205460109762,-2801.01450043745,71.16750270928688,1427.2920798381106
2026-09-06 18:00:00,32982.55,30884.1426,4151.292,1285.52563,250.420227,-3044.2205460109762,-2801.01450043745,71.16750270928688,1427.2920798381106
2026-09-06 18:15:00,33312.543,30550.125,4232.3,1302.47522,250.365646,-3491.988229623763,-2626.3601377948435,70.11841918038542,1504.3451365846518
2026-09-06 18:30:00,33229.8438,30713.7676,3885.588,1305.47485,251.199265,-3348.4763916839365,-2736.5501760261104,70.77603748533798,1156.93321603015
2026-09-06 18:45:00,33229.8438,30713.7676,3885.588,1305.47485,251.199265,-3348.4763916839365,-2736.5501760261104,70.77603748533798,1156.93321603015
2026-09-06 19:00:00,34872.29,31830.0957,3611.89063,1292.57532,251.596741,-2145.578491702592,-975.8830979546838,71.93038224774705,886.2457659837469
2026-09-06 19:15:00,34600.3477,31094.0469,3878.00684,1307.35986,249.783142,-2980.8475478372056,-1383.3219083455479,69.24931315445008,1148.9122160350703
2026-09-06 19:30:00,34600.3477,31094.0469,3878.00684,1307.35986,249.783142,-2980.8475478372056,-1383.3219083455479,69.24931315445008,1148.9122160350703
2026-09-06 19:45:00,34349.2969,30961.1367,4375.049,1304.88232,245.601151,-3097.130774432302,-1611.6666908195475,65.21268967044628,1646.532474390734
2026-09-06 20:00:00,33620.5039,30712.0371,4808.216,1292.81128,242.8945,-3265.2206385452737,-2229.8317107276016,63.21429649889353,2082.516078108596
2026-09-06 20:15:00,33620.5039,30712.0371,4808.216,1292.81128,242.8945,-3265.2206385452737,-2229.8317107276016,63.21429649889353,2082.516078108596
2026-09-06 20:30:00,34612.7734,31398.7441,4335.85742,1305.9447,242.617279,-2666.6530934301372,-1357.9266305538258,62.1664834430901,1607.0930032846009
2026-09-06 20:45:00,34965.707,31657.5254,4314.26367,1291.32764,246.736511,-2309.775509262021,-871.0314313310009,67.14335879228645,1588.9099341820388
2026-09-06 21:00:00,34965.707,31657.5254,4314.26367,1291.32764,246.736511,-2309.775509262021,-871.0314313310009,67.14335879228645,1588.9099341820388
2026-09-06 21:15:00,34391.1523,30776.9316,4237.33,1302.24084,245.868378,-3263.6086862901975,-1545.6028053159534,65.63490322410587,1509.429825789508
2026-09-06 21:30:00,32929.26,30688.082,4537.66064,1292.40662,240.69426,-3286.460032216408,-2917.367005800108,61.03779957429214,1812.0551397044542
2026-09-06 21:45:00,32929.26,30688.082,4537.66064,1292.40662,240.69426,-3286.460032216408,-2917.367005800108,61.03779957429214,1812.0551397044542
2026-09-06 22:00:00,34144.9766,30679.377,4740.098,1308.5332,245.4484,-3403.3918284627143,-1849.4463679699911,64.84572644509359,2010.7295940074805
2026-09-06 22:15:00,34471.3477,30982.5313,3981.6958,1305.56543,248.771515,-3080.320581466145,-1495.8764184526808,68.34297278220546,1253.0198804888241
2026-09-06 22:30:00,34471.3477,30982.5313,3981.6958,1305.56543,248.771515,-3080.320581466145,-1495.8764184526808,68.34297278220546,1253.0198804888241
2026-09-06 22:45:00,34427.88,31977.2539,4308.93164,1274.80554,239.268448,-1879.1658459737628,-1257.4376299852229,60.64471571529123,1587.4330987872158
2026-09-07 00:15:00,34167.8359,30962.9727,3396.0957,1294.34473,241.8219,-3024.5761468090204,-1696.5533859761417,62.05172264684495,670.0379695874444
2026-09-07 00:30:00,31214.8555,30860.2559,3392.36572,1277.40466,217.062485,-3013.6067526942024,-4494.282396972692,38.2862515979829,670.2607114857101
2026-09-07 00:45:00,31214.8555,30860.2559,3392.36572,1277.40466,217.062485,-3013.6067526942024,-4494.282396972692,38.2862515979829,670.2607114857101
2026-09-07 01:00:00,33276.3047,30098.6426,3637.51855,1296.16418,240.199844,-3901.1167244447206,-2604.759377740411,60.322911992236214,911.036277076239
2026-09-07 01:45:00,33336.625,30110.17,3929.95581,1308.58508,237.382553,-3972.9469993823586,-2658.273434840048,56.77683543097885,1200.575298555019
2026-09-07 02:00:00,33890.4844,30711.4414,3760.964,1289.20374,240.3684,-3241.6058427966163,-1926.7890335414777,60.8998657872429,1036.105845725664
2026-09-07 02:15:00,33890.4844,30711.4414,3760.964,1289.20374,240.3684,-3241.6058427966163,-1926.7890335414777,60.8998657872429,1036.105845725664
2026-09-07 02:30:00,32568.1523,29676.9727,3921.719,1318.85608,230.470047,-4475.073819729863,-3520.877210830542,49.261687392183404,1189.941898303793
2026-09-07 02:45:00,32568.1523,29676.9727,3921.719,1318.85608,230.470047,-4475.073819729863,-3520.877210830542,49.261687392183404,1189.941898303793
2026-09-07 03:00:00,34934.0938,31258.2383,3434.81958,1299.3064,235.2373,-2762.6087196473636,-975.7679166848975,55.17600095230401,707.6041151943182
2026-09-07 03:15:00,34284.9336,31017.77,3557.975,1294.95288,226.182831,-2973.8601911571204,-1585.0292244693337,46.37697097175064,831.7753665243267
2026-09-07 03:30:00,35980.98,31545.0938,3291.44116,1323.27917,222.911911,-2636.6364381753847,-148.58599422094267,41.444030413176904,558.6319938140359
2026-09-07 03:45:00,35980.98,31545.0938,3291.44116,1323.27917,222.911911,-2636.6364381753847,-148.58599422094267,41.444030413176904,558.6319938140359
2026-09-07 04:00:00,35612.77,31816.4766,3623.51318,1292.49158,216.725433,-2158.635605719348,-234.63564237066748,37.06398761979733,897.8878555093665
2026-09-07 04:15:00,37124.9063,32686.7148,3165.42065,1297.99023,212.142319,-1325.2992952197746,1227.106943191102,32.158245088337594,438.51229454987833
2026-09-07 04:30:00,37124.9063,32686.7148,3165.42065,1297.99023,212.142319,-1325.2992952197746,1227.106943191102,32.158245088337594,438.51229454987833
2026-09-07 04:45:00,36758.32,32533.418,3427.641,1293.564,208.1442,-1448.8913039776562,901.0859038747076,28.419831304127484,701.7654417135122
2026-09-07 05:00:00,36984.5859,32939.2539,3706.94482,1285.442,198.500244,-988.547998246715,1201.7878470248252,19.25242662718236,982.9644136968104
2026-09-07 05:15:00,36984.5859,32939.2539,3706.94482,1285.442,198.500244,-988.547998246715,1201.7878470248252,19.25242662718236,982.9644136968104
2026-09-07 05:30:00,36659.74,32193.6465,3665.90649,1296.95178,197.424652,-1811.3984724075017,771.4577706238997,17.501508243647464,939.2404419343961
2026-09-07 05:45:00,36659.74,32193.6465,3665.90649,1296.95178,197.424652,-1811.3984724075017,771.4577706238997,17.501508243647464,939.2404419343961
2026-09-07 06:00:00,33976.7266,31298.9668,4653.77637,1267.22546,192.500015,-2506.5824096485994,-1639.1215443953042,14.321037351201312,1934.0465315261417
2026-09-07 06:15:00,35317.43,31685.4863,3929.473,1288.44873,187.974152,-2262.494008987098,-492.9239608821881,8.549917345777658,1204.791016459339
2026-09-07 06:30:00,35317.43,31685.4863,3929.473,1288.44873,187.974152,-2262.494008987098,-492.9239608821881,8.549917345777658,1204.791016459339
2026-09-07 06:45:00,35863.09,31735.7969,3632.39673,1295.02539,186.341568,-2256.319911692648,-7.537359988768003,6.531453510234428,906.1801773578272
2026-09-07 07:00:00,35932.74,31220.0566,3578.88379,1302.10645,178.732,-2819.5817840178315,-2.783455495846283,-1.4935895589148913,851.0149737647648
2026-09-07 07:15:00,36580.6758,31998.209,3299.53,1303.1543,174.999191,-2048.4615909982713,635.5490684865654,-5.287880251092076,571.4166830253293
2026-09-07 07:30:00,36580.6758,31998.209,3299.53,1303.1543,174.999191,-2048.4615909982713,635.5490684865654,-5.287880251092076,571.4166830253293
2026-09-07 07:45:00,36993.1875,31956.6777,3271.1062,1297.64148,178.20578,-2052.9959054698775,1098.584347333992,-1.7578313071418847,544.2792203506879
2026-09-07 08:00:00,36993.1875,31956.6777,3271.1062,1297.64148,178.20578,-2052.9959054698775,1098.584347333992,-1.7578313071418847,544.2792203506879
2026-09-07 08:15:00,35725.23,32085.1563,3516.5022,1283.48621,168.802277,-1829.5201317292922,-39.643740141815215,-10.330786086666762,792.9781491877502
2026-09-07 08:30:00,36633.2,31326.4961,3548.675,1318.17712,170.951019,-2820.993863685162,550.3929831188725,-10.217503217235304,817.0563238628406
2026-09-07 08:45:00,36633.2,31326.4961,3548.675,1318.17712,170.951019,-2820.993863685162,550.3929831188725,-10.217503217235304,817.0563238628406
2026-09-07 09:00:00,36571.09,32200.9414,3575.99268,1296.626,174.462265,-1801.9172362047138,685.7934606186609,-5.441763896709006,849.402648015795
2026-09-07 09:15:00,36060.1523,31854.8125,3787.47754,1290.12122,177.2207,-2104.3920260532104,234.47039799393679,-2.301666557977086,1062.4053049522536
2026-09-07 09:30:00,36060.1523,31854.8125,3787.47754,1290.12122,177.2207,-2104.3920260532104,234.47039799393679,-2.301666557977086,1062.4053049522536
2026-09-07 09:45:00,37070.28,32599.9473,3866.70923,1285.98157,183.132263,-1331.475696610447,1282.5369266108246,3.852786824254423,1142.602922791168
2026-09-07 10:00:00,36683.5039,32362.3945,3530.34521,1282.82324,182.4168,-1547.8326858812907,924.7061095660465,3.3226361044986845,806.9758537100811
2026-09-07 10:15:00,36683.5039,32362.3945,3530.34521,1282.82324,182.4168,-1547.8326858812907,924.7061095660465,3.3226361044986845,806.9758537100811
2026-09-07 10:30:00,35859.37,32768.77,3796.13257,1269.13062,176.133987,-1049.5648940985338,226.06155371257773,-2.156774263503337,1075.9581898181273
2026-09-07 10:45:00,35644.58,32127.6152,4060.634,1286.89929,177.7463,-1809.9666905266495,-151.57374139209423,-1.5870226027579122,1336.3135560172068
2026-09-07 11:00:00,35644.58,32127.6152,4060.634,1286.89929,177.7463,-1809.9666905266495,-151.57374139209423,-1.5870226027579122,1336.3135560172068
2026-09-07 11:15:00,37137.51,32761.62,3919.43262,1286.91968,178.010117,-1176.0987294829283,1341.1693894968703,-1.3244019683669706,1195.1074183037204
2026-09-07 11:30:00,36588.6,31558.05,4923.75928,1300.02161,184.5704,-2467.5968524044256,672.1835674296744,4.467136624335268,2196.3769312187
2026-09-07 12:45:00,36278.125,32451.8984,4781.211,1286.47388,179.160873,-1482.828529252096,485.8700319539348,-0.14748903906163946,2056.989819327379
2026-09-07 13:00:00,36278.125,32451.8984,4781.211,1286.47388,179.160873,-1482.828529252096,485.8700319539348,-0.14748903906163946,2056.989819327379
2026-09-07 13:15:00,36982.3828,32628.0215,4475.41943,1276.72681,182.361557,-1241.2920459502093,1279.457224111924,3.6250958602745413,1753.4725880422084
2026-09-07 13:30:00,36982.3828,32628.0215,4475.41943,1276.72681,182.361557,-1241.2920459502093,1279.457224111924,3.6250958602745413,1753.4725880422084
2026-09-07 13:45:00,37068.5,32824.4766,4096.2085,1268.33643,180.016357,-988.5284201072136,1442.470101005034,1.7721941476339396,1376.219432641768
2026-09-07 14:00:00,35892.3438,31539.957,4744.37842,1290.26868,178.6257,-2420.23714216366,65.31046498200885,-0.9053186458984896,2019.271777280319
2026-09-07 14:15:00,36558.21,32095.5215,4455.53955,1288.779,181.712814,-1854.6752779468115,744.8291994267056,2.269201039268779,1730.7805027009645
2026-09-07 14:30:00,36558.21,32095.5215,4455.53955,1288.779,181.712814,-1854.6752779468115,744.8291994267056,2.269201039268779,1730.7805027009645
2026-09-07 14:45:00,36740.2734,32493.9453,4283.53125,1278.93372,181.331635,-1390.1789993091952,1017.1220610008168,2.465685325386204,1561.0694573079727
2026-09-07 15:00:00,36740.2734,32493.9453,4283.53125,1278.93372,181.331635,-1390.1789993091952,1017.1220610008168,2.465685325386204,1561.0694573079727
2026-09-07 15:15:00,37045.58,32473.5059,4163.74,1286.07813,175.749634,-1458.5651186613431,1256.951979020756,-3.535507750204374,1439.6111619027774
2026-09-07 15:30:00,36556.5273,32161.4941,4191.3,1298.89526,171.633331,-1856.5937255089484,650.4335757776353,-8.403844763903749,1464.1804688050565
2026-09-07 15:45:00,36556.5273,32161.4941,4191.3,1298.89526,171.633331,-1856.5937255089484,650.4335757776353,-8.403844763903749,1464.1804688050565
2026-09-07 16:00:00,36888.13,32305.4727,4181.16553,1303.00232,172.672073,-1740.1779407984504,944.3961261371369,-7.606080956081257,1453.08767537431
2026-09-07 16:15:00,37217.02,32733.6973,3774.17773,1291.56873,171.8501,-1235.2215839539203,1378.0720407641566,-7.757197954878734,1048.7677392951073
2026-09-07 16:30:00,37217.02,32733.6973,3774.17773,1291.56873,171.8501,-1235.2215839539203,1378.0720407641566,-7.757197954878734,1048.7677392951073
2026-09-07 16:45:00,37014.73,32902.64,3776.6958,1283.50879,173.810989,-1012.1879679545382,1249.649319959848,-5.323398948631109,1053.166480469235
2026-09-07 17:00:00,37331.168,32727.2578,3807.67139,1290.53564,171.448685,-1234.7279325396667,1501.6880451741526,-8.097997292931552,1082.502456000651
2026-09-07 17:15:00,37331.168,32727.2578,3807.67139,1290.53564,171.448685,-1234.7279325396667,1501.6880451741526,-8.097997292931552,1082.502456000651
2026-09-07 17:30:00,37452.3672,32686.8184,3762.87036,1303.93262,176.947983,-1365.0755601226883,1500.1073656664958,-3.3847555037096697,1034.5754332381284
2026-09-07 17:45:00,37572.29,32410.791,3557.13062,1309.00562,175.526138,-1675.1482776889352,1573.5374241126337,-5.1042543896807615,827.651981589363
2026-09-07 18:00:00,37572.29,32410.791,3557.13062,1309.00562,175.526138,-1675.1482776889352,1573.5374241126337,-5.1042543896807615,827.651981589363
2026-09-07 18:15:00,37807.13,32959.875,3547.01221,1292.4491,176.924728,-1014.952118967878,1960.1136759146102,-2.734224902955276,821.3967976069102
2026-09-07 18:30:00,37656.1523,32307.3086,3711.349,1315.00427,179.051254,-1818.8881080494284,1602.4236381433584,-1.9311039885533603,980.4706628150943
2026-09-07 18:45:00,37656.1523,32307.3086,3711.349,1315.00427,179.051254,-1818.8881080494284,1602.4236381433584,-1.9311039885533603,980.4706628150943
2026-09-07 19:00:00,37590.3438,32996.66,3424.39429,1299.80225,177.990646,-1027.514709518291,1675.9377454677742,-2.0997466174493695,697.0631257224004
2026-09-07 19:15:00,37820.5547,32703.36,3573.79443,1296.5094,179.775253,-1298.7161240761416,1936.3267696596959,-0.12193449258833766,847.2316049502019
2026-09-07 19:30:00,37820.5547,32703.36,3573.79443,1296.5094,179.775253,-1298.7161240761416,1936.3267696596959,-0.12193449258833766,847.2316049502019
2026-09-07 19:45:00,37532.94,32618.4336,3399.43066,1291.87622,175.291519,-1352.548874472046,1691.173973920013,-4.333820664596317,673.9489209223734
2026-09-07 20:00:00,37193.3359,31913.1582,3417.68677,1298.56042,173.298889,-2102.682486905778,1290.3108983445345,-6.71864031659868,690.6453689072587
2026-09-07 20:15:00,37193.3359,31913.1582,3417.68677,1298.56042,173.298889,-2102.682486905778,1290.3108983445345,-6.71864031659868,690.6453689072587
2026-09-07 20:30:00,36942.4922,31949.6738,3758.68286,1302.13086,171.251816,-2090.1284015226156,1006.7450331260115,-8.975205794545985,1030.8083480420473
2026-09-07 20:45:00,36087.4141,31146.31,3932.02271,1306.25024,171.233688,-2921.1376973389088,113.91387385098642,-9.235034852064558,1203.1869999163446
2026-09-07 21:00:00,36087.4141,31146.31,3932.02271,1306.25024,171.233688,-2921.1376973389088,113.91387385098642,-9.235034852064558,1203.1869999163446
2026-09-07 21:15:00,37131.8242,32588.4785,3522.61353,1297.04089,174.298737,-1417.1644968995788,1242.725300369646,-5.6296352085068975,795.9266893964464
2026-09-07 21:30:00,36598.3047,31832.35,3827.70117,1306.9115,170.59758,-2239.5354672371686,618.7441958537675,-9.909941710459464,1098.7111643979401
2026-09-07 21:45:00,36598.3047,31832.35,3827.70117,1306.9115,170.59758,-2239.5354672371686,618.7441958537675,-9.909941710459464,1098.7111643979401
2026-09-07 22:00:00,36395.06,32749.2031,3800.5603,1285.31909,169.716614,-1177.7739391924988,613.3883855945824,-9.523991734906218,1076.6085729790402
2026-09-07 22:15:00,36055.15,32332.332,3792.07739,1288.815,168.596725,-1618.1063768887361,241.4392686764695,-10.849000229584988,1067.3099426182994
2026-09-07 22:30:00,36055.15,32332.332,3792.07739,1288.815,168.596725,-1618.1063768887361,241.4392686764695,-10.849000229584988,1067.3099426182994
2026-09-07 22:45:00,35888.207,31420.9668,4068.93164,1303.58069,168.963577,-2628.5653291329254,-60.82748630766582,-11.348512315440445,1340.7188310462398
2026-09-07 23:00:00,35930.6445,33080.9,3708.68774,1279.35437,167.436218,-806.0473158347668,203.6380118317611,-11.454412949428274,986.1277946753976
2026-09-07 23:15:00,35930.6445,33080.9,3708.68774,1279.35437,167.436218,-806.0473158347668,203.6380118317611,-11.454412949428274,986.1277946753976
2026-09-07 23:30:00,36696.3438,33085.8242,3506.332,1279.21509,168.56662,-800.1883963727814,970.6137772454458,-10.315838815929737,783.8045536618829
2026-09-07 23:45:00,36293.9727,33080.625,3461.6853,1277.41223,169.691132,-793.2884555828205,584.76542592232,-9.085545565217728,739.5785251349944
2026-09-08 00:00:00,36293.9727,33080.625,3461.6853,1277.41223,169.691132,-793.2884555828205,584.76542592232,-9.085545565217728,739.5785251349944
2026-09-08 00:15:00,36146.9453,32824.2969,3505.26733,1291.6554,170.949631,-1145.203633406607,307.2030324829757,-8.662752242144052,779.8371160960933
2026-09-08 00:30:00,35769.8047,33102.47,3509.37964,1268.49731,166.911652,-711.6146989343542,142.30037714121136,-11.341950347176805,789.3530336056847
2026-09-08 00:45:00,35769.8047,33102.47,3509.37964,1268.49731,166.911652,-711.6146989343542,142.30037714121136,-11.341950347176805,789.3530336056847
2026-09-08 01:00:00,36055.2031,33195.06,3181.34155,1270.39343,167.0089,-631.7497152055366,410.3213245263614,-11.35595554770265,460.87251125176044
2026-09-08 01:15:00,35974.9453,32629.041,3197.22461,1279.5603,166.434753,-1259.2883288933917,246.0515162929878,-12.467960714012918,474.6166138692024
2026-09-08 01:30:00,35974.9453,32629.041,3197.22461,1279.5603,166.434753,-1259.2883288933917,246.0515162929878,-12.467960714012918,474.6166138692024
2026-09-08 01:45:00,36383.03,32592.1641,3155.27051,1290.76257,166.241669,-1371.3445783144198,551.4702900310804,-13.31832821434756,430.0486251462344
2026-09-08 02:00:00,36078.6367,32951.18,2927.1355,1269.26563,162.204071,-868.0609572415633,444.0909217517619,-16.09461185844617,206.92961717477965
2026-09-08 02:15:00,36078.6367,32951.18,2927.1355,1269.26563,162.204071,-868.0609572415633,444.0909217517619,-16.09461185844617,206.92961717477965
2026-09-08 02:30:00,36654.9,33143.6328,2792.788,1288.64355,161.957016,-805.6549619278157,842.7605638744644,-17.478649549169063,68.06055801198818
2026-09-08 02:45:00,37019.7227,33238.3555,2729.20581,1281.80566,166.188629,-665.0426233445178,1270.2507688111436,-12.84582926938532,6.073891380010082
2026-09-08 03:00:00,37019.7227,33238.3555,2729.20581,1281.80566,166.188629,-665.0426233445178,1270.2507688111436,-12.84582926938532,6.073891380010082
2026-09-08 03:15:00,36790.0664,32988.8633,2882.35767,1279.21094,165.399445,-897.121445383651,1064.374410929151,-13.482770318270212,159.83119200474584
2026-09-08 03:30:00,37006.23,33194.73,2932.63428,1285.576,162.6349,-733.971183197209,1222.2038714545124,-16.620779706884292,208.6226067224493
2026-09-08 03:45:00,37006.23,33194.73,2932.63428,1285.576,162.6349,-733.971183197209,1222.2038714545124,-16.620779706884292,208.6226067224493
2026-09-08 04:00:00,36720.67,32507.1484,3186.00952,1288.02063,160.523514,-1437.9588949027093,914.2394656226825,-18.875602257103395,461.42742744235466
2026-09-08 04:15:00,36941.5469,32710.998,3359.963,1289.46057,168.643814,-1243.7728499147997,1121.9196854978945,-10.839789490804435,635.044918135924
2026-09-08 04:30:00,36941.5469,32710.998,3359.963,1289.46057,168.643814,-1243.7728499147997,1121.9196854978945,-10.839789490804435,635.044918135924
2026-09-08 04:45:00,37198.69,33261.55,3509.43726,1281.43286,168.546371,-639.346232079246,1452.6346850246846,-10.466213551922266,786.3923289027107
2026-09-08 05:00:00,37010.27,33118.41,3943.013,1282.12341,167.8651,-787.1205695610843,1257.8859717031664,-11.188001975726195,1219.806938983717
2026-09-08 05:15:00,37010.27,33118.41,3943.013,1282.12341,167.8651,-787.1205695610843,1257.8859717031664,-11.188001975726195,1219.806938983717
2026-09-08 05:30:00,35878.4141,32716.2617,4279.47559,1262.96326,166.767166,-1060.683537141038,301.6279234838439,-11.161730751344265,1560.740274646459
2026-09-08 05:45:00,35938.64,32303.7539,4397.03857,1275.17871,166.315247,-1555.170220339267,249.902362846311,-12.330380711601691,1675.452954930332
2026-09-08 06:00:00,35938.64,32303.7539,4397.03857,1275.17871,166.315247,-1555.170220339267,249.902362846311,-12.330380711601691,1675.452954930332
2026-09-08 06:15:00,35672.3438,32883.6836,4584.646,1248.27686,167.109314,-794.7000065664397,230.15470599059336,-9.957870937639115,1869.3375450364501
2026-09-08 06:30:00,35672.3438,32883.6836,4584.646,1248.27686,167.109314,-794.7000065664397,230.15470599059336,-9.957870937639115,1869.3375450364501
2026-09-08 06:45:00,34493.01,31983.9941,5158.17529,1251.76733,163.992981,-1717.8143359781207,-981.1683547252615,-13.279004245024453,2442.0523840215355
2026-09-08 07:00:00,34795.28,31604.3516,5158.455,1274.59558,168.610779,-2250.659087255801,-888.1134005319036,-10.000634063360735,2437.0054499359985
2026-09-08 07:15:00,35072.8945,31414.123,4860.67529,1286.43982,166.677933,-2520.3753498087026,-719.048316897366,-12.628430598029496,2136.4620567389215
2026-09-08 07:30:00,35072.8945,31414.123,4860.67529,1286.43982,166.677933,-2520.3753498087026,-719.048316897366,-12.628430598029496,2136.4620567389215
2026-09-08 07:45:00,34799.9648,31956.15,5131.54541,1261.87537,166.1212,-1813.4943184485164,-766.8511441863666,-11.743865746808694,2413.0639381445026
2026-09-08 08:00:00,35148.8438,31984.6035,4988.95264,1265.3468,162.682785,-1808.3378688642442,-449.7869081943136,-15.385963898666915,2269.6611598399745
2026-09-08 08:15:00,35148.8438,31984.6035,4988.95264,1265.3468,162.682785,-1808.3378688642442,-449.7869081943136,-15.385963898666915,2269.6611598399745
2026-09-08 08:30:00,33595.0078,30978.5371,5050.242,1259.03552,158.032227,-2772.048753025585,-1945.7816486015508,-19.666213005023707,2332.423166332113
2026-09-08 08:45:00,33670.23,30543.7363,5240.785,1269.86487,160.530121,-3279.52620585154,-1969.8076588807526,-17.803721746999145,2520.4392931321213
2026-09-08 09:00:00,33670.23,30543.7363,5240.785,1269.86487,160.530121,-3279.52620585154,-1969.8076588807526,-17.803721746999145,2520.4392931321213
2026-09-08 09:15:00,33213.41,30441.7324,5549.63232,1273.77551,158.2138,-3407.774730469573,-2462.4676696889946,-20.349496165614198,2828.3741214857328
2026-09-08 09:30:00,33213.41,30441.7324,5549.63232,1273.77551,158.2138,-3407.774730469573,-2462.4676696889946,-20.349496165614198,2828.3741214857328
2026-09-08 09:45:00,33128.96,30058.6348,5164.405,1287.35291,157.862259,-3881.991371416545,-2671.351052139915,-21.497679363797545,2439.9787103089247
2026-09-08 10:00:00,32560.5176,30039.502,5201.707,1277.20728,157.026337,-3833.036019384279,-3146.8113599871067,-21.738315301285184,2479.6480472722733
2026-09-08 10:15:00,32560.5176,30039.502,5201.707,1277.20728,157.026337,-3833.036019384279,-3146.8113599871067,-21.738315301285184,2479.6480472722733
2026-09-08 10:30:00,33013.168,30712.6211,4951.963,1259.837,155.7247,-3043.3435508026414,-2534.966806870936,-22.020766150603862,2233.957152491732
2026-09-08 10:45:00,33083.2539,30116.49,5036.72656,1286.6106,158.269455,-3819.154468344863,-2710.254071717507,-21.046928966775056,2312.473477680105
2026-09-08 11:00:00,33083.2539,30116.49,5036.72656,1286.6106,158.269455,-3819.154468344863,-2710.254071717507,-21.046928966775056,2312.473477680105
2026-09-08 11:15:00,32230.0078,31250.2617,4930.26172,1259.17236,159.891174,-2501.242497448173,-3312.0357520421676,-17.815294973633286,2212.410956684564
2026-09-08 12:15:00,31079.3457,29694.1934,4796.18,1270.81824,159.716782,-4135.467249831065,-4569.4293499738305,-18.672998906917996,2075.6118379429668
2026-09-08 12:30:00,31079.3457,29694.1934,4796.18,1270.81824,159.716782,-4135.467249831065,-4569.4293499738305,-18.672998906917996,2075.6118379429668
2026-09-08 12:45:00,30691.0742,29145.7129,4687.814,1298.61047,159.10524,-4870.463676545871,-5212.409497045719,-20.915225957046715,1960.7609204589994
2026-09-08 13:00:00,31238.3867,29949.38,4594.76953,1286.21826,153.674484,-3983.631442542788,-4551.525576424541,-25.61887975671749,1870.6079945810066
2026-09-08 13:15:00,31238.3867,29949.38,4594.76953,1286.21826,153.674484,-3983.631442542788,-4551.525576424541,-25.61887975671749,1870.6079945810066
2026-09-08 13:30:00,32269.418,29540.65,4687.46973,1319.60547,161.234192,-4616.4257372601205,-3826.4794776338276,-20.01813741771366,1955.517768916356
2026-09-08 13:45:00,33571.43,30623.4375,4269.34473,1294.95422,159.564026,-3368.201684006621,-2298.5451052250355,-20.241912651589985,1543.1447838545832
2026-09-08 14:00:00,33571.43,30623.4375,4269.34473,1294.95422,159.564026,-3368.201684006621,-2298.5451052250355,-20.241912651589985,1543.1447838545832
2026-09-08 14:15:00,33023.14,29789.4219,5291.87256,1297.6499,159.383072,-4220.308212777956,-2871.540319802589,-20.58103334335712,2565.043615664687
2026-09-08 14:30:00,34469.26,30459.1621,4801.30664,1300.34631,159.442551,-3568.6638406389466,-1450.132224642577,-20.679763867242656,2073.8485271397813
2026-09-08 14:45:00,34469.26,30459.1621,4801.30664,1300.34631,159.442551,-3568.6638406389466,-1450.132224642577,-20.679763867242656,2073.8485271397813
2026-09-08 15:00:00,33323.85,30178.5527,5271.72266,1273.99072,154.703766,-3672.398722366561,-2354.000014043384,-23.872157426170048,2550.4142453248955
2026-09-08 17:15:00,32500.2246,28236.2871,4848.96143,1325.52783,156.051,-5960.534079196179,-3649.949785354889,-25.54881876684044,2115.6275713172668
2026-09-08 18:15:00,32528.8047,27590.7188,4520.92,1365.37708,157.622925,-6873.533952432295,-3986.577822820982,-26.3150140340461,1778.2878914809644
2026-09-08 18:30:00,32528.8047,27590.7188,4520.92,1365.37708,157.622925,-6873.533952432295,-3986.577822820982,-26.3150140340461,1778.2878914809644
2026-09-08 18:45:00,32425.67,27738.2051,4670.56,1358.54578,158.105637,-6680.202239877537,-4027.1054135410814,-25.43148141681081,1929.521877167188
2026-09-08 19:00:00,32334.5918,27887.9355,4692.94971,1357.91956,162.361908,-6526.269226282748,-4112.4444681407585,-21.138467500100234,1952.057706605131
2026-09-08 19:15:00,32334.5918,27887.9355,4692.94971,1357.91956,162.361908,-6526.269226282748,-4112.4444681407585,-21.138467500100234,1952.057706605131
2026-09-08 19:30:00,33971.7031,29329.6816,4735.4043,1335.91174,162.135422,-4936.8268477807105,-2273.637152484531,-20.073663702199042,1999.6475051401071
2026-09-08 19:45:00,34924.0,30527.9746,4644.84668,1310.72571,163.115417,-3569.5083422449243,-1090.5167587809992,-17.615900182253228,1914.9666833063106
2026-09-08 20:00:00,34924.0,30527.9746,4644.84668,1310.72571,163.115417,-3569.5083422449243,-1090.5167587809992,-17.615900182253228,1914.9666833063106
2026-09-08 20:15:00,34369.52,29900.6816,4965.78271,1327.87134,164.490234,-4311.8670663181365,-1802.1320523682807,-17.247088188545945,2231.9020269360335
2026-09-08 20:30:00,37940.24,32971.6836,4825.83154,1282.56909,172.592285,-936.8379644621236,2183.7714290152653,-6.486966864135354,2102.521485960334
2026-09-08 20:45:00,37940.24,32971.6836,4825.83154,1282.56909,172.592285,-936.8379644621236,2183.7714290152653,-6.486966864135354,2102.521485960334
2026-09-08 21:00:00,36098.4531,33242.2422,4748.143,1251.97913,167.856476,-460.98764308643877,622.3336526941857,-9.427936426780548,2031.9706735351942
2026-09-08 21:15:00,35033.66,32777.6328,5285.149,1241.09644,164.11882,-852.5624211615432,-342.72238963167183,-12.527060006453524,2571.515992857667
2026-09-08 21:30:00,35033.66,32777.6328,5285.149,1241.09644,164.11882,-852.5624211615432,-342.72238963167183,-12.527060006453524,2571.515992857667
2026-09-08 21:45:00,37118.1,34412.3633,4552.032,1229.82153,173.535522,857.8349212356334,1845.0492635662595,-2.4488124169651257,1841.0298310807657
2026-09-08 22:00:00,36520.457,33421.7461,5320.17,1249.58887,174.271759,-265.4425128940711,1066.243671445729,-2.872406989271923,2604.55540635711
2026-09-08 22:15:00,36520.457,33421.7461,5320.17,1249.58887,174.271759,-265.4425128940711,1066.243671445729,-2.872406989271923,2604.55540635711
2026-09-08 22:30:00,37415.38,33470.8477,5046.02734,1278.32837,180.874741,-409.2140459899092,1697.7765382134385,2.044309712902958,2323.7067970313274
2026-09-08 22:45:00,38194.5859,33830.8633,4581.94629,1277.8562,186.906784,-46.029674534118385,2481.309754945054,8.104056879143656,1859.7359211155376
2026-09-08 23:00:00,38194.5859,33830.8633,4581.94629,1277.8562,186.906784,-46.029674534118385,2481.309754945054,8.104056879143656,1859.7359211155376
2026-09-08 23:15:00,39204.0469,34792.9766,4300.13672,1276.24573,185.076355,926.891621243718,3505.5302987042232,6.368120813056493,1578.3021311468783
2026-09-08 23:30:00,38735.94,34897.36,4572.39551,1255.92834,182.389023,1167.6266858735835,3223.6270577460455,4.872894093224204,1855.3016921335739
2026-09-08 23:45:00,38735.94,34897.36,4572.39551,1255.92834,182.389023,1167.6266858735835,3223.6270577460455,4.872894093224204,1855.3016921335739
2026-09-09 00:00:00,38088.6367,34433.02,4813.131,1263.87354,179.34877,649.9657993907531,2503.508041169305,1.3664633572064986,2094.183283889582
2026-09-09 00:15:00,38679.2227,34603.24,4589.15625,1258.25842,179.7221,857.8693285791305,3145.55517323198,2.0692556651493987,1871.518741449845
2026-09-09 00:30:00,38679.2227,34603.24,4589.15625,1258.25842,179.7221,857.8693285791305,3145.55517323198,2.0692556651493987,1871.518741449845
2026-09-09 00:45:00,37147.1367,34468.7227,5071.736,1248.12024,169.507065,791.390183052572,1706.3829880489793,-7.550930394642705,2356.4640900627523
2026-09-09 01:00:00,36609.3125,34025.8555,5468.105,1246.02234,166.325943,362.6021613932462,1187.7855025188837,-10.608959927191762,2753.3226048800093
2026-09-09 01:15:00,36609.3125,34025.8555,5468.105,1246.02234,166.325943,362.6021613932462,1187.7855025188837,-10.608959927191762,2753.3226048800093
2026-09-09 01:30:00,36506.9336,33828.88,4727.703,1256.77869,163.112442,93.43991753286537,986.8274184832117,-14.453580457324904,2010.4107651809763
2026-09-09 01:45:00,35551.3359,33303.0938,4952.419,1251.25928,159.876022,-395.30507091019535,81.81369298741629,-17.36615385082621,2236.414640188134
2026-09-09 02:00:00,35551.3359,33303.0938,4952.419,1251.25928,159.876022,-395.30507091019535,81.81369298741629,-17.36615385082621,2236.414640188134
2026-09-09 02:15:00,35767.4844,32430.4941,4928.90527,1275.538,160.467087,-1430.8412448904965,75.45396231154155,-18.19962174150328,2207.2358197719877
2026-09-09 06:00:00,35831.1953,33387.02,5599.124,1242.7572,148.4398,-254.32071723907575,439.59247168056027,-28.30352366260678,2885.103478377516
2026-09-09 06:15:00,35831.1953,33387.02,5599.124,1242.7572,148.4398,-254.32071723907575,439.59247168056027,-28.30352366260678,2885.103478377516
2026-09-09 06:30:00,35791.0977,33146.33,5866.0293,1243.13989,143.260559,-497.5789811025461,395.98761615814146,-33.50521866726322,3151.919483165439
2026-09-09 06:45:00,36001.35,33166.1328,6002.3335,1245.8125,144.97081,-495.7122852186003,581.7461322030285,-31.951780746739928,3287.6000680285165
2026-09-09 07:00:00,36001.35,33166.1328,6002.3335,1245.8125,144.97081,-495.7122852186003,581.7461322030285,-31.951780746739928,3287.6000680285165
2026-09-09 07:15:00,37802.77,33711.0352,5239.711,1266.9613,148.027481,-92.74121030140668,2189.3428141319746,-30.135997289343095,2520.0427994660477
2026-09-09 07:30:00,37188.7148,33538.6758,5678.693,1262.14319,147.308716,-232.7658803548038,1619.4443543267553,-30.57206385359774,2960.1490361961937
2026-09-09 07:45:00,37188.7148,33538.6758,5678.693,1262.14319,147.308716,-232.7658803548038,1619.4443543267553,-30.57206385359774,2960.1490361961937
2026-09-09 08:00:00,37442.2734,33507.33,6000.933,1245.2085,142.568176,-150.46159185963916,2028.2050370125144,-34.31897556930517,3286.340502748772
2026-09-09 08:15:00,37718.918,33611.5039,5945.428,1246.808,146.8558,-57.02206707098958,2290.190630484736,-30.12520084795898,3230.462282409288
2026-09-09 08:30:00,37718.918,33611.5039,5945.428,1246.808,146.8558,-57.02206707098958,2290.190630484736,-30.12520084795898,3230.462282409288
2026-09-09 08:45:00,38000.4648,33793.44,5973.71533,1234.958,144.914261,204.44035131261626,2680.339635770244,-31.371451350273617,3261.514639619592
2026-09-09 09:00:00,37227.7461,33273.6328,6750.62354,1241.3175,145.542252,-358.0459728865899,1849.3377522670125,-31.11659851069811,4036.9389516833953
2026-09-09 09:15:00,37227.7461,33273.6328,6750.62354,1241.3175,145.542252,-358.0459728865899,1849.3377522670125,-31.11659851069811,4036.9389516833953
2026-09-09 09:30:00,37430.15,33152.793,6987.16846,1245.29138,148.0833,-505.55480631260434,2015.322063107531,-28.80871448159951,4272.556623891794
2026-09-09 09:45:00,37531.33,33154.5234,6952.742,1234.81506,148.4079,-433.51696666631324,2212.5148441435304,-27.86942546944161,4240.574662614481
2026-09-09 10:00:00,37531.33,33154.5234,6952.742,1234.81506,148.4079,-433.51696666631324,2212.5148441435304,-27.86942546944161,4240.574662614481
2026-09-09 10:15:00,36767.1758,32774.95,7437.18945,1239.434,152.538437,-844.0884504667192,1406.029245824422,-24.009900777753785,4723.944349341675
2026-09-09 11:15:00,36785.81,33489.2344,6987.268,1226.3562,155.759232,-42.037865947124374,1544.5181226415298,-20.02177717732934,4277.074416037954
2026-09-09 11:30:00,36785.81,33489.2344,6987.268,1226.3562,155.759232,-42.037865947124374,1544.5181226415298,-20.02177717732934,4277.074416037954
2026-09-09 11:45:00,37468.34,33691.5352,6395.6626,1238.99231,167.466583,75.4609672182487,2111.2414211875075,-9.055838999142566,3682.520561355895
2026-09-09 12:00:00,37468.34,33691.5352,6395.6626,1238.99231,167.466583,75.4609672182487,2111.2414211875075,-9.055838999142566,3682.520561355895
2026-09-09 12:15:00,36590.34,33010.5938,6645.936,1216.13208,164.158173,-452.0635611106554,1442.7495554772759,-11.02294478197453,3938.128067514865
2026-09-09 12:30:00,37111.57,33191.22,6410.29346,1237.42322,172.420181,-414.3239415654971,1768.8517278787695,-4.010176000928794,3697.517545958884
2026-09-09 12:45:00,36742.9961,32716.0742,6654.705,1236.95459,175.297379,-886.324727338997,1404.5727014199438,-1.105481541125414,3942.0384340349656
2026-09-09 13:00:00,36742.9961,32716.0742,6654.705,1236.95459,175.297379,-886.324727338997,1404.5727014199438,-1.105481541125414,3942.0384340349656
2026-09-09 13:15:00,34555.5,31742.45,7608.647,1229.16443,165.786484,-1807.668526966063,-711.5285837676565,-10.159295642971102,4897.79815592295
2026-09-09 13:30:00,34720.74,32246.7012,7059.70752,1232.81262,165.348526,-1327.9006281866423,-579.7233077592609,-10.811308034901117,4348.007423212541
2026-09-09 13:45:00,36016.24,32754.09,6020.8667,1248.46228,169.672134,-925.5379753389825,572.3515793320184,-7.405930295718548,3305.514979944017
2026-09-09 14:00:00,36016.24,32754.09,6020.8667,1248.46228,169.672134,-925.5379753389825,572.3515793320184,-7.405930295718548,3305.514979944017
2026-09-09 14:15:00,33374.88,32092.57,6366.588,1230.56226,168.396881,-1466.9294783269215,-1904.9593365621113,-7.630915108854595,3655.41299237988
2026-09-09 14:30:00,34079.41,32536.5059,5841.921,1235.6355,167.24324,-1057.0405065527775,-1246.9242776543106,-9.082224076618132,3129.562224730564
2026-09-09 14:45:00,34079.41,32536.5059,5841.921,1235.6355,167.24324,-1057.0405065527775,-1246.9242776543106,-9.082224076618132,3129.562224730564
2026-09-09 15:00:00,32625.1152,29907.5254,6259.79639,1301.07288,167.572433,-4125.176611284347,-3300.9358520091846,-12.592512733383046,3532.168742471411
2026-09-09 15:15:00,35849.93,30436.8672,4998.232,1352.31909,177.3993,-3939.7523144415827,-545.7793995639367,-5.772472768232575,2258.6467857984217
2026-09-09 15:30:00,35849.93,30436.8672,4998.232,1352.31909,177.3993,-3939.7523144415827,-545.7793995639367,-5.772472768232575,2258.6467857984217
2026-09-09 15:45:00,37391.7578,31427.4863,4898.0957,1331.69983,180.2963,-2810.7556755728547,1185.0186204660276,-1.6656555269850344,2163.321693811613
2026-09-09 16:00:00,38793.34,32764.7363,4736.04834,1318.81287,184.57692,-1387.0202338887357,2704.7064977171685,3.3710957015492227,2004.281320736347
2026-09-09 16:15:00,33571.16,32602.4434,7482.512,1216.14856,167.862549,-860.3245597374007,-1576.5814794883845,-7.319535731716485,4774.700222143691
2026-09-09 16:30:00,36837.42,34202.79,4997.84766,1237.65552,167.173843,595.6870741509119,1492.5727580654493,-9.27014400244883,2285.0175420921373
2026-09-09 16:45:00,36837.42,34202.79,4997.84766,1237.65552,167.173843,595.6870741509119,1492.5727580654493,-9.27014400244883,2285.0175420921373
2026-09-09 17:00:00,38611.9063,34965.9961,5294.738,1251.37952,183.480637,1266.7902886237644,3141.2821242816426,6.231406171202337,2578.7055839120358
2026-09-09 17:15:00,38988.8164,34604.6133,5315.71143,1263.24084,179.719437,825.8052007950901,3409.4862741046745,1.7742534823107974,2596.9113453424056
2026-09-09 17:30:00,38988.8164,34604.6133,5315.71143,1263.24084,179.719437,825.8052007950901,3409.4862741046745,1.7742534823107974,2596.9113453424056
2026-09-09 17:45:00,38933.49,34174.77,5241.67529,1268.89038,180.072739,358.0473761739122,3302.3832915858,1.7960736106472268,2521.556966369773
2026-09-09 18:00:00,38151.8047,34266.9766,5522.69775,1246.42712,174.4866,601.0067497345663,2726.567997822218,-2.4720530434865395,2807.820905283876
2026-09-09 18:15:00,38532.2,34384.9141,5066.438,1263.34485,175.870667,605.4079811853808,2951.916649178791,-2.0806192144524687,2347.613646103575
2026-09-09 18:30:00,38532.2,34384.9141,5066.438,1263.34485,175.870667,605.4079811853808,2951.916649178791,-2.0806192144524687,2347.613646103575
2026-09-09 18:45:00,39181.2539,34562.6563,4693.18164,1268.94348,181.478531,745.5773177345764,3549.660543729209,3.1987500140879774,1973.0509262478427
2026-09-09 19:00:00,39181.2539,34562.6563,4693.18164,1268.94348,181.478531,745.5773177345764,3549.660543729209,3.1987500140879774,1973.0509262478427
2026-09-09 19:15:00,39553.3047,35260.418,4502.314,1249.75452,183.923828,1572.1176964189872,4097.573231757495,6.769942640294204,1786.6607543100731
2026-09-09 19:30:00,40203.9648,34913.7148,4208.965,1271.36633,184.010651,1080.375873388948,4550.166646001278,5.588711386525347,1488.26894901776
2026-09-09 19:45:00,40203.9648,34913.7148,4208.965,1271.36633,184.010651,1080.375873388948,4550.166646001278,5.588711386525347,1488.26894901776
2026-09-09 20:00:00,40756.7344,35528.32,3716.27783,1274.33643,185.845627,1675.048489571971,5075.71604263263,7.24941933867936,994.8887488643995
2026-09-09 20:15:00,40190.2969,35029.2266,4201.65674,1277.64185,183.747055,1153.772145832605,4478.985217620415,4.956904679943534,1479.4963866077346
2026-09-09 20:30:00,40190.2969,35029.2266,4201.65674,1277.64185,183.747055,1153.772145832605,4478.985217620415,4.956904679943534,1479.4963866077346
2026-09-09 20:45:00,40176.0078,35080.0,4034.64526,1262.44287,181.9507,1306.5471426753065,4603.99086412591,4.052336681677701,1316.0313701747264
2026-09-09 21:00:00,37942.5078,33829.67,4343.32666,1252.65991,174.1363,121.87138670012064,2460.1491789123975,-3.188056604287226,1626.9954833053007
2026-09-09 21:15:00,37942.5078,33829.67,4343.32666,1252.65991,174.1363,121.87138670012064,2460.1491789123975,-3.188056604287226,1626.9954833053007
2026-09-09 21:30:00,37131.4258,32323.6738,4845.383,1284.55835,171.957382,-1598.1978508847205,1356.726172231618,-7.238587973578859,2121.6087807258723
2026-09-09 21:45:00,36697.043,32390.3145,4479.555,1278.50659,173.784271,-1490.9432949740658,977.8061977049147,-5.056617191405678,1757.1928719554276
2026-09-09 22:00:00,36697.043,32390.3145,4479.555,1278.50659,173.784271,-1490.9432949740658,977.8061977049147,-5.056617191405678,1757.1928719554276
2026-09-09 22:15:00,36674.2773,32494.4023,4528.35547,1278.44385,170.7758,-1386.4344417069515,955.6154936846287,-8.061406976186703,1806.0079814328265
2026-09-09 22:30:00,36501.71,32353.07,4467.196,1275.91809,170.131714,-1510.8161599414962,806.1961351210775,-8.557296193409172,1745.4378612325472
2026-09-09 22:45:00,36501.71,32353.07,4467.196,1275.91809,170.131714,-1510.8161599414962,806.1961351210775,-8.557296193409172,1745.4378612325472
2026-09-09 23:00:00,34908.3633,31145.0039,4641.50439,1290.96655,169.700333,-2819.8737047636932,-925.0658342587267,-9.87163256436935,1916.2349093445168
2026-09-09 23:15:00,35622.2344,31649.4648,4460.074,1284.05554,169.221481,-2269.0324518850175,-147.85710330933944,-9.944987031847091,1736.4171042137718
2026-09-09 23:30:00,35622.2344,31649.4648,4460.074,1284.05554,169.221481,-2269.0324518850175,-147.85710330933944,-9.944987031847091,1736.4171042137718
2026-09-09 23:45:00,35030.05,31221.6758,4708.82666,1287.09558,168.935913,-2717.2234087574943,-767.9026888077497,-10.40892674868283,1984.4604145664798
2026-09-10 00:00:00,35124.375,31689.9043,4279.7124,1271.41077,168.80101,-2143.732867082701,-529.8304351804036,-9.62353709202631,1559.0059795823827
2026-09-10 00:15:00,35124.375,31689.9043,4279.7124,1271.41077,168.80101,-2143.732867082701,-529.8304351804036,-9.62353709202631,1559.0059795823827
2026-09-10 00:30:00,34898.1133,31050.9258,4218.921,1290.99744,172.462784,-2914.1591100780242,-935.5989331719102,-7.11099400839413,1493.64431160692
2026-09-10 00:45:00,34340.1523,31122.1,4217.8335,1282.12329,176.107178,-2783.4297642312886,-1412.2306285276572,-2.9459169348300236,1494.6274669839922
2026-09-10 01:00:00,34340.1523,31122.1,4217.8335,1282.12329,176.107178,-2783.4297642312886,-1412.2306285276572,-2.9459169348300236,1494.6274669839922
2026-09-10 01:15:00,33500.5977,30597.0586,4184.869,1273.2218,183.5594,-3248.732537410313,-2170.2053598080965,5.028592289580189,1463.7400017571772
2026-09-10 01:30:00,34474.2969,31338.5859,3745.23218,1283.15894,188.151459,-2573.894196014742,-1287.577494679892,9.03759819743766,1021.7844929392372
2026-09-10 01:45:00,34474.2969,31338.5859,3745.23218,1283.15894,188.151459,-2573.894196014742,-1287.577494679892,9.03759819743766,1021.7844929392372
2026-09-10 02:00:00,33384.5469,30652.5859,4158.707,1281.3335,188.5414,-3247.643518999539,-2360.59780610467,9.53464531011403,1435.685253130864
2026-09-10 02:15:00,33193.7539,30976.2676,4217.29541,1279.578,190.401352,-2912.180515039843,-2535.3020996592095,11.497599753800642,1494.6832838285586
2026-09-10 02:30:00,33193.7539,30976.2676,4217.29541,1279.578,190.401352,-2912.180515039843,-2535.3020996592095,11.497599753800642,1494.6832838285586
2026-09-10 02:45:00,34106.23,31283.21,3869.84619,1284.38184,189.806717,-2637.4770778503007,-1666.8519589704883,10.621103597959234,1146.1131567978464
2026-09-10 03:00:00,33507.34,32764.7031,3992.78076,1250.38574,179.861481,-927.8333725843986,-1954.1764373581464,2.6705593529094926,1276.980228193981
2026-09-10 03:15:00,33507.34,32764.7031,3992.78076,1250.38574,179.861481,-927.8333725843986,-1954.1764373581464,2.6705593529094926,1276.980228193981
2026-09-10 03:30:00,34317.8125,31111.2676,3862.57446,1279.9187,183.013535,-2779.466980581892,-1414.3659276204562,4.089792476065497,1139.8828363795674
2026-09-10 03:45:00,34762.7773,31406.3457,3940.396,1282.42688,180.82753,-2501.221481530698,-992.3879528738762,1.7566221845782195,1217.1191286202143
2026-09-10 04:00:00,34762.7773,31406.3457,3940.396,1282.42688,180.82753,-2501.221481530698,-992.3879528738762,1.7566221845782195,1217.1191286202143
2026-09-10 04:15:00,33865.15,30557.752,4348.735,1282.52087,176.369354,-3350.4459561015756,-1890.8766470742776,-2.7070685973540662,1625.436197404391
2026-09-10 04:30:00,34213.11,31173.0,4188.54443,1288.63916,175.4773,-2776.2583002790634,-1598.9892029034963,-3.9581079697171617,1463.8180123554016
2026-09-10 04:45:00,34213.11,31173.0,4188.54443,1288.63916,175.4773,-2776.2583002790634,-1598.9892029034963,-3.9581079697171617,1463.8180123554016
2026-09-10 05:00:00,34483.83,31156.2871,3903.21338,1286.37122,174.616516,-2777.7508696027,-1307.484115523308,-4.6858225523804435,1179.0161535631096
2026-09-10 05:15:00,34832.82,31693.2031,4205.934,1285.818,170.112289,-2237.122164973487,-953.4239963665095,-9.157589847512128,1481.8658595000957
2026-09-10 05:30:00,34832.82,31693.2031,4205.934,1285.818,170.112289,-2237.122164973487,-953.4239963665095,-9.157589847512128,1481.8658595000957
2026-09-10 05:45:00,35675.21,31296.9063,3902.13428,1304.65112,171.49556,-2759.8095723386105,-283.63470222360047,-8.87933586958195,1173.6717015882887
2026-09-10 06:00:00,36697.332,32356.25,3323.998,1289.46179,168.980225,-1598.5290374344986,877.6936045113616,-10.503450073248928,599.0796334664556
2026-09-10 06:15:00,36697.332,32356.25,3323.998,1289.46179,168.980225,-1598.5290374344986,877.6936045113616,-10.503450073248928,599.0796334664556
2026-09-10 06:30:00,36197.375,30788.9941,3588.04272,1334.18188,166.19371,-3465.9051159563205,-32.11153005117376,-15.913877663329345,852.6895631122597
2026-09-10 06:45:00,37669.9023,32723.416,3981.28247,1308.493,170.997,-1359.0830429775633,1675.8477547011134,-9.603314854686374,1251.9234440997893
2026-09-10 07:00:00,39460.8438,34950.9023,3627.84326,1261.38953,169.736,1184.5184934943973,3898.48045458291,-8.100559505144929,909.4751519267688
2026-09-10 07:15:00,39460.8438,34950.9023,3627.84326,1261.38953,169.736,1184.5184934943973,3898.48045458291,-8.100559505144929,909.4751519267688
2026-09-10 07:30:00,40092.8555,35275.0,3486.78833,1278.518,171.972946,1393.665631583499,4373.514127986578,-6.868611663284042,764.423539595894
2026-09-10 07:45:00,40071.2422,34830.43,3764.404,1292.59131,166.092484,854.6484981007015,4222.922557803751,-13.574812951668832,1038.7554049470305
2026-09-10 08:00:00,40330.21,34608.0742,3625.89868,1305.397,168.525421,546.3526660279822,4364.529499221266,-11.893238733265832,897.2620612089113
2026-09-10 08:15:00,40994.78,35111.52,3291.92041,1305.18713,173.648926,1051.2069207485765,5031.022903847705,-6.757419792589957,563.3327613574875
2026-09-10 08:30:00,39716.0273,34038.5078,3865.82764,1301.89148,169.516342,0.31209721954655834,3782.473989320206,-10.696634380151409,1138.0089839250518
2026-09-10 08:45:00,39516.02,33277.0352,3882.22559,1327.05151,165.316132,-930.0115201915178,3351.881478936295,-16.373087372591726,1148.536202485216
2026-09-10 09:00:00,40331.1641,33441.5664,3494.423,1346.09839,167.262314,-893.3054883851291,3992.465817602264,-15.544464577721953,756.2892967492344
2026-09-10 09:15:00,40802.1445,33918.1641,3332.043,1337.43115,170.336182,-358.5412324571007,4542.879245259544,-11.962053769394629,595.9316726511947
2026-09-10 09:30:00,41306.94,34113.4375,3016.38843,1338.28662,163.79921,-169.00896153623034,5039.834582512238,-18.549219731514057,280.07749102017397
2026-09-10 09:45:00,40591.582,34188.81,3254.47241,1335.89258,166.240845,-77.56986345496261,4346.4173439925435,-15.96711650577575,518.720085850769
2026-09-10 10:00:00,41257.2578,34108.28,2896.25415,1349.0249,162.878937,-246.23193614992488,4891.7388053836985,-20.09955202003087,157.4375876959666
2026-09-10 10:15:00,41257.2578,34108.28,2896.25415,1349.0249,162.878937,-246.23193614992488,4891.7388053836985,-20.09955202003087,157.4375876959666
2026-09-10 10:30:00,40799.4727,33829.2,3407.055,1339.41724,163.51564,-460.83414475065365,4522.005440711393,-18.899127881830765,670.4802470906789
2026-09-10 10:45:00,40799.4727,33829.2,3407.055,1339.41724,163.51564,-460.83414475065365,4522.005440711393,-18.899127881830765,670.4802470906789
2026-09-10 11:00:00,36686.43,29268.8164,3366.04419,1398.01416,150.3798,-5414.466463418899,-128.06297531712335,-35.47309146628544,615.7966878721163
2026-09-10 11:15:00,35666.6172,28294.1289,3723.59814,1396.528,148.507034,-6379.180222209699,-1134.2555007680057,-37.25865831407279,973.6974119513452
2026-09-10 11:30:00,34344.0273,27549.5254,4266.31641,1408.78442,148.1679,-7206.037558426004,-2569.172340928788,-38.316927153634,1513.5558224744755
2026-09-10 11:45:00,34344.0273,27549.5254,4266.31641,1408.78442,148.1679,-7206.037558426004,-2569.172340928788,-38.316927153634,1513.5558224744755
2026-09-10 12:00:00,36718.75,28760.2949,3403.499,1422.48352,152.398331,-6087.203838018315,-319.9983726103601,-34.890278994025635,647.5419243515498
2026-09-10 12:15:00,35982.02,28349.0918,3455.13354,1410.18347,149.537231,-6415.860297306568,-944.0015747097787,-37.029684201962,702.0465042619371
2026-09-10 12:30:00,36051.5664,28875.81,3865.51123,1402.40088,145.835,-5836.9124998222505,-803.1297370023531,-40.27527846700829,1114.2401497992064
2026-09-10 12:45:00,34315.4844,27908.6328,4409.068,1392.87012,146.310608,-6740.127990607252,-2451.8647704161267,-39.24046136977631,1660.0207856840057
2026-09-10 13:00:00,36256.09,29397.8086,3439.04272,1390.82129,147.088074,-5237.20232504659,-492.48216988827335,-38.3427820421212,690.4735707219197
2026-09-10 13:15:00,35352.1,29315.8027,3684.95947,1371.26868,149.782654,-5187.989061494649,-1217.2775230454645,-34.500969566785585,940.9526412858395
2026-09-10 13:30:00,34109.3125,29659.4727,4646.27148,1330.12341,143.95253,-4568.189792127603,-2082.9791952760716,-37.916930447363,1911.8653087647667
2026-09-10 13:45:00,33448.09,27993.7012,4427.86426,1378.66846,142.865616,-6559.751089785674,-3189.104605461296,-41.852183256186606,1682.1307989609236
2026-09-10 14:00:00,34193.5664,28689.28,3941.02661,1373.63831,145.449509,-5830.414542071128,-2397.528173147628,-38.97315055689276,1196.466862177962
2026-09-10 14:15:00,35583.1367,30620.4727,3684.62646,1348.18945,146.439789,-3728.432462926845,-774.7256100250961,-36.489680714090724,946.0048379476834
2026-09-10 14:45:00,34104.625,27755.4824,3808.85474,1402.163,144.7201,-6955.643667702665,-2747.8910279227566,-41.37622106381596,1057.6391656787664
2026-09-10 15:00:00,34388.61,27733.5039,3757.53174,1410.33911,151.249,-7032.492710065486,-2538.837975319955,-35.32704724430627,1004.4083879045525
2026-09-10 15:15:00,35876.92,29048.0664,3455.34229,1384.74353,150.8599,-5546.156181011214,-815.9510610953585,-34.21434873244257,708.1912986778434
2026-09-10 15:30:00,33822.94,26765.1172,4073.451,1434.6842,153.479126,-8164.261298539539,-3327.6244699928575,-34.5253483373117,1314.647071002672
2026-09-10 15:45:00,35355.082,27948.1445,3522.50659,1422.23987,153.562378,-6897.71908295721,-1681.4333829632815,-33.711936041075376,766.6063665776924
2026-09-10 16:00:00,36109.1875,29038.584,3326.71924,1402.24414,154.6247,-5673.086604873435,-744.0721551748138,-31.47638188311575,575.4847328257833
2026-09-10 16:15:00,35263.5938,28619.4727,4006.647,1385.4696,156.896744,-5979.622596115754,-1435.9315060904337,-28.220106261515497,1259.3265906772876
2026-09-10 16:30:00,35742.8242,29068.3535,3600.5415,1395.97351,158.953735,-5601.2343945067005,-1052.9667423875144,-26.779423093053254,850.7701542245804
2026-09-10 16:45:00,35164.1563,28594.4668,3843.29419,1401.23291,162.218353,-6110.417357705588,-1679.8356920481529,-23.82339583775584,1092.2956388144653
2026-09-10 17:00:00,35143.4258,28844.7012,3804.218,1402.55347,165.382263,-5869.045343781927,-1712.6687851462048,-20.736968553241383,1052.911315115491
2026-09-10 17:15:00,35388.7227,29089.9355,3831.92188,1392.0896,163.1647,-5553.587157103051,-1371.4732051613246,-22.34057303406209,1083.0567888095907
2026-09-10 17:30:00,34410.15,28265.9551,3959.85376,1381.16614,163.982361,-6304.25932437642,-2249.9352009125505,-20.881987469258235,1213.53750122568
2026-09-10 17:45:00,35545.88,27883.6816,3234.43066,1422.04333,164.484421,-6960.862986955934,-1488.8341443618701,-22.77836122661671,478.5762963623265
2026-09-10 18:00:00,35968.6172,28545.38,3272.893,1423.46558,167.122757,-6308.709422932388,-1079.1315001818948,-20.223474514872663,516.7067747631827
2026-09-10 18:15:00,36838.2344,30813.19,3235.27637,1364.1189,169.628464,-3642.619003633652,334.3827736048479,-14.235652411090996,492.9378397033656
2026-09-10 18:30:00,34775.793,28621.56,3605.5918,1364.65759,163.959824,-5837.864196245475,-1732.995581835261,-19.93589958078033,863.1275741330774
2026-09-10 18:45:00,35494.4453,28378.1113,3285.34351,1401.48755,162.302917,-6328.4817675548,-1351.8804022214827,-23.753772619447915,534.2855422297539
2026-09-10 19:00:00,35154.8672,27194.6641,3019.915,1424.22888,162.641434,-7664.547891609371,-1899.8769485611629,-24.749583481985155,263.55066967713856
2026-09-10 19:15:00,34824.5742,26782.27,3182.88574,1436.36658,160.899948,-8158.399088203867,-2341.4088504256215,-27.203238528259874,423.68925180621045
2026-09-10 19:30:00,34785.5938,26349.4648,3232.94287,1449.37939,160.731308,-8678.534319522456,-2499.6483105911248,-28.135393896661924,470.7100295924961
2026-09-10 19:45:00,34644.293,26097.5039,3221.9646,1459.06982,168.942474,-8995.528487155712,-2729.759411702078,-20.492805493001583,457.4706370077247
2026-09-10 20:00:00,36337.6055,27700.5156,2806.24316,1434.39856,169.436569,-7226.945945157,-810.3411527846183,-18.55114565744006,47.50588099189963
2026-09-10 20:15:00,36749.082,28810.2832,2943.73486,1407.23547,172.153183,-5934.884628395597,-149.92191216279753,-14.240760852495612,191.33569769788437
2026-09-10 20:30:00,37422.9727,29369.0254,2882.81445,1394.08154,171.2926,-5287.86532922466,644.5211765436252,-14.329548390186915,133.48456823564175
2026-09-10 20:45:00,37035.375,31222.2578,3145.94922,1328.20276,166.169159,-2992.5150530218234,860.685568486093,-15.587608970309901,411.9912048416836
2026-09-10 21:00:00,35392.582,29885.16,4001.544,1335.563,165.898972,-4379.008025141633,-849.5621399890588,-16.28965168441991,1265.8685786075598
2026-09-10 21:15:00,35351.1836,29183.7383,3753.61914,1356.53149,164.530014,-5221.150975079476,-1083.1313632385936,-18.88891769377267,1013.0510227924565
2026-09-10 21:30:00,34677.1,28249.4941,4056.402,1363.15356,170.673813,-6199.836428005943,-1817.9045333276154,-13.133662921778296,1314.2887179200065
2026-09-10 21:45:00,34466.0859,28207.6836,4350.81836,1367.89282,170.94754,-6273.452489158906,-2072.3527335319523,-13.138007901992665,1607.5992397042514
2026-09-10 22:00:00,34087.72,27774.6621,4154.268,1383.59351,172.430389,-6811.842602811419,-2594.6114232791224,-12.576383303910234,1407.3853493185516
2026-09-10 23:00:00,34940.0078,29002.5859,3936.79443,1352.83154,172.606567,-5377.472708269066,-1460.3980721460903,-10.595273328624017,1197.0896429550526
2026-09-10 23:15:00,34940.0078,29002.5859,3936.79443,1352.83154,172.606567,-5377.472708269066,-1460.3980721460903,-10.595273328624017,1197.0896429550526
2026-09-10 23:30:00,35638.418,29676.28,3674.70825,1349.94812,179.015732,-4684.427741015592,-735.5620687060728,-4.016926154784727,935.6762675760428
2026-09-10 23:45:00,35638.418,29676.28,3674.70825,1349.94812,179.015732,-4684.427741015592,-735.5620687060728,-4.016926154784727,935.6762675760428
2026-09-11 00:00:00,34632.57,29601.87,4029.7085,1329.231,171.642258,-4619.803455689736,-1551.5429869200525,-10.174841062703166,1295.5105598139435
2026-09-11 00:15:00,35230.7227,30077.85,3694.29932,1326.35168,177.922668,-4124.500103871316,-927.0020589265769,-3.725489452816646,960.7732277588525
2026-09-11 00:30:00,35702.4844,30498.9531,3482.68018,1326.5033,185.641174,-3704.414538081721,-456.6299172696454,3.984120374861078,749.1187094106981
2026-09-11 00:45:00,35702.4844,30498.9531,3482.68018,1326.5033,185.641174,-3704.414538081721,-456.6299172696454,3.984120374861078,749.1187094106981
2026-09-11 01:00:00,36336.0625,30944.8,3267.213,1337.14807,193.555191,-3330.005559443769,79.3916007255466,11.273564704691836,531.1677253012112
2026-09-11 01:15:00,36578.62,31446.8516,3200.32886,1324.61975,200.88179,-2743.875380107762,436.76793452491256,19.335252041512177,467.20688873575864
2026-09-11 01:30:00,35427.19,30776.16,3397.92432,1334.31677,203.954315,-3479.6444737695456,-803.5327622428158,21.838812782624018,662.5396884691886
2026-09-11 01:45:00,35427.19,30776.16,3397.92432,1334.31677,203.954315,-3479.6444737695456,-803.5327622428158,21.838812782624018,662.5396884691886
2026-09-11 02:00:00,36287.84,31352.0371,3169.80884,1343.92273,211.722534,-2968.2337563299006,-30.918917507318838,29.04341039045309,432.1827957450464
2026-09-11 02:15:00,36287.84,31352.0371,3169.80884,1343.92273,211.722534,-2968.2337563299006,-30.918917507318838,29.04341039045309,432.1827957450464
2026-09-11 02:30:00,35555.63,30591.9355,3398.95361,1335.29663,209.362854,-3670.444894303844,-684.0729273796242,27.18985934487364,663.3403422192064
2026-09-11 02:45:00,36005.5,30974.1426,3243.892,1341.487,208.66124,-3329.781873251719,-290.9360778887494,26.125030740872234,506.83429833803757
2026-09-11 03:00:00,36058.26,30922.123,3148.92871,1337.50793,205.516022,-3355.097609311575,-201.70892371276568,23.213281230533397,412.7994671415572
2026-09-11 03:15:00,36058.26,30922.123,3148.92871,1337.50793,205.516022,-3355.097609311575,-201.70892371276568,23.213281230533397,412.7994671415572
2026-09-11 03:30:00,35956.8164,31021.6875,3148.22583,1337.21265,204.292831,-3253.551461101255,-300.4463583813995,22.007415529064787,412.16548648625394
2026-09-11 03:45:00,35956.8164,31021.6875,3148.22583,1337.21265,204.292831,-3253.551461101255,-300.4463583813995,22.007415529064787,412.16548648625394
2026-09-11 04:00:00,36163.97,30926.79,2956.45483,1336.52,199.675568,-3343.8005303478058,-86.94479909945949,17.430793168551844,220.5561064100698
2026-09-11 04:15:00,36230.6328,31477.83,2904.867,1326.25964,193.449936,-2723.90241590979,73.751564024853,11.807178914552736,171.36238397019724
2026-09-11 04:30:00,36230.6328,31477.83,2904.867,1326.25964,193.449936,-2723.90241590979,73.751564024853,11.807178914552736,171.36238397019724
2026-09-11 04:45:00,36525.79,31082.748,2935.281,1343.4729,190.713455,-3234.504010439734,211.15365886429208,8.060724776521795,197.75991711129154
2026-09-11 05:00:00,35863.22,31992.5547,3055.41357,1294.725,185.746277,-1997.546169854737,-4.654362820343522,5.9537876335947715,329.2671090475915
2026-09-11 05:15:00,35863.22,31992.5547,3055.41357,1294.725,185.746277,-1997.546169854737,-4.654362820343522,5.9537876335947715,329.2671090475915
2026-09-11 05:30:00,36284.59,30912.6719,3071.45459,1334.8761,183.9266,-3346.8862831080696,48.74112202027027,1.77827957879191,335.93944685150564
2026-09-11 05:45:00,36534.24,31095.5313,3072.37329,1334.08777,181.096344,-3158.7363360556374,305.61596391838975,-1.0057218405008825,337.0420923283582
2026-09-11 06:00:00,36534.24,31095.5313,3072.37329,1334.08777,181.096344,-3158.7363360556374,305.61596391838975,-1.0057218405008825,337.0420923283582
2026-09-11 06:15:00,36303.64,30994.125,3032.814,1337.85071,174.354385,-3285.3960339036057,40.52958566042071,-7.968468089402137,296.6047743544559
2026-09-11 06:30:00,36108.375,30795.3262,3103.6,1335.827,176.695,-3470.6135507157487,-136.18863215744204,-5.509113656013909,367.8629780013557
2026-09-11 06:45:00,36108.375,30795.3262,3103.6,1335.827,176.695,-3470.6135507157487,-136.18863215744204,-5.509113656013909,367.8629780013557
2026-09-11 07:00:00,36236.42,30350.84,3011.21313,1351.806,171.845078,-4022.3361255218006,-154.58706154622632,-11.296589656394815,271.74763797659307
2026-09-11 07:15:00,36237.5742,30570.35,3066.269,1349.43689,175.17952,-3786.9268347078105,-131.7205771104418,-7.823142176837763,327.3563057499432
2026-09-11 07:30:00,36237.5742,30570.35,3066.269,1349.43689,175.17952,-3786.9268347078105,-131.7205771104418,-7.823142176837763,327.3563057499432
2026-09-11 07:45:00,36190.5273,30381.1621,3257.24585,1353.16431,175.759338,-4001.12975493307,-212.92832369485404,-7.462027320469986,517.4634158576032
2026-09-11 08:00:00,35697.01,29908.873,3279.274,1362.88354,174.494431,-4538.64540171987,-795.5198694059945,-9.29720173189267,537.2237232067005
2026-09-11 08:15:00,35697.01,29908.873,3279.274,1362.88354,174.494431,-4538.64540171987,-795.5198694059945,-9.29720173189267,537.2237232067005
2026-09-11 08:30:00,36101.4258,30603.0332,3229.40674,1333.43164,176.857361,-3646.831094006604,-121.18497321629548,-5.206206980417647,494.22864083498234
2026-09-11 08:45:00,34506.0,29382.041,3793.766,1346.44128,173.248154,-4955.132051196149,-1835.8407811462894,-9.578743351812363,1055.552288295214
2026-09-11 09:00:00,34506.0,29382.041,3793.766,1346.44128,173.248154,-4955.132051196149,-1835.8407811462894,-9.578743351812363,1055.552288295214
2026-09-11 09:15:00,35193.7344,29948.4375,3550.48315,1337.84082,177.6165,-4331.01716130539,-1069.2853750306967,-4.705772802208713,814.2762320438324
2026-09-11 09:30:00,33804.0625,28581.66,4234.809,1350.76709,177.0658,-5784.543915611928,-2577.4232183316126,-6.0149105109830145,1495.5859226955008
2026-09-11 09:45:00,33804.0625,28581.66,4234.809,1350.76709,177.0658,-5784.543915611928,-2577.4232183316126,-6.0149105109830145,1495.5859226955008
2026-09-11 10:00:00,32697.9023,28148.1133,4392.917,1333.48254,169.838531,-6102.092588066163,-3525.1749586381484,-12.2280234938803,1657.727024051438
2026-09-11 10:15:00,33536.53,30236.8086,3790.77441,1302.50476,166.186615,-3805.502874977774,-2402.643864304897,-14.06234505355738,1062.8126538501542
2026-09-11 10:30:00,33536.53,30236.8086,3790.77441,1302.50476,166.186615,-3805.502874977774,-2402.643864304897,-14.06234505355738,1062.8126538501542
2026-09-11 10:45:00,31681.8535,27815.8184,4610.013,1348.57,171.750687,-6535.64066507544,-4679.4964529973695,-11.201111156098648,1871.302582073854
2026-09-11 11:00:00,31103.5664,27564.8047,4493.9043,1338.95813,162.343445,-6722.148320022119,-5169.693234101378,-20.044384999790907,1757.4366738115673
2026-09-11 11:15:00,31103.5664,27564.8047,4493.9043,1338.95813,162.343445,-6722.148320022119,-5169.693234101378,-20.044384999790907,1757.4366738115673
2026-09-11 11:30:00,31923.8359,27730.8477,4349.923,1334.10242,163.895432,-6523.518253402843,-4304.922399567462,-18.207493416576085,1614.5883839613848
2026-09-11 11:45:00,31679.1289,27138.9746,4228.415,1349.10229,164.6566,-7216.056706764248,-4687.099354081878,-18.326429811325056,1489.580379851595
2026-09-11 12:00:00,31679.1289,27138.9746,4228.415,1349.10229,164.6566,-7216.056706764248,-4687.099354081878,-18.326429811325056,1489.580379851595
2026-09-11 12:15:00,32054.1621,27948.2012,4082.87915,1345.266,165.376038,-6381.084451072111,-4276.9075419203,-17.38190081463432,1344.9396729939253
2026-09-11 12:30:00,32683.1074,27025.3516,4269.08,1364.84277,165.903961,-7435.315354358405,-3827.3783089554927,-18.002627857067324,1526.572565041195
2026-09-11 12:45:00,32683.1074,27025.3516,4269.08,1364.84277,165.903961,-7435.315354358405,-3827.3783089554927,-18.002627857067324,1526.572565041195
2026-09-11 13:00:00,32850.3,27711.5176,4344.614,1362.1908,169.495,-6731.351766969063,-3635.88108529718,-14.255986811733464,1602.725364130723
2026-09-11 13:15:00,33522.7227,29344.8789,3756.04077,1305.4856,171.068527,-4717.437235812427,-2443.769797014029,-9.355331261611383,1027.3834776721324
2026-09-11 13:30:00,33522.7227,29344.8789,3756.04077,1305.4856,171.068527,-4717.437235812427,-2443.769797014029,-9.355331261611383,1027.3834776721324
2026-09-11 13:45:00,33882.9063,28197.6035,4062.20923,1354.61609,182.545883,-6194.431369152731,-2533.8545143775045,-0.7606642559273666,1322.0880438573186
2026-09-11 14:00:00,33374.42,27424.4258,4347.41,1367.64465,186.792282,-7055.044800008425,-3161.7442192462404,2.7212952580470358,1604.2487866074393
2026-09-11 14:15:00,33374.42,27424.4258,4347.41,1367.64465,186.792282,-7055.044800008425,-3161.7442192462404,2.7212952580470358,1604.2487866074393
2026-09-11 14:30:00,34148.1,29121.7148,4460.8623,1330.13477,187.943573,-5106.023930015937,-2044.2958067572545,6.073446014465361,1726.4534780720141
2026-09-11 14:45:00,34975.69,29789.55,4254.073,1347.17676,190.639267,-4552.558917579681,-1372.8912663735755,7.769215995505988,1515.6876746063845
2026-09-11 15:00:00,34975.69,29789.55,4254.073,1347.17676,190.639267,-4552.558917579681,-1372.8912663735755,7.769215995505988,1515.6876746063845
2026-09-11 15:15:00,35682.0859,30146.7246,3930.9585,1347.73022,188.373169,-4199.098632868503,-671.5676850687087,5.470644208845329,1192.4440326688473
2026-09-11 15:30:00,34430.3867,29273.66,4541.23438,1353.979,184.780014,-5114.099306099652,-1980.535348220088,1.5108474486287662,1801.261849653556
2026-09-11 15:45:00,34430.3867,29273.66,4541.23438,1353.979,184.780014,-5114.099306099652,-1980.535348220088,1.5108474486287662,1801.261849653556
2026-09-11 16:00:00,33925.8945,28995.5156,4488.09229,1334.13269,180.676071,-5259.0534978465075,-2303.141216339951,-1.42863048263726,1752.7506108918778
2026-09-11 16:15:00,32636.4258,28211.6445,5183.1543,1355.5304,177.210938,-6186.526378280276,-3788.7144306065857,-6.14925560413991,2442.8197727578545
2026-09-11 16:30:00,32636.4258,28211.6445,5183.1543,1355.5304,177.210938,-6186.526378280276,-3788.7144306065857,-6.14925560413991,2442.8197727578545
2026-09-11 16:45:00,33804.45,28496.2363,4682.559,1374.63208,184.944962,-6030.127513752148,-2795.7522198604274,0.46399384814142763,1937.7673702293728
2026-09-11 17:00:00,34344.418,29258.6152,4730.564,1341.25757,183.720276,-5043.769549772667,-1949.9154108880175,1.1975283476253367,1993.5598325315286
2026-09-11 17:15:00,33301.2578,29725.48,5063.25244,1313.23743,180.6101,-4388.859300423024,-2736.2782272248587,-0.2685901801777959,2332.786369538829
2026-09-11 17:30:00,33859.3672,29421.6836,4960.08154,1328.38416,182.604034,-4794.3066432458545,-2316.984715905368,0.8366225416327211,2226.0811977584813
2026-09-11 17:45:00,33802.5625,28901.332,5141.17334,1334.33936,183.081512,-5354.624077105607,-2428.367293788593,0.9646843339183135,2405.783437417317
2026-09-11 18:00:00,33802.5625,28901.332,5141.17334,1334.33936,183.081512,-5354.624077105607,-2428.367293788593,0.9646843339183135,2405.783437417317
2026-09-11 18:30:00,33581.375,28858.123,5027.79443,1336.85632,172.0401,-5414.724601351925,-2672.622085486095,-10.224408116472773,2291.8172309711354
2026-09-11 18:45:00,33581.375,28858.123,5027.79443,1336.85632,172.0401,-5414.724601351925,-2672.622085486095,-10.224408116472773,2291.8172309711354
2026-09-11 19:00:00,33642.8828,28732.2285,4959.92041,1344.96716,168.657562,-5595.051611410865,-2685.4480501036305,-14.08284263618296,2222.0506630134632
2026-09-11 19:15:00,33215.4453,28064.01,4976.1084,1344.73242,165.176239,-6261.694752087886,-3110.734218317244,-17.550392469773982,2238.2934262191466
2026-09-11 19:30:00,33215.4453,28064.01,4976.1084,1344.73242,165.176239,-6261.694752087886,-3110.734218317244,-17.550392469773982,2238.2934262191466
2026-09-11 19:45:00,33353.5859,28186.6777,4300.29736,1357.92065,160.9234,-6227.534341361825,-3093.4603577106973,-22.577039454907236,1559.4051022692947
2026-09-11 20:00:00,34746.51,28927.7324,4379.516,1335.89514,165.188141,-5338.664643824159,-1498.678117749696,-17.019970711560944,1643.763078511557
2026-09-11 20:15:00,34746.51,28927.7324,4379.516,1335.89514,165.188141,-5338.664643824159,-1498.678117749696,-17.019970711560944,1643.763078511557
2026-09-11 20:30:00,35556.12,29445.2715,3938.01538,1358.19946,164.684,-4970.811658056216,-893.4814797238287,-18.832798390438,1197.058065962417
2026-09-11 20:45:00,35936.543,29530.0273,3817.96216,1353.98572,164.270477,-4857.777104568806,-474.44063529347477,-18.99908384155725,1077.9880616381256
2026-09-11 21:00:00,35936.543,29530.0273,3817.96216,1353.98572,164.270477,-4857.777104568806,-474.44063529347477,-18.99908384155725,1077.9880616381256
2026-09-11 21:15:00,35980.5039,29524.07,4036.24976,1357.74487,167.427765,-4888.962367417058,-464.9313791752429,-16.06236071548753,1295.3985180062596
2026-09-11 21:30:00,33156.1172,28328.4473,4401.801,1355.51135,163.214081,-6069.595732173504,-3268.8484422512556,-20.14499486187148,1661.4709178015978
2026-09-11 21:45:00,33156.1172,28328.4473,4401.801,1355.51135,163.214081,-6069.595732173504,-3268.8484422512556,-20.14499486187148,1661.4709178015978
2026-09-11 22:00:00,32868.3242,28031.5078,4077.22827,1355.307,160.171021,-6365.163822623996,-3554.768627006517,-23.17606480241983,1336.9458699374986
2026-09-11 22:15:00,32944.3477,27722.1172,4362.786,1370.36182,170.898132,-6775.588549925924,-3616.718684152198,-13.332282340877498,1618.990774034864
2026-09-11 22:30:00,32944.3477,27722.1172,4362.786,1370.36182,170.898132,-6775.588549925924,-3616.718684152198,-13.332282340877498,1618.990774034864
2026-09-11 22:45:00,33239.1641,27860.2676,4268.1123,1371.11536,170.739243,-6642.495218445314,-3328.8082846391844,-13.535384648434103,1524.141246304564
2026-09-11 23:00:00,33239.1641,27860.2676,4268.1123,1371.11536,170.739243,-6642.495218445314,-3328.8082846391844,-13.535384648434103,1524.141246304564
2026-09-11 23:15:00,32783.74,27949.7949,4551.1333,1354.82642,170.159866,-6443.651510970929,-3634.948434785758,-13.1590221867053,1810.9630363743536
2026-09-11 23:30:00,33952.7539,28016.6211,4314.53662,1374.6886,173.5203,-6510.1220240909715,-2647.9663111382833,-10.963984413958912,1569.73180209959
2026-09-11 23:45:00,34153.0273,29404.9766,4541.711,1340.86292,175.1167,-4894.759621371813,-2137.6892450385712,-7.382891905065691,1804.7989184377348
2026-09-12 00:00:00,34153.0273,29404.9766,4541.711,1340.86292,175.1167,-4894.759621371813,-2137.6892450385712,-7.382891905065691,1804.7989184377348
2026-09-12 00:15:00,34938.5156,29707.9414,4308.929,1334.29907,181.942719,-4547.744287623103,-1292.0449462906254,-0.17174468518956587,1573.548498509832
2026-09-12 00:30:00,34938.5156,29707.9414,4308.929,1334.29907,181.942719,-4547.744287623103,-1292.0449462906254,-0.17174468518956587,1573.548498509832
2026-09-12 00:45:00,35090.1758,29637.252,4290.03027,1338.90613,184.1,-4649.352043772669,-1182.6072674621537,1.7152210552200415,1553.5747772643044
2026-09-12 01:00:00,35309.9961,29911.5938,4189.972,1337.05591,189.58226,-4362.593266152446,-945.8301765538563,7.306041112957331,1453.9482295128314
2026-09-12 01:15:00,34259.8945,29243.5449,4262.295,1341.7915,191.40593,-5062.423097635496,-2039.3322421511475,8.851854466817827,1525.1662476388365
2026-09-12 01:30:00,34259.8945,29243.5449,4262.295,1341.7915,191.40593,-5062.423097635496,-2039.3322421511475,8.851854466817827,1525.1662476388365
2026-09-12 01:45:00,34331.23,30148.6367,3958.66187,1321.15076,188.685516,-4018.8096047314284,-1778.8296634402068,7.3425180284814076,1226.349337701351
2026-09-12 02:00:00,34331.23,30148.6367,3958.66187,1321.15076,188.685516,-4018.8096047314284,-1778.8296634402068,7.3425180284814076,1226.349337701351
2026-09-12 02:15:00,34429.82,29534.0762,3798.681,1341.71362,195.372543,-4771.369138591133,-1868.6929919614704,12.823037008438064,1061.5704198176668
2026-09-12 02:30:00,34050.9727,28691.31,3734.426,1362.66077,197.778992,-5754.71337404507,-2439.51553959406,14.00043010512249,992.427703384898
2026-09-12 02:45:00,34050.9727,28691.31,3734.426,1362.66077,197.778992,-5754.71337404507,-2439.51553959406,14.00043010512249,992.427703384898
2026-09-12 03:00:00,34994.3828,29244.7324,3417.92822,1371.32764,200.62529,-5259.455046872863,-1575.5350762964008,16.338207006225105,673.9076338171208
2026-09-12 03:15:00,34561.8047,29026.3145,3516.89526,1360.98572,205.139465,-5408.46747660976,-1913.3321367279423,21.45918521466237,775.287812231195
2026-09-12 03:30:00,34561.8047,29026.3145,3516.89526,1360.98572,205.139465,-5408.46747660976,-1913.3321367279423,21.45918521466237,775.287812231195
2026-09-12 03:45:00,34400.5156,28737.9648,3572.96924,1374.23877,200.537262,-5785.759478200802,-2196.082034766674,16.079370972109757,828.2693834658353
2026-09-12 04:00:00,35045.5859,29358.0938,3370.791,1355.54565,207.238815,-5040.179422276506,-1379.6940929382836,23.87772661530397,630.4529143895038
2026-09-12 04:15:00,35045.5859,29358.0938,3370.791,1355.54565,207.238815,-5040.179422276506,-1379.6940929382836,23.87772661530397,630.4529143895038
2026-09-12 04:30:00,34157.1523,28354.6016,3820.17529,1375.47192,205.191086,-6177.398448623986,-2450.746837673665,20.660840962749376,1075.1876956342421
2026-09-12 04:45:00,34691.1133,28486.0176,3889.85132,1363.96375,211.963654,-5968.750179304778,-1811.3164165090711,28.108640880927197,1147.5489917262926
2026-09-12 05:00:00,34691.1133,28486.0176,3889.85132,1363.96375,211.963654,-5968.750179304778,-1811.3164165090711,28.108640880927197,1147.5489917262926
2026-09-12 05:15:00,33424.4961,28604.252,4096.50537,1352.66541,205.267532,-5774.691696262897,-2974.387233381196,22.07543920539453,1356.8393470031915
2026-09-12 05:30:00,33182.6055,28356.0957,4397.764,1351.23657,206.71347,-6013.258934257898,-3203.182881904395,23.605213156199,1658.4313762841343
2026-09-12 05:45:00,33182.6055,28356.0957,4397.764,1351.23657,206.71347,-6013.258934257898,-3203.182881904395,23.605213156199,1658.4313762841343
2026-09-12 06:00:00,33603.1445,28827.8867,4323.508,1340.37671,208.80217,-5468.586526328672,-2683.1160553143636,26.33110604602794,1586.7093685541836
2026-09-12 06:15:00,33531.2852,28580.0137,4569.21631,1354.9043,209.275909,-5813.955370015294,-2888.1169849754224,25.952451271674533,1829.0278741955226
2026-09-12 06:30:00,33531.2852,28580.0137,4569.21631,1354.9043,209.275909,-5813.955370015294,-2888.1169849754224,25.952451271674533,1829.0278741955226
2026-09-12 06:45:00,32669.8574,27797.9238,4666.78,1360.22852,202.703033,-6631.776545531273,-3798.3398932813434,19.067181269552464,1925.3492339698987
2026-09-12 07:00:00,34853.3125,29089.22,4439.394,1359.75208,208.784775,-5337.282917756529,-1610.5183430968536,25.176877974348855,1698.0744043972477
2026-09-12 07:15:00,34853.3125,29089.22,4439.394,1359.75208,208.784775,-5337.282917756529,-1610.5183430968536,25.176877974348855,1698.0744043972477
2026-09-12 07:30:00,34299.99,29198.457,4962.80664,1335.70032,197.492889,-5066.632590883444,-1943.4126425063441,15.29620818338583,2227.0991769589086
2026-09-12 07:45:00,35520.2422,29924.9648,5480.42139,1338.716,200.909149,-4360.363265805223,-750.7983748637562,18.535525768474486,2744.010261367553
2026-09-12 08:00:00,35520.2422,29924.9648,5480.42139,1338.716,200.909149,-4360.363265805223,-750.7983748637562,18.535525768474486,2744.010261367553
2026-09-12 08:15:00,38020.5625,31744.08,4491.57471,1322.3623,201.299423,-2431.4970486786333,1899.399383750373,19.88533896717459,1758.979482252712
2026-09-12 08:30:00,36317.4648,30674.293,5941.81445,1319.31384,201.9023,-3480.8255844980777,224.2400363853667,20.667081720225553,3209.930536586005
2026-09-12 08:45:00,36317.4648,30674.293,5941.81445,1319.31384,201.9023,-3480.8255844980777,224.2400363853667,20.667081720225553,3209.930536586005
2026-09-12 09:45:00,34732.1875,29388.1387,6019.634,1316.16516,196.144257,-4745.848835707522,-1332.1804204299624,15.093784795068757,3288.484785816093
2026-09-12 10:00:00,33547.3945,30456.7246,5479.53271,1277.26953,180.187912,-3416.2311842213603,-2160.5049652427188,1.4196072338218926,2757.459232129333
2026-09-12 10:15:00,33547.3945,30456.7246,5479.53271,1277.26953,180.187912,-3416.2311842213603,-2160.5049652427188,1.4196072338218926,2757.459232129333
2026-09-12 12:00:00,35714.52,30531.82,5093.996,1321.6134,199.238968,-3638.7311195784278,-399.77964017044724,17.86882502674561,2361.575517305691
2026-09-12 13:45:00,34153.3,31202.584,5579.533,1282.85864,194.701859,-2707.8807581741894,-1605.822222338349,15.605618040125876,2856.155383628795
2026-09-12 14:00:00,34153.3,31202.584,5579.533,1282.85864,194.701859,-2707.8807581741894,-1605.822222338349,15.605618040125876,2856.155383628795
2026-09-12 14:15:00,35234.5039,30174.0234,5166.222,1327.23816,197.167465,-4034.2759435945845,-931.3452203562338,15.467294100143022,2432.4890603899585
2026-09-12 15:00:00,34708.63,29439.2539,4689.86963,1340.6322,196.347488,-4858.933940597348,-1579.972055519298,13.861433391321327,1953.011383634187
2026-09-12 15:15:00,35037.54,30607.0469,5250.96,1299.99963,198.5092,-3418.4524428282166,-878.6749915178225,18.40722628181871,2523.5827799358376
2026-09-12 15:30:00,35037.54,30607.0469,5250.96,1299.99963,198.5092,-3418.4524428282166,-878.6749915178225,18.40722628181871,2523.5827799358376
2026-09-12 15:45:00,36054.14,30956.3516,5031.621,1298.64551,205.658981,-3060.060132849343,150.33517035738623,25.636459101268997,2304.5597443785396
2026-09-12 16:00:00,35834.64,31795.0039,4819.74463,1291.167,203.6786,-2171.2189410944957,-0.626207005509059,24.094873205304822,2094.4283772175713
2026-09-12 16:15:00,35834.64,31795.0039,4819.74463,1291.167,203.6786,-2171.2189410944957,-0.626207005509059,24.094873205304822,2094.4283772175713
2026-09-12 16:30:00,36521.8672,31769.2754,4374.45361,1295.51428,210.8906,-2226.1223924348014,646.7592887756255,31.051800312459477,1648.1229819018909
2026-09-12 16:45:00,36416.9375,31782.457,4473.716,1290.54553,217.777817,-2179.5951051378834,587.366905865274,38.230554419875006,1748.544758311275
2026-09-12 17:00:00,36416.9375,31782.457,4473.716,1290.54553,217.777817,-2179.5951051378834,587.366905865274,38.230554419875006,1748.544758311275
2026-09-12 17:15:00,36378.4023,31529.4277,4141.721,1293.80347,222.9975,-2454.4887067171803,518.9735228536374,43.25908060906073,1415.7895648303006
2026-09-12 17:30:00,35056.2461,30575.9238,4555.396,1300.36743,222.283508,-3452.043878684879,-863.3396840160494,42.15995393502982,1827.9329590912848
2026-09-12 17:45:00,35056.2461,30575.9238,4555.396,1300.36743,222.283508,-3452.043878684879,-863.3396840160494,42.15995393502982,1827.9329590912848
2026-09-12 18:00:00,35969.92,31178.752,4029.97656,1310.16968,234.873764,-2914.9993794760812,-39.50088669620163,54.17507139693393,1300.2263049164162
2026-09-12 18:15:00,35452.19,31282.3867,4188.88525,1304.15649,234.779129,-2771.0096699873793,-502.12154536280286,54.4332551177269,1460.538086390739
2026-09-12 18:30:00,35452.19,31282.3867,4188.88525,1304.15649,234.779129,-2771.0096699873793,-502.12154536280286,54.4332551177269,1460.538086390739
2026-09-12 18:45:00,35717.67,30849.4238,4012.82886,1316.18835,239.345154,-3284.7193656926065,-346.91045082157507,58.29332114188216,1281.6742347628433
2026-09-12 19:00:00,35717.67,30849.4238,4012.82886,1316.18835,239.345154,-3284.7193656926065,-346.91045082157507,58.29332114188216,1281.6742347628433
2026-09-12 19:15:00,36089.2773,31394.9473,3819.89,1307.39807,237.919052,-2680.203578269735,105.25750682206126,57.38298121575838,1090.7864602806649
2026-09-12 19:30:00,35185.9023,30724.8086,4083.10571,1304.01135,232.012878,-3327.613723586521,-767.0790745547783,51.67552008165552,1354.792412724013
2026-09-12 19:45:00,35185.9023,30724.8086,4083.10571,1304.01135,232.012878,-3327.613723586521,-767.0790745547783,51.67552008165552,1354.792412724013
2026-09-12 20:00:00,36326.2734,31576.084,3641.5603,1314.82227,235.338684,-2548.8912911763655,274.2127213806525,54.367004703984946,910.7244298996748
2026-09-12 20:15:00,32761.2773,28876.2148,4128.945,1335.97144,217.718445,-5390.694299359406,-3484.6100876453274,35.50585645195187,1393.1742750030216
2026-09-12 20:30:00,32761.2773,28876.2148,4128.945,1335.97144,217.718445,-5390.694299359406,-3484.6100876453274,35.50585645195187,1393.1742750030216
2026-09-12 20:45:00,32664.59,28303.041,3746.50513,1364.05713,214.451981,-6152.353460115799,-3838.69552021621,30.591488890217164,1004.1810128452039
2026-09-12 21:00:00,33975.59,29388.5039,3568.07471,1348.44812,218.832428,-4962.137218435386,-2384.642954112969,35.88778104745393,829.3927310203849
2026-09-12 21:15:00,33975.59,29388.5039,3568.07471,1348.44812,218.832428,-4962.137218435386,-2384.642954112969,35.88778104745393,829.3927310203849
2026-09-12 21:30:00,32701.8652,28384.373,4083.47827,1338.58215,213.485657,-5900.05678751698,-3567.9486740049033,31.119887301420874,1347.0983733415696
2026-09-12 21:45:00,32349.2773,27686.57,3835.126,1362.28638,214.833069,-6756.940812159875,-4137.779751439055,31.0764741144599,1093.21506191125
2026-09-12 22:00:00,32349.2773,27686.57,3835.126,1362.28638,214.833069,-6756.940812159875,-4137.779751439055,31.0764741144599,1093.21506191125
2026-09-12 22:15:00,33495.2148,29380.61,3435.49365,1339.29541,219.224731,-4908.606533664686,-2781.1359186413465,36.817111388015036,698.9473243704283
2026-09-12 22:30:00,31558.0879,27969.5254,3872.19556,1345.72937,211.1756,-6362.869965008773,-4777.228408912968,28.390473351511474,1134.1479622632555
2026-09-12 22:45:00,31558.0879,27969.5254,3872.19556,1345.72937,211.1756,-6362.869965008773,-4777.228408912968,28.390473351511474,1134.1479622632555
2026-09-12 23:00:00,32967.57,28714.373,3520.628,1349.67969,214.5663,-5644.533285349455,-3403.9499767259185,31.54939174322658,781.6586518590861
2026-09-12 23:15:00,32044.625,29186.5918,3721.846,1319.791,205.206421,-4971.729044251657,-4052.972812414133,23.943205770052117,989.8507481570036
2026-09-12 23:30:00,32044.625,29186.5918,3721.846,1319.791,205.206421,-4971.729044251657,-4052.972812414133,23.943205770052117,989.8507481570036
2026-09-12 23:45:00,30743.9375,28083.05,3384.18579,1327.12244,203.3047,-6124.4727372179295,-5420.851076289095,21.611318871025077,650.4798519890114
2026-09-13 00:00:00,31058.123,28542.4922,3857.954,1312.11621,199.841278,-5564.322501376773,-4969.13733400881,19.02837443327155,1127.7495501134058
2026-09-13 00:15:00,31058.123,28542.4922,3857.954,1312.11621,199.841278,-5564.322501376773,-4969.13733400881,19.02837443327155,1127.7495501134058
2026-09-13 00:45:00,31441.7813,28109.875,3454.50977,1347.89,201.231125,-6237.020529505746,-4913.336627715169,18.319225255582836,715.9580203019559
2026-09-13 01:00:00,31441.7813,28109.875,3454.50977,1347.89,201.231125,-6237.020529505746,-4913.336627715169,18.319225255582836,715.9580203019559
2026-09-13 01:15:00,31588.4785,29001.4727,3567.92114,1318.80542,196.5507,-5150.23383632992,-4500.086724947014,15.345312823853703,836.1558590867867
2026-09-13 02:00:00,31749.7227,28390.457,3353.948,1329.46936,199.712677,-5832.816109128547,-4436.574795076325,17.881592370519797,619.6944419332808
2026-09-13 02:15:00,31272.06,28768.4883,3382.75732,1320.71045,189.9162,-5396.003048339229,-4833.964335422552,8.599036836786524,650.5475277124033
2026-09-13 02:30:00,31272.06,28768.4883,3382.75732,1320.71045,189.9162,-5396.003048339229,-4833.964335422552,8.599036836786524,650.5475277124033
2026-09-13 02:45:00,30982.07,29168.623,3127.47632,1323.67957,186.437683,-5015.794355296122,-5151.165557342996,4.946309289592648,394.5737262279599
2026-09-13 03:00:00,30613.9316,28092.043,3262.49683,1327.05115,183.607269,-6115.001304202098,-5550.203621756202,1.9180707500968026,528.8075264860431
2026-09-13 03:15:00,30613.9316,28092.043,3262.49683,1327.05115,183.607269,-6115.001304202098,-5550.203621756202,1.9180707500968026,528.8075264860431
2026-09-13 03:30:00,31322.3379,28383.2285,3168.493,1331.40527,186.671646,-5853.036659341375,-4881.7017128176085,4.726973526169246,433.7877251546565
2026-09-13 03:45:00,30927.0039,28954.6563,3177.79541,1313.46277,181.531616,-5161.195275577844,-5112.597310426467,0.6397041902805825,447.2767596880635
2026-09-13 04:00:00,30927.0039,28954.6563,3177.79541,1313.46277,181.531616,-5161.195275577844,-5112.597310426467,0.6397041902805825,447.2767596880635
2026-09-13 04:15:00,31310.2344,28526.9473,3133.35449,1337.30908,181.020065,-5748.93881071153,-4947.912114554871,-1.2710084177564909,397.27164593149564
2026-09-13 04:30:00,31159.5137,29172.2188,3169.56177,1319.47791,175.040909,-4984.0008716759,-4935.214723008827,-6.2039359450753295,437.63957320926284
2026-09-13 04:45:00,31159.5137,29172.2188,3169.56177,1319.47791,175.040909,-4984.0008716759,-4935.214723008827,-6.2039359450753295,437.63957320926284
2026-09-13 05:00:00,31020.7266,30015.084,3121.98682,1293.68665,173.8823,-3968.0484181506363,-4837.63155186185,-5.849265078508921,396.08264309854667
2026-09-13 05:15:00,30968.1367,28979.8867,3135.1123,1323.169,173.354736,-5201.10417830227,-5160.4196144778,-8.10668045738936,402.3288404003447
2026-09-13 05:30:00,30968.1367,28979.8867,3135.1123,1323.169,173.354736,-5201.10417830227,-5160.4196144778,-8.10668045738936,402.3288404003447
2026-09-13 05:45:00,31243.6855,28882.3223,3090.12378,1319.61853,176.329636,-5274.841083987383,-4852.3316691782165,-4.92345970191451,358.1687715530338
2026-09-13 06:00:00,31352.834,28778.39,3126.17188,1320.76978,175.86557,-5386.49951681769,-4753.7340796284225,-5.455074299632685,393.94824390950134
2026-09-13 06:15:00,31352.834,28778.39,3126.17188,1320.76978,175.86557,-5386.49951681769,-4753.7340796284225,-5.455074299632685,393.94824390950134
2026-09-13 06:30:00,31246.6641,27449.7363,2932.93262,1358.68347,180.308365,-6969.595088719576,-5207.373207013297,-3.236832258434987,191.86236918435316
2026-09-13 06:45:00,31003.6465,28226.38,2935.92969,1345.3512,187.4609,-6103.477435234661,-5328.2039780291925,4.697962149078535,197.97033279828656
2026-09-13 07:00:00,31003.6465,28226.38,2935.92969,1345.3512,187.4609,-6103.477435234661,-5328.2039780291925,4.697962149078535,197.97033279828656
2026-09-13 07:30:00,32353.3711,27818.5039,2864.35425,1358.69934,211.6857,-6600.933993586474,-4100.811651485692,28.139571583045324,123.28029614791194
2026-09-13 07:45:00,32353.3711,27818.5039,2864.35425,1358.69934,211.6857,-6600.933993586474,-4100.811651485692,28.139571583045324,123.28029614791194
2026-09-13 08:00:00,31359.7988,28076.3652,3090.915,1348.29333,215.70755,-6273.237110095928,-4999.015543534388,32.77198521678358,352.26913904248477
2026-09-13 08:15:00,32039.06,28156.4121,2951.26685,1350.80969,226.80777,-6210.077707693206,-4342.816136386053,43.72455997087343,212.03383259768134
2026-09-13 08:30:00,32039.06,28156.4121,2951.26685,1350.80969,226.80777,-6210.077707693206,-4342.816136386053,43.72455997087343,212.03383259768134
2026-09-13 08:45:00,30695.2383,28359.0781,3084.857,1334.87134,224.253235,-5900.448138359083,-5540.566953802747,42.10519386767368,349.3429675291027
2026-09-13 09:00:00,31457.8242,27964.4863,3031.33,1349.80823,229.499847,-6395.28262779376,-4914.873812799113,46.475396769936026,292.33065889726186
2026-09-13 09:15:00,31457.8242,27964.4863,3031.33,1349.80823,229.499847,-6395.28262779376,-4914.873812799113,46.475396769936026,292.33065889726186
2026-09-13 09:30:00,32915.8,29012.5137,2776.20166,1333.04688,237.427414,-5234.76843820397,-3303.284546675728,55.3864214796979,41.113339051812545
2026-09-13 09:45:00,33688.5664,29244.6641,2536.75635,1350.57007,246.682037,-5120.217598291427,-2691.113680653514,63.612886467060406,-202.4207555187627
2026-09-13 10:00:00,33688.5664,29244.6641,2536.75635,1350.57007,246.682037,-5120.217598291427,-2691.113680653514,63.612886467060406,-202.4207555187627
2026-09-13 10:15:00,31429.5273,28573.0313,3092.13623,1347.54211,236.902771,-5771.529511286131,-4922.4023052513,54.01128340034742,353.6656554341239
2026-09-13 10:30:00,31429.5273,28573.0313,3092.13623,1347.54211,236.902771,-5771.529511286131,-4922.4023052513,54.01128340034742,353.6656554341239
2026-09-13 10:45:00,31659.9238,28520.4551,2954.242,1341.50732,235.638718,-5783.605742432272,-4636.698505467768,53.10131648245263,217.1795569580454
2026-09-13 11:00:00,31750.3867,28106.2,3154.0022,1353.15942,234.684235,-6276.05903774346,-4653.024108101283,51.46315659604929,414.2209068688321
2026-09-13 11:15:00,31750.3867,28106.2,3154.0022,1353.15942,234.684235,-6276.05903774346,-4653.024108101283,51.46315659604929,414.2209068688321
2026-09-13 12:45:00,29143.0586,26277.3242,2956.9502,1361.96863,202.332413,-8164.0541659432965,-7341.086354331081,18.594461820800774,215.11340430754308
2026-09-13 13:30:00,29860.1582,26309.0977,3027.98022,1379.09851,204.184967,-8247.240690479419,-6780.977703215129,19.441934932131574,282.1464129734304
2026-09-13 13:45:00,31842.127,27668.6113,2716.8064,1352.33557,205.355057,-6708.118813068326,-4553.733434529604,22.18231728202548,-22.7826595727538
2026-09-13 14:00:00,31842.127,27668.6113,2716.8064,1352.33557,205.355057,-6708.118813068326,-4553.733434529604,22.18231728202548,-22.7826595727538
2026-09-13 14:15:00,30548.9219,26993.25,2787.04565,1359.38586,203.442886,-7430.795185408984,-5911.552630892664,19.856476616004727,45.81150657150556
2026-09-13 14:30:00,31739.75,27112.4512,2238.52783,1365.08435,196.247025,-7349.83701748036,-4772.949727584426,12.326261645441434,-504.03597418019444
2026-09-13 14:45:00,31739.75,27112.4512,2238.52783,1365.08435,196.247025,-7349.83701748036,-4772.949727584426,12.326261645441434,-504.03597418019444
2026-09-13 15:15:00,29636.7852,25810.543,2749.13428,1383.92334,197.784775,-8778.175218895176,-7048.569030483282,12.758650206200173,2.1746682278535445
2026-09-13 15:30:00,29636.7852,25810.543,2749.13428,1383.92334,197.784775,-8778.175218895176,-7048.569030483282,12.758650206200173,2.1746682278535445
2026-09-13 15:45:00,30599.252,26718.7461,2637.147,1368.85132,197.3422,-7768.822560987657,-5947.971039756943,13.200412939776811,-106.29577249668364
2026-09-13 16:00:00,29809.8359,26970.5117,2648.54028,1359.65479,190.4099,-7455.338296615981,-6653.103305244345,6.807711380926037,-92.75661437935241
2026-09-13 16:15:00,29809.8359,26970.5117,2648.54028,1359.65479,190.4099,-7455.338296615981,-6653.103305244345,6.807711380926037,-92.75661437935241
2026-09-13 16:30:00,29328.6934,27025.11,2689.48242,1350.961,191.937988,-7342.3952614682785,-7054.5694536587725,8.845899987532931,-49.78590341642757
2026-09-13 16:45:00,29328.6934,27025.11,2689.48242,1350.961,191.937988,-7342.3952614682785,-7054.5694536587725,8.845899987532931,-49.78590341642757
2026-09-13 19:15:00,31977.5723,28889.1836,3497.68848,1313.22607,189.495224,-5225.079462534686,-4059.8596157436696,8.617200357993823,767.2250602315803
2026-09-13 19:30:00,30868.2031,27766.6055,3888.565,1350.78833,187.7416,-6599.740958987666,-5513.477277474252,4.659643250393287,1149.3369666467293
2026-09-13 19:45:00,33025.84,28546.98,3227.1543,1343.13928,187.854782,-5768.033059356265,-3285.7387995553436,5.221626641382329,489.7110625440264
2026-09-13 20:00:00,32436.26,28264.8027,3741.25732,1348.80139,192.830612,-6088.209242274665,-3927.2105828945023,9.865237235844006,1002.4929105425299
2026-09-13 20:15:00,33639.2461,29144.44,3619.54761,1329.40833,190.373581,-5078.423531811164,-2546.492070807246,8.546077252968189,885.3082924067535
2026-09-13 20:30:00,33360.9023,28910.7715,3649.8396,1339.50037,187.412216,-5379.820536974043,-2917.32682437935,4.99257053734118,913.2454498997936
2026-09-13 20:45:00,33691.48,28932.6641,3574.3335,1334.60364,183.91185,-5325.065581782605,-2541.8718520850307,1.779515933566529,838.8819314771363
2026-09-13 21:00:00,33325.3945,28818.2578,3918.279,1345.12231,181.781815,-5510.063535739748,-3004.3582599897127,-0.9676929282011884,1180.3730509905367
2026-09-13 21:15:00,34098.9961,29612.0957,3766.93481,1316.71643,183.458572,-4525.591453727375,-1970.4240683377939,2.3757545047633357,1035.6569648835848
2026-09-13 21:30:00,34175.793,29212.4,3343.58472,1334.43,175.680954,-5044.164369552724,-2055.96748609974,-6.441191889662292,608.173667875853
2026-09-13 22:15:00,32316.1055,27544.4727,2498.8064,1401.264,166.524933,-7160.620105236267,-4528.1714239099565,-19.518640016607577,-252.19940559025827
2026-09-13 22:45:00,32502.8672,24210.7715,2323.51318,1498.75159,162.54213,-11148.568488425346,-5234.858438000134,-29.22144301610669,-450.23995377733854
2026-09-13 23:00:00,32273.9336,23118.7,2357.73267,1525.74512,168.003281,-12421.795774170274,-5711.180804788342,-25.34411403475005,-422.3190160939748
2026-09-14 03:00:00,32437.1133,24245.89,2385.711,1511.31067,177.170731,-11197.73500063506,-5415.713079296085,-15.32973516931429,-390.9726146158514
2026-09-14 03:15:00,32996.69,26728.5039,3397.3418,1407.23291,179.085648,-8016.6467480264,-3902.290450420558,-7.3081456467104715,644.9432350370962
2026-09-14 04:00:00,31638.2266,25513.64,3916.798,1440.396,181.707443,-9454.070855108614,-5564.68504941478,-6.632166260609495,1156.6613045537424
2026-09-14 04:15:00,33107.4336,27717.166,3778.56421,1403.77966,186.642014,-7004.809605076338,-3759.8987014414815,0.45083680937659665,1026.9714112998795
2026-09-14 04:30:00,33745.23,28247.5469,3484.321,1406.8938,183.166641,-6495.327953104279,-3150.6425944007788,-3.207255660849711,732.001561482437
2026-09-14 04:45:00,35353.61,29703.07,3273.96631,1370.62854,186.278152,-4796.425729642317,-1209.9008044217044,2.0320880938818107,530.1088487557472
2026-09-14 05:00:00,36611.4531,30709.8516,3279.09546,1354.7688,190.147781,-3683.208118442213,193.29273770948203,6.832273616943382,538.9386411733285
2026-09-14 05:15:00,37757.2344,32255.2656,3092.399,1332.06946,196.566147,-1985.4569927090706,1547.1076564879986,14.582503752559319,357.53874596285823
2026-09-14 05:30:00,33489.7461,31799.0469,4090.73853,1284.60217,182.020874,-2123.1188304856914,-2285.355126809365,2.8223329258330807,1366.9540859585854
2026-09-14 05:45:00,31408.2344,31793.1211,4352.73828,1251.92444,166.7883,-1909.7417140271682,-4067.3838275077433,-10.492903538346923,1636.5787146607745
2026-09-14 06:00:00,31763.2051,30797.74,3767.83,1280.01453,166.750092,-3093.6377035431324,-3969.8515849480973,-12.179273266274834,1045.1160158261864
2026-09-14 06:15:00,33659.5859,31047.916,3009.967,1312.81763,171.94426,-3063.605988316911,-2374.102768087403,-8.909798778377933,279.5988838361186
2026-09-14 06:30:00,34659.5977,31191.875,2808.64136,1301.68909,177.34111,-2844.962446951118,-1272.100758331464,-2.859991322004049,80.86992872311885
2026-09-14 06:45:00,34850.5977,31215.9922,2790.41626,1301.34277,172.648361,-2818.5210651297966,-1077.9268245142084,-7.532420295631169,62.72563751834832
2026-09-14 07:00:00,35072.7227,31064.1348,2785.95825,1307.24951,178.561279,-3010.0190799693955,-909.9355789486435,-1.966075154771886,56.88937462179274
2026-09-14 07:15:00,35181.1055,31083.2188,2711.288,1307.19214,176.134827,-2990.5500652111114,-801.0269976391792,-4.389161019656939,-17.76748891313946
2026-09-14 07:30:00,35181.1055,31083.2188,2711.288,1307.19214,176.134827,-2990.5500652111114,-801.0269976391792,-4.389161019656939,-17.76748891313946
2026-09-14 07:45:00,35179.3555,31426.0371,2685.2998,1308.45581,179.548035,-2656.212357848388,-814.3582085044181,-1.0500977636122286,-44.050548148147755
2026-09-14 08:00:00,35089.57,31265.7656,2695.50684,1304.461,179.754547,-2789.674361481979,-867.5323012726367,-0.6091937430688859,-32.91137664181906
2026-09-14 08:15:00,35300.0625,31766.8066,2544.192,1302.94531,178.999939,-2278.46144202958,-643.1488918608957,-1.274869943654835,-183.87255216144922
2026-09-14 08:30:00,34882.7344,32270.45,2681.5896,1282.51843,181.967361,-1637.7315810621767,-873.2698851012101,2.8910815675349397,-41.70863325667278
2026-09-14 08:45:00,34748.1,31807.7949,2726.179,1289.80652,181.678711,-2149.297648635882,-1074.6977573644326,2.1748091922525816,1.1801956748768134
2026-09-14 09:00:00,34952.5273,31300.4414,2575.3,1319.78223,185.954224,-2857.820588064973,-1144.9901376174748,4.691523342214509,-156.6932054895251
2026-09-14 09:15:00,34752.4648,31287.2559,2512.2124,1303.31445,191.256943,-2760.489470735756,-1194.1296651148223,10.960475086215581,-215.93828567574565
2026-09-14 09:30:00,34679.18,32165.9688,2403.85718,1280.20862,190.441132,-1726.711457394198,-1055.6554699290136,11.500378670896822,-318.90209228615504
2026-09-14 09:45:00,34400.8867,32598.8086,2388.904,1290.20642,183.261612,-1360.967710215762,-1425.5760381149448,3.734246405735803,-336.1881152433848
2026-09-14 10:00:00,33796.91,31680.7813,2458.88867,1291.79407,189.625488,-2289.64985910874,-2044.1031424374378,10.00496841557964,-266.5739005556584
2026-09-14 10:15:00,34318.6328,31780.15,2317.65356,1289.46863,192.575653,-2174.6749412334684,-1501.0682823311872,13.091576595668869,-407.2664025492504
2026-09-14 10:30:00,33431.72,31604.1563,2582.96143,1298.082,194.375717,-2408.4736711892365,-2466.9204052797068,14.386258562984665,-143.9683386608467
2026-09-14 10:45:00,33431.72,31604.1563,2582.96143,1298.082,194.375717,-2408.4736711892365,-2466.9204052797068,14.386258562984665,-143.9683386608467
2026-09-14 11:00:00,33958.52,32387.4629,2426.339,1280.58752,198.537521,-1507.760186257954,-1779.7879910752308,19.57453604121133,-296.5086831561962
2026-09-14 11:15:00,31316.8066,30084.1387,2606.30664,1304.61292,191.919144,-3972.320809016903,-4641.688009038622,11.546489482368344,-122.14702499066243
2026-09-14 11:30:00,31316.8066,30084.1387,2606.30664,1304.61292,191.919144,-3972.320809016903,-4641.688009038622,11.546489482368344,-122.14702499066243
2026-09-14 11:45:00,31498.5977,29357.4121,2485.953,1324.04053,197.2799,-4829.427687353818,-4637.945962998681,15.767347273885946,-247.03381860088666
2026-09-14 12:00:00,32553.3027,29708.2656,2354.97363,1334.82837,201.6961,-4550.972263177573,-3682.108744793375,19.550580095247142,-380.53037603889516
2026-09-14 12:15:00,30645.7637,28377.1719,2490.93823,1350.13757,202.070328,-5984.807255447471,-5729.952629279182,19.026554030372523,-248.1379578589772
2026-09-14 12:30:00,30645.7637,28377.1719,2490.93823,1350.13757,202.070328,-5984.807255447471,-5729.952629279182,19.026554030372523,-248.1379578589772
2026-09-14 12:45:00,31742.0234,29428.8223,2335.916,1327.7384,203.242264,-4782.834195114265,-4428.410291425607,21.512741950937794,-397.9336634253732
2026-09-14 13:00:00,31742.0234,29428.8223,2335.916,1327.7384,203.242264,-4782.834195114265,-4428.410291425607,21.512741950937794,-397.9336634253732
2026-09-14 13:15:00,32556.1523,28567.4883,2260.65063,1363.51746,214.22821,-5884.2843906438975,-3942.187283327905,30.399382560558593,-481.5475629155908
2026-09-14 13:30:00,31896.7871,30620.2813,2109.9707,1310.78333,203.619263,-3477.5883347736417,-4118.257731276237,22.884565014098087,-619.9227414926645
2026-09-14 13:45:00,31896.7871,30620.2813,2109.9707,1310.78333,203.619263,-3477.5883347736417,-4118.257731276237,22.884565014098087,-619.9227414926645
2026-09-14 14:00:00,32252.7676,28628.416,2379.854,1343.88074,210.866409,-5691.573058008475,-4065.6064899461417,28.18974911737442,-357.7622464918686
2026-09-14 14:15:00,32238.38,29597.8828,2288.544,1311.277,211.576492,-4503.299894486423,-3781.1891899836883,30.81282835395868,-441.4646322929102
2026-09-14 14:30:00,32238.38,29597.8828,2288.544,1311.277,211.576492,-4503.299894486423,-3781.1891899836883,30.81282835395868,-441.4646322929102
2026-09-14 14:45:00,31633.3281,29926.5957,2258.047,1305.38818,208.160019,-4135.066642231253,-4332.271567744923,27.741876772603348,-470.5875607708358
2026-09-14 15:00:00,31633.3281,29926.5957,2258.047,1305.38818,208.160019,-4135.066642231253,-4332.271567744923,27.741876772603348,-470.5875607708358
2026-09-14 15:15:00,30743.79,29172.0117,2436.29175,1314.56274,210.8367,-4951.22186413754,-5305.892152852444,29.88024840219626,-294.48356250438565
2026-09-14 15:30:00,31798.832,29309.2852,2239.95215,1333.244,217.742508,-4939.319826632636,-4422.05910082813,35.68994963424103,-495.18216606748683
2026-09-14 15:45:00,31798.832,29309.2852,2239.95215,1333.244,217.742508,-4939.319826632636,-4422.05910082813,35.68994963424103,-495.18216606748683
2026-09-14 16:00:00,31071.7324,29319.0918,2293.16772,1317.14343,212.314835,-4821.460985621878,-5001.601113625293,31.206963649192716,-438.2097594302386
2026-09-14 16:15:00,31071.7324,29319.0918,2293.16772,1317.14343,212.314835,-4821.460985621878,-5001.601113625293,31.206963649192716,-438.2097594302386
2026-09-14 16:30:00,29289.5137,28124.6484,2358.39185,1338.57178,204.106079,-6159.711793599541,-6980.2051356193515,21.74091775219901,-377.9856269679517
2026-09-14 16:45:00,30385.1543,28394.9473,2312.849,1329.76086,211.974457,-5830.282089449967,-5803.814717678917,30.12626886021806,-421.47257540273586
2026-09-14 17:00:00,30385.1543,28394.9473,2312.849,1329.76086,211.974457,-5830.282089449967,-5803.814717678917,30.12626886021806,-421.47257540273586
2026-09-14 17:15:00,29909.84,28223.373,2157.761,1342.62988,206.506668,-6088.221434328028,-6397.070279439522,23.903401245662565,-579.5633762862753
2026-09-14 17:30:00,29909.84,28223.373,2157.761,1342.62988,206.506668,-6088.221434328028,-6397.070279439522,23.903401245662565,-579.5633762862753
2026-09-14 17:45:00,30859.1367,28263.5938,2122.91113,1349.01685,208.130676,-6090.864111942083,-5506.30851843466,25.152659306754458,-615.9035539522156
2026-09-14 18:00:00,32150.6953,28882.2949,1934.10632,1347.60754,200.687973,-5462.705017363078,-4201.833954389855,17.79264635170574,-804.379521716118
2026-09-14 18:15:00,32150.6953,28882.2949,1934.10632,1347.60754,200.687973,-5462.705017363078,-4201.833954389855,17.79264635170574,-804.379521716118
2026-09-14 18:30:00,31615.2344,28138.9141,2097.6543,1365.962,204.018768,-6329.264098352032,-4905.508764332844,20.046509291011603,-645.1142911954789
2026-09-14 18:45:00,31846.8613,28581.9688,1976.0918,1362.12732,196.898422,-5860.474547501468,-4638.738007407603,13.151159822345306,-765.7820237235121
2026-09-14 19:00:00,31846.8613,28581.9688,1976.0918,1362.12732,196.898422,-5860.474547501468,-4638.738007407603,13.151159822345306,-765.7820237235121
2026-09-14 19:15:00,31495.2871,28446.6621,2095.00537,1346.47278,200.4175,-5890.722350270335,-4846.842370552738,17.58875441294063,-643.2156917771172
2026-09-14 19:30:00,31495.2871,28446.6621,2095.00537,1346.47278,200.4175,-5890.722350270335,-4846.842370552738,17.58875441294063,-643.2156917771172
2026-09-14 19:45:00,31703.2715,29086.04,1981.186,1333.77771,193.343948,-5166.146798057489,-4522.510915847783,11.260074661743204,-754.0728496263403
2026-09-14 20:00:00,30599.1445,29070.6035,2034.72375,1319.73352,191.3253,-5087.331591274382,-5497.926522982929,10.065457359321869,-697.2580897110092
2026-09-14 20:15:00,30599.1445,29070.6035,2034.72375,1319.73352,191.3253,-5087.331591274382,-5497.926522982929,10.065457359321869,-697.2580897110092
2026-09-14 20:30:00,30874.3086,28298.582,1908.92053,1344.09924,189.629028,-6022.873429364325,-5446.067986305203,6.939547818915003,-828.7467003269278
2026-09-14 20:45:00,30175.9121,28922.0547,1995.54761,1316.19324,184.28479,-5212.121282882217,-5888.713166415146,3.232670225362824,-735.6081562483855
2026-09-14 21:00:00,30175.9121,28922.0547,1995.54761,1316.19324,184.28479,-5212.121282882217,-5888.713166415146,3.232670225362824,-735.6081562483855
2026-09-14 21:15:00,30076.5039,28777.5547,1943.56384,1325.62366,184.458313,-5419.909602157422,-6074.548742682531,2.85287149081924,-789.7923792361141
2026-09-14 21:30:00,31321.77,29061.2363,1808.36707,1328.759,188.862488,-5157.269525117827,-4858.017228194749,7.073083128934627,-925.7207357689038
2026-09-14 21:45:00,31321.77,29061.2363,1808.36707,1328.759,188.862488,-5157.269525117827,-4858.017228194749,7.073083128934627,-925.7207357689038
2026-09-14 22:00:00,30542.0176,29015.7422,1912.70117,1323.21619,189.930588,-5165.565374248647,-5586.971198702893,8.46640271018822,-820.0933007080141
2026-09-14 22:15:00,31847.9531,29971.834,1802.16724,1317.51343,190.422058,-4171.201885858329,-4228.771368558257,9.292477219307216,-929.2965736131762
2026-09-14 22:30:00,31847.9531,29971.834,1802.16724,1317.51343,190.422058,-4171.201885858329,-4228.771368558257,9.292477219307216,-929.2965736131762
2026-09-14 22:45:00,31489.67,29712.32,1945.87488,1320.35339,184.140091,-4449.775089500246,-4613.081972264808,2.843878023367438,-786.2515974677056
2026-09-14 23:00:00,33801.0625,31790.6719,1860.21777,1293.41187,196.752762,-2190.6164471155716,-2054.7773637632563,17.037319400258497,-865.6222909371625
2026-09-14 23:15:00,33801.0625,31790.6719,1860.21777,1293.41187,196.752762,-2190.6164471155716,-2054.7773637632563,17.037319400258497,-865.6222909371625
2026-09-14 23:30:00,32284.07,29172.01,2075.163,1331.51843,194.584351,-5065.014585348825,-3921.006695142518,12.633038961072344,-659.5686791051844
2026-09-14 23:45:00,33076.9531,29545.3359,2000.52161,1332.56445,196.756348,-4698.708611049726,-3137.7100996802983,14.743661642561904,-734.4541428404184
2026-09-15 00:00:00,33076.9531,29545.3359,2000.52161,1332.56445,196.756348,-4698.708611049726,-3137.7100996802983,14.743661642561904,-734.4541428404184
2026-09-15 00:15:00,32957.2227,29771.1367,2034.87158,1330.83984,193.28183,-4461.333812404362,-3241.634892148024,11.370333642223784,-699.7017598803204
2026-09-15 00:30:00,32957.2227,29771.1367,2034.87158,1330.83984,193.28183,-4461.333812404362,-3241.634892148024,11.370333642223784,-699.7017598803204
2026-09-15 00:45:00,31791.2344,29459.8984,2184.33179,1330.83984,192.480072,-4772.572112404363,-4407.623192148021,10.568575642223777,-550.2415498803202
2026-09-15 01:00:00,31791.2344,29459.8984,2184.33179,1324.75256,192.480072,-4731.719878871016,-4351.834835001158,10.92574152966597,-548.8211705692033
2026-09-15 01:15:00,33025.82,30458.5059,2020.81335,1306.12769,194.077225,-3608.119354274113,-2946.557086886758,13.615692663158342,-707.9937648022528
2026-09-15 01:30:00,33025.82,30458.5059,2020.81335,1306.12769,194.077225,-3608.119354274113,-2946.557086886758,13.615692663158342,-707.9937648022528
2026-09-15 01:45:00,33126.3672,30365.25,2064.92725,1325.66589,194.480453,-3832.497711138465,-3025.0724697820406,12.87253368210554,-668.4388229997508
2026-09-15 02:00:00,33952.8867,30765.25,1979.43433,1304.43372,191.313736,-3290.006883172653,-2003.965587081897,10.951595887329148,-748.9775212458444
2026-09-15 02:15:00,33952.8867,30765.25,1979.43433,1304.43372,191.313736,-3290.006883172653,-2003.965587081897,10.951595887329148,-748.9775212458444
2026-09-15 02:30:00,32915.06,31311.0527,2070.36914,1292.47656,184.811218,-2663.9587052719144,-2932.2079879298763,5.15065390530242,-655.2526797894775
2026-09-15 02:45:00,33426.0273,31078.1289,2016.13452,1308.03186,188.933319,-3001.275394753142,-2563.801015683246,8.360061135847161,-713.1169055079949
2026-09-15 03:00:00,33426.0273,31078.1289,2016.13452,1308.03186,188.933319,-3001.275394753142,-2563.801015683246,8.360061135847161,-713.1169055079949
2026-09-15 03:15:00,32739.0938,29483.8379,2064.18237,1341.81372,188.702911,-4822.279217871321,-3560.3365827419875,6.147531727541974,-672.9515670788523
2026-09-15 03:30:00,33990.332,30517.77,2047.08887,1320.7865,188.871475,-3647.231726104048,-2116.389314132415,7.549849668833048,-685.1386674622249
2026-09-15 03:45:00,33990.332,30517.77,2047.08887,1320.7865,188.871475,-3647.231726104048,-2116.389314132415,7.549849668833048,-685.1386674622249
2026-09-15 04:00:00,32602.8047,29733.1738,2138.86035,1323.69763,185.849609,-4451.3647574319875,-3530.5963726026966,4.3571756347176915,-594.0464578135102
2026-09-15 04:15:00,33246.9453,30860.5313,2049.81348,1293.93811,185.963379,-3124.2886867599773,-2613.717418152235,6.217059723547806,-676.149371478863
2026-09-15 04:30:00,33246.9453,30860.5313,2049.81348,1293.93811,185.963379,-3124.2886867599773,-2613.717418152235,6.217059723547806,-676.149371478863
2026-09-15 04:45:00,32650.8574,30485.4922,2254.45044,1308.88049,182.638611,-3599.6073200332976,-3346.748391588015,2.0155605048099687,-474.9990011233099
2026-09-15 05:00:00,32980.74,29995.9258,2144.04272,1309.52563,189.222885,-4093.503307294228,-3022.7783339270754,8.561981473468478,-585.5572552713652
2026-09-15 05:15:00,32980.74,29995.9258,2144.04272,1309.52563,189.222885,-4093.503307294228,-3022.7783339270754,8.561981473468478,-585.5572552713652
2026-09-15 05:30:00,33504.6133,30851.209,2178.86768,1306.8894,184.113586,-3220.5281523311533,-2474.7446633245636,3.6073609879202024,-550.1171688846462
2026-09-15 05:45:00,33504.6133,30851.209,2178.86768,1306.8894,184.113586,-3220.5281523311533,-2474.7446633245636,3.6073609879202024,-550.1171688846462
2026-09-15 06:00:00,32969.92,30354.834,2279.94775,1315.163,183.667816,-3772.42795805087,-3085.2633815228837,2.6761446660257207,-450.9676245493861
2026-09-15 06:15:00,32800.6758,31302.1426,2227.6145,1284.35413,182.562225,-2618.3585137758346,-2972.152203940248,3.378237458235276,-496.11206747185815
2026-09-15 06:30:00,32800.6758,31302.1426,2227.6145,1284.35413,182.562225,-2618.3585137758346,-2972.152203940248,3.378237458235276,-496.11206747185815
2026-09-15 06:45:00,33800.4258,30745.9141,2318.21436,1302.23071,184.86058,-3294.5582030323712,-2136.236466468741,4.6276995930916485,-409.6834505205643
2026-09-15 07:00:00,33673.34,30661.0859,2377.609,1315.451,185.648422,-3468.1088495862714,-2384.4828275247637,4.63985251519594,-353.3735752106995
2026-09-15 07:15:00,33673.34,30661.0859,2377.609,1315.451,185.648422,-3468.1088495862714,-2384.4828275247637,4.63985251519594,-353.3735752106995
2026-09-15 07:30:00,34039.125,30467.0762,2429.12573,1314.279,187.887573,-3654.2531618102694,-2007.9567486560118,6.947769601211718,-301.58337585285335
2026-09-15 07:45:00,34039.125,30467.0762,2429.12573,1314.279,187.887573,-3654.2531618102694,-2007.9567486560118,6.947769601211718,-301.58337585285335
2026-09-15 08:00:00,33682.5,29373.4277,2486.442,1347.0957,195.426285,-4968.137217295443,-2665.3383723009683,12.560990120874976,-251.92441120748344
2026-09-15 08:15:00,33682.5,29373.4277,2486.442,1347.0957,195.426285,-4968.137217295443,-2665.3383723009683,12.560990120874976,-251.92441120748344
2026-09-15 08:30:00,31384.11,30658.7617,2460.90186,1289.16907,190.778458,-3294.052869593379,-4432.845691899514,11.311958019497297,-263.94820452805925
2026-09-15 08:45:00,32940.9023,30073.627,2401.42627,1304.33044,193.3326,-3980.9367626525927,-3015.003452418452,12.976519751973967,-326.9614823420234
2026-09-15 09:00:00,32940.9023,30073.627,2401.42627,1304.33044,193.3326,-3980.9367626525927,-3015.003452418452,12.976519751973967,-326.9614823420234
2026-09-15 09:15:00,30323.459,30755.3,2404.816,1287.40442,193.748474,-3185.671859235943,-5477.324128055039,14.385513331517558,-319.62230880935385
2026-09-15 09:30:00,31566.17,28853.2129,2317.795,1318.3208,199.760147,-5295.241311906713,-4517.953807164282,18.58319448307293,-413.85720180041517
2026-09-15 09:45:00,31566.17,28853.2129,2317.795,1318.3208,199.760147,-5295.241311906713,-4517.953807164282,18.58319448307293,-413.85720180041517
2026-09-15 10:00:00,32229.77,29540.7285,2245.71851,1313.18445,193.329117,-4573.255247313489,-3807.2804791374256,12.453535375485274,-484.73519833951696
2026-09-15 10:15:00,31853.9941,32599.0586,2044.52307,1238.78638,183.287872,-1015.6336197231176,-3501.2171832737185,6.777532765442089,-668.5709178379086
2026-09-15 10:30:00,31853.9941,32599.0586,2044.52307,1238.78638,183.287872,-1015.6336197231176,-3501.2171832737185,6.777532765442089,-668.5709178379086
2026-09-15 10:45:00,32262.4063,29431.0449,2169.58862,1312.59937,195.500885,-4679.012327620672,-3769.282071266676,14.659632438289151,-560.7285683293735
2026-09-15 11:00:00,29250.03,31027.2813,2081.736,1265.05872,180.068924,-2763.7267404423073,-6345.960529012998,2.0170779460937354,-637.4882608318621
2026-09-15 11:15:00,29250.03,31027.2813,2081.736,1265.05872,180.068924,-2763.7267404423073,-6345.960529012998,2.0170779460937354,-637.4882608318621
2026-09-15 11:30:00,31771.7539,28541.55,2126.48071,1337.28125,185.618988,-5734.149341307257,-4486.137559755454,3.3295474834157233,-609.5956403379341
2026-09-15 11:45:00,31851.6,30839.2129,1987.93054,1275.8512,183.003326,-3024.224355685241,-3843.300835215501,4.318240519469299,-733.8119909471914
2026-09-15 12:00:00,31851.6,30839.2129,1987.93054,1275.8512,183.003326,-3024.224355685241,-3843.300835215501,4.318240519469299,-733.8119909471914
2026-09-15 12:15:00,33518.98,30613.748,1984.86987,1299.86987,183.48468,-3410.8805128642125,-2396.0457744580854,3.390319837553733,-742.4770724328705
2026-09-15 12:30:00,33518.98,30613.748,1984.86987,1299.86987,183.48468,-3410.8805128642125,-2396.0457744580854,3.390319837553733,-742.4770724328705
2026-09-15 12:45:00,32478.7227,30500.9453,1994.84607,1292.94617,180.64888,-3477.217696358508,-3372.849142919251,0.9607619448468938,-730.8853265344756
2026-09-15 13:00:00,32507.9512,30178.2617,2008.85229,1311.30237,183.359711,-3923.091254629664,-3511.8504995151707,2.5945587911581356,-721.1622620178321
2026-09-15 13:15:00,32507.9512,30178.2617,2008.85229,1311.30237,183.359711,-3923.091254629664,-3511.8504995151707,2.5945587911581356,-721.1622620178321
2026-09-15 13:30:00,33097.38,30992.7422,1935.933,1279.08459,179.488434,-2892.3946002083103,-2627.154023784962,0.6136321586650411,-786.5639960384592
2026-09-15 13:45:00,33097.38,30992.7422,1935.933,1279.08459,179.488434,-2892.3946002083103,-2627.154023784962,0.6136321586650411,-786.5639960384592
2026-09-15 14:00:00,32576.2266,29974.7441,2039.87854,1319.65259,185.022446,-4182.647863430768,-3520.1027203269114,3.7673518570533133,-692.0844158585089
2026-09-15 14:15:00,33831.37,30387.9063,1919.31433,1323.59949,192.495651,-3795.973631871977,-2301.131644718582,11.00897591430953,-813.5695782548248
2026-09-15 14:30:00,33831.37,30387.9063,1919.31433,1323.59949,192.495651,-3795.973631871977,-2301.131644718582,11.00897591430953,-813.5695782548248
2026-09-15 14:45:00,29912.2949,28294.3262,2381.82739,1322.27893,185.10321,-5880.691345795636,-6208.104151620537,3.694017629795013,-350.7483845558513
2026-09-15 15:00:00,33863.793,30531.7871,1885.67725,1303.53455,184.87207,-3517.435379822353,-2084.818625062784,4.562687909140436,-842.5247928478118
2026-09-15 15:15:00,33863.793,30531.7871,1885.67725,1303.53455,184.87207,-3517.435379822353,-2084.818625062784,4.562687909140436,-842.5247928478118
2026-09-15 15:30:00,33410.1328,30138.3418,1977.79272,1319.7395,194.937912,-4019.633423543066,-2686.993028146433,13.677718487995634,-754.1905150580742
2026-09-15 15:45:00,33410.1328,30138.3418,1977.79272,1319.7395,194.937912,-4019.633423543066,-2686.993028146433,13.677718487995634,-754.1905150580742
2026-09-15 16:00:00,33396.0547,29673.8828,1960.50378,1327.16443,194.455017,-4533.921735539356,-2769.118703850276,12.75917214410373,-773.2119557740739
2026-09-15 16:15:00,33396.0547,29673.8828,1960.50378,1327.16443,194.455017,-4533.921735539356,-2769.118703850276,12.75917214410373,-773.2119557740739
2026-09-15 16:30:00,33265.207,30031.5449,2021.733,1321.20886,188.911591,-4136.291318579366,-2845.3851350121113,7.565184061248033,-710.5930890987263
2026-09-15 16:45:00,33359.34,30431.3965,2090.44971,1312.45764,191.508667,-3677.709566008485,-2671.0494522324952,10.67573032341798,-639.8344076705957
2026-09-15 17:00:00,33359.34,30431.3965,2090.44971,1312.45764,191.508667,-3677.709566008485,-2671.0494522324952,10.67573032341798,-639.8344076705957
2026-09-15 17:15:00,33563.21,29880.4023,1983.06763,1331.02087,189.446884,-4353.283119528154,-2637.3066855845536,7.524765863596258,-751.54795062934
2026-09-15 17:30:00,33573.5742,30123.502,2019.80518,1323.49719,193.144,-4059.691388212006,-2557.9898915033336,11.663327278302177,-713.0548580199209
2026-09-15 17:45:00,33573.5742,30123.502,2019.80518,1323.49719,193.144,-4059.691388212006,-2557.9898915033336,11.663327278302177,-713.0548580199209
2026-09-15 18:00:00,33267.6523,29344.248,2104.27466,1351.76221,196.819122,-5028.634247253271,-3122.9534374475334,13.680023683969182,-635.1806142561882
2026-09-15 18:15:00,33267.6523,29344.248,2104.27466,1351.76221,196.819122,-5028.634247253271,-3122.9534374475334,13.680023683969182,-635.1806142561882
2026-09-15 18:30:00,33876.67,29703.1465,2034.76135,1337.07117,199.5837,-4571.142977259489,-2379.296130532981,17.30658574565993,-701.2659811888755
2026-09-15 18:45:00,33815.43,30742.73,1934.95972,1310.06677,197.7631,-3350.3307420562596,-2193.0477429876846,17.07044555214887,-794.766522513946
2026-09-15 19:00:00,33815.43,30742.73,1934.95972,1310.06677,197.7631,-3350.3307420562596,-2193.0477429876846,17.07044555214887,-794.766522513946
2026-09-15 19:15:00,34108.125,30313.2676,2008.40344,1331.27917,202.804489,-3922.1512919364686,-2094.758938717481,20.867215334570744,-726.2724112224555
2026-09-15 20:15:00,33941.29,29879.375,2254.02124,1335.86755,218.229141,-4386.836885079501,-2303.645262488608,36.022648107818924,-481.72524375842295
2026-09-15 20:30:00,33147.01,30359.59,2282.25122,1317.28772,212.934479,-3781.9311276032713,-2927.645894401714,31.81814155827874,-449.15992742822755
2026-09-15 20:45:00,33147.01,30359.59,2282.25122,1317.28772,212.934479,-3781.9311276032713,-2927.645894401714,31.81814155827874,-449.15992742822755
2026-09-15 21:00:00,32891.3359,31178.8184,2245.07715,1292.67981,213.107712,-2797.557032631532,-2957.7948219572427,33.43522238739905,-480.59209525618553
2026-09-15 21:15:00,32158.2617,30022.0742,2459.261,1301.78088,218.187881,-4015.3792571422055,-3774.2779900971254,37.981393979160316,-268.53184915431893
2026-09-15 21:30:00,32158.2617,30022.0742,2459.261,1301.78088,218.187881,-4015.3792571422055,-3774.2779900971254,37.981393979160316,-268.53184915431893
2026-09-15 21:45:00,32599.7051,29677.082,2387.4646,1319.881,214.464783,-4481.842841606467,-3498.717539289719,33.196287097917775,-344.55165204965715
2026-09-15 22:00:00,31679.55,29130.99,2701.84082,1306.69312,217.460159,-4939.429901211119,-4298.009107556343,36.96545054710381,-27.098229767275825
2026-09-15 22:15:00,31679.55,29130.99,2701.84082,1306.69312,217.460159,-4939.429901211119,-4298.009107556343,36.96545054710381,-27.098229767275825
2026-09-15 22:30:00,31347.95,29128.9063,2831.345,1308.91907,210.48436,-4956.4521335660575,-4650.009367375347,29.859045856688425,101.88655678810164
2026-09-15 22:45:00,31197.4844,27938.5039,2836.81543,1353.54358,216.502762,-6446.3332668970725,-5209.4471357960065,33.259143340414596,96.94449865337992
2026-09-15 23:00:00,31197.4844,27938.5039,2836.81543,1353.54358,216.502762,-6446.3332668970725,-5209.4471357960065,33.259143340414596,96.94449865337992
2026-09-15 23:15:00,32446.5781,29250.627,2832.112,1337.4635,211.9696,-5026.295435950749,-3812.9836341785194,29.66946612234375,95.99312424357868
2026-09-15 23:30:00,33066.6328,31049.95,2772.73682,1297.81433,213.950348,-2960.8836159452003,-2829.5544785042875,33.97659486865345,45.86950828711815
2026-09-15 23:45:00,33066.6328,31049.95,2772.73682,1297.81433,213.950348,-2960.8836159452003,-2829.5544785042875,33.97659486865345,45.86950828711815
2026-09-16 00:00:00,33745.37,30169.88,3056.86548,1318.57031,211.370422,-3980.2486939067057,-2341.040502205695,30.178829699692557,325.15505862665304
2026-09-16 00:15:00,33745.37,30169.88,3056.86548,1318.57031,211.370422,-3980.2486939067057,-2341.040502205695,30.178829699692557,325.15505862665304
2026-09-16 00:30:00,33579.58,30013.75,3013.962,1326.34082,212.436737,-4188.5272215238365,-2578.0452298169184,30.789216748287572,280.43844178378913
2026-09-16 00:45:00,31616.9512,28848.6133,3067.54883,1334.06433,202.308,-5405.497028300113,-4611.458014504231,20.207309481219426,332.223101715515
2026-09-16 01:00:00,31616.9512,28848.6133,3067.54883,1334.06433,202.308,-5405.497028300113,-4611.458014504231,20.207309481219426,332.223101715515
2026-09-16 01:15:00,33197.66,29360.2715,2984.93677,1349.35742,208.352676,-4996.47200504351,-3170.906454979304,25.354676656656835,246.04261893242438
2026-09-16 01:30:00,34349.7578,29922.2813,3012.83252,1325.17834,213.429352,-4272.194423245808,-1797.2135993021293,31.850039256539844,279.5802097864416
2026-09-16 01:45:00,34349.7578,29922.2813,3012.83252,1325.17834,213.429352,-4272.194423245808,-1797.2135993021293,31.850039256539844,279.5802097864416
2026-09-16 02:00:00,35323.1758,30421.7676,2775.91162,1342.90576,219.065964,-3891.6782875529825,-986.2628487554903,36.446510225346856,38.5228710802412
2026-09-16 02:15:00,35323.1758,30421.7676,2775.91162,1342.90576,219.065964,-3891.6782875529825,-986.2628487554903,36.446510225346856,38.5228710802412
2026-09-16 02:30:00,34843.38,29941.2129,2788.51245,1344.8584,218.223282,-4385.337314162985,-1483.9540926482077,35.48925876272065,50.668080596534764
2026-09-16 02:45:00,35512.8125,30568.4063,2715.16919,1333.14758,216.974579,-3679.5516441331893,-707.1949363020831,34.92767799432096,-19.942627846084633
2026-09-16 03:00:00,35512.8125,30568.4063,2715.16919,1333.14758,216.974579,-3679.5516441331893,-707.1949363020831,34.92767799432096,-19.942627846084633
2026-09-16 03:15:00,36004.67,31584.1074,2709.50684,1315.27441,211.213654,-2543.902239665309,-51.534425547433784,30.215445780664794,-21.434530471875405
2026-09-16 03:30:00,36004.67,31584.1074,2709.50684,1315.27441,211.213654,-2543.902239665309,-51.534425547433784,30.215445780664794,-21.434530471875405
2026-09-16 03:45:00,35369.9258,30753.7441,2679.24731,1330.71863,208.478485,-3477.912962189057,-827.820933641473,26.57410053410601,-55.29774726866117
2026-09-16 04:00:00,35837.3672,31263.59,2569.96558,1320.73315,210.326721,-2901.0536898942773,-268.8651750900535,29.008225933925985,-162.2495090063876
2026-09-16 04:15:00,35837.3672,31263.59,2569.96558,1320.73315,210.326721,-2901.0536898942773,-268.8651750900535,29.008225933925985,-162.2495090063876
2026-09-16 04:30:00,35680.6523,29508.36,2572.45435,1370.45618,207.675171,-4989.979007597038,-881.2788693075272,23.439220167760368,-171.36289351514142
2026-09-16 04:45:00,35724.2773,32015.66,2423.95435,1301.526,196.86142,-2020.082936633382,-205.92648038546758,16.669887842644727,-303.77902656905644
2026-09-16 05:00:00,35724.2773,32015.66,2423.95435,1301.526,196.86142,-2020.082936633382,-205.92648038546758,16.669887842644727,-303.77902656905644
2026-09-16 05:15:00,36645.9766,32540.8848,2418.59619,1295.7981,197.813065,-1456.4177316486166,768.2675513997456,17.957612419513225,-307.8006634164908
2026-09-16 05:30:00,35992.3633,31126.3281,2394.84961,1326.67566,197.435287,-3078.196260127006,-168.3306523838255,15.768120300982531,-338.7520783184127
2026-09-16 05:45:00,35992.3633,31126.3281,2394.84961,1326.67566,197.435287,-3078.196260127006,-168.3306523838255,15.768120300982531,-338.7520783184127
2026-09-16 06:00:00,36201.3867,31321.6582,2310.55371,1323.20544,200.089859,-2859.577230120154,72.49642228502489,18.626304457137593,-422.23825234999595
2026-09-16 06:15:00,36201.3867,31321.6582,2310.55371,1323.20544,200.089859,-2859.577230120154,72.49642228502489,18.626304457137593,-422.23825234999595
2026-09-16 06:30:00,35529.3438,30532.1445,2228.62817,1337.74329,200.340118,-3746.655629505225,-732.7821376398497,18.023567686160817,-507.55599073221674
2026-09-16 06:45:00,36203.3867,32206.2539,1854.00439,1311.305,200.084213,-1895.1167047745803,183.5608972105765,19.31890647818355,-876.0107756905377
2026-09-16 07:00:00,36203.3867,32206.2539,1854.00439,1311.305,200.084213,-1895.1167047745803,183.5608972105765,19.31890647818355,-876.0107756905377
2026-09-16 07:15:00,34973.2578,30388.2285,2188.76758,1338.29968,200.338547,-3894.3056082634976,-1293.9673090321594,17.989350984285124,-547.5464063431482
2026-09-16 07:30:00,34931.9336,31162.6113,2161.44336,1309.66235,196.779,-2927.7353463869986,-1072.837737598522,16.110074545755083,-568.1885169186385
2026-09-16 07:45:00,34931.9336,31162.6113,2161.44336,1309.66235,196.779,-2927.7353463869986,-1072.837737598522,16.110074545755083,-568.1885169186385
2026-09-16 08:00:00,33647.45,28827.9238,2169.291,1358.41479,204.796234,-5589.60445528301,-2804.124923847383,21.26680130810999,-571.7165581986965
2026-09-16 08:15:00,33647.45,28827.9238,2169.291,1358.41479,204.796234,-5589.60445528301,-2804.124923847383,21.26680130810999,-571.7165581986965
2026-09-16 08:30:00,33327.125,29564.2266,2309.462,1329.86731,214.173721,-4661.71718409907,-2862.819604577875,32.31928699856587,-424.8844139805028
2026-09-16 09:15:00,30430.1211,28704.002,2387.67432,1323.07959,194.326233,-5476.388840485677,-5697.6157948006185,12.870062597005415,-345.088277061016
2026-09-16 09:30:00,33351.2,29157.02,2246.75024,1352.33826,201.674316,-5219.728165878154,-3044.685087688442,18.501418448602806,-492.8394472455975
2026-09-16 09:45:00,33351.2,29157.02,2246.75024,1352.33826,201.674316,-5219.728165878154,-3044.685087688442,18.501418448602806,-492.8394472455975
2026-09-16 10:00:00,33956.082,28922.21,2434.436,1360.43652,206.860641,-5508.88625052906,-2514.0215598382565,23.212585049508675,-307.0432998410497
2026-09-16 12:30:00,33216.97,31617.9023,2870.30249,1278.22485,201.408081,-2261.4647148102376,-2499.684727584776,22.583723659340137,148.00610193569992
2026-09-16 12:45:00,33216.97,31617.9023,2870.30249,1278.22485,201.408081,-2261.4647148102376,-2499.684727584776,22.583723659340137,148.00610193569992
2026-09-16 13:00:00,34037.29,31316.0332,2703.27173,1307.63818,201.621536,-2760.72907610155,-1948.9303396345713,21.071376969245364,-25.887835937349337
2026-09-16 13:15:00,34533.41,31527.9336,2673.533,1300.16077,200.828445,-2498.6471665366007,-1384.2817982148408,20.717016531732895,-53.881819767510024
2026-09-16 13:30:00,31648.9863,28511.5332,2974.38428,1334.19067,193.709366,-5743.425006364636,-4580.580788142692,11.601262591025545,239.0290720920766
2026-09-16 13:45:00,33379.8164,29887.2715,2639.691,1323.09033,197.513336,-4293.191417503349,-2748.018924141099,16.056535436797418,-93.0741030856775
2026-09-16 14:00:00,33379.8164,29887.2715,2639.691,1323.09033,197.513336,-4293.191417503349,-2748.018924141099,16.056535436797418,-93.0741030856775
2026-09-16 14:15:00,32469.3477,29095.9277,2799.27075,1343.41187,193.951218,-5220.91473312235,-3844.7293168666292,11.3020686589702,61.76390758476418
2026-09-16 14:30:00,32104.582,29194.1738,2771.083,1328.71155,193.164276,-5024.013584290213,-4074.7703611364595,11.377655216632093,37.006266006719216
2026-09-16 14:45:00,32164.6289,29478.0977,2695.184,1321.23218,193.029373,-4689.8950210050825,-3946.17695682032,11.681597780423886,-37.147530485607604
2026-09-16 15:00:00,32316.6484,28710.67,2659.10669,1341.77747,193.300568,-5595.203841158967,-3982.44976080599,10.747315664929431,-78.01878866228071
2026-09-16 15:15:00,31163.123,30665.7988,2573.97974,1285.98657,191.370621,-3265.6577520190513,-4624.665897104489,12.090851453580285,-150.1277338869795
2026-09-16 15:30:00,31163.123,30665.7988,2573.97974,1285.98657,191.370621,-3265.6577520190513,-4624.665897104489,12.090851453580285,-150.1277338869795
2026-09-16 15:45:00,31776.502,29402.8145,2531.37817,1320.66589,190.247284,-4761.377802537783,-4329.113954471701,8.932735356234389,-200.8212248519435
2026-09-16 16:00:00,31193.0,30860.2031,2774.56616,1271.07007,194.849884,-2971.1476015406515,-4458.08300721916,16.445327185708834,53.93923703137398
2026-09-16 16:15:00,31193.0,30860.2031,2774.56616,1271.07007,194.849884,-2971.1476015406515,-4458.08300721916,16.445327185708834,53.93923703137398
2026-09-16 16:30:00,34375.46,33263.1172,2354.95459,1246.53687,190.556625,-403.5891914842141,-1050.7825327288447,13.59153247021635,-359.9478633014687
2026-09-16 16:45:00,32707.9727,32366.1445,2551.4353,1244.04016,194.076492,-1283.8062666427395,-2695.388127078346,17.25789176937718,-162.88458190178608
2026-09-16 17:00:00,32707.9727,32366.1445,2551.4353,1244.04016,194.076492,-1283.8062666427395,-2695.388127078346,17.25789176937718,-162.88458190178608
2026-09-16 17:15:00,32953.7266,31439.7031,2512.942,1291.98633,198.368149,-2532.0183316802504,-2889.048555938556,18.736348726418015,-212.56543166379743
2026-09-16 17:30:00,33837.76,31648.2871,2402.041,1294.961,207.441742,-2343.3975851406867,-2032.277242182994,27.63540553777588,-324.160528160985
2026-09-16 17:45:00,33837.76,31648.2871,2402.041,1294.961,207.441742,-2343.3975851406867,-2032.277242182994,27.63540553777588,-324.160528160985
2026-09-16 18:00:00,32941.05,31675.5918,2635.96948,1279.39612,203.73114,-2211.6357034965877,-2786.339116191084,24.83805940544275,-86.60020708713637
2026-09-16 18:15:00,32375.4551,30032.99,2541.67944,1306.8457,198.946045,-4038.4538780599796,-3603.5023640527506,18.44238404761208,-187.2952121176345
2026-09-16 18:30:00,32375.4551,30032.99,2541.67944,1306.8457,198.946045,-4038.4538780599796,-3603.5023640527506,18.44238404761208,-187.2952121176345
2026-09-16 18:45:00,32655.6348,30277.1074,2422.10034,1304.47363,195.333176,-3778.4173224440965,-3301.583251977514,14.968694202608248,-306.3208236708206
2026-09-16 19:00:00,32655.6348,30277.1074,2422.10034,1304.47363,195.333176,-3778.4173224440965,-3301.583251977514,14.968694202608248,-306.3208236708206
2026-09-16 19:15:00,33639.457,30847.9355,2468.67041,1308.73315,194.8145,-3236.1752092526513,-2356.798458345249,14.200094551835207,-260.74465145165004
2026-09-16 19:30:00,33035.9023,30017.2051,2508.347,1312.28442,196.8545,-4090.738472432924,-2992.899635439273,16.03172685705252,-221.89669927284285
2026-09-16 19:45:00,33035.9023,30017.2051,2508.347,1312.28442,196.8545,-4090.738472432924,-2992.899635439273,16.03172685705252,-221.89669927284285
2026-09-16 20:00:00,33337.6641,29430.2813,2481.16626,1331.82056,195.91629,-4808.770904468929,-2870.1815389638505,13.94725074471745,-253.63591679894398
2026-09-16 20:15:00,33033.84,30220.8848,2439.883,1311.45483,193.395,-3881.491326148709,-2987.3589562424168,12.620902332562622,-290.167126367915
2026-09-16 20:30:00,33033.84,30220.8848,2439.883,1311.45483,193.395,-3881.491326148709,-2987.3589562424168,12.620902332562622,-290.167126367915
2026-09-16 20:45:00,33970.64,29619.3711,2583.18213,1316.73718,199.249756,-4518.45530867307,-2098.9703367563343,18.16572101646568,-148.1005568307287
2026-09-16 21:00:00,34148.4063,29245.502,2549.28979,1334.00159,203.90535,-5008.187275033,-2079.4279185245177,21.808340696438393,-186.02129880708662
2026-09-16 21:15:00,34148.4063,29245.502,2549.28979,1334.00159,203.90535,-5008.187275033,-2079.4279185245177,21.808340696438393,-186.02129880708662
2026-09-16 21:30:00,32023.21,30576.6777,2479.37964,1279.50232,187.1682,-3311.2625203752614,-3705.1524119042733,8.26888821232427,-243.21482733099583
2026-09-16 21:45:00,33302.4648,30797.709,2276.188,1309.89917,195.920776,-3294.226964759964,-2704.4769320504784,15.23795533714565,-453.49913546243124
2026-09-16 22:00:00,33302.4648,30797.709,2276.188,1309.89917,195.920776,-3294.226964759964,-2704.4769320504784,15.23795533714565,-453.49913546243124
2026-09-16 22:15:00,36148.72,31785.3789,2453.26782,1325.26892,213.777527,-2409.7047130280225,0.9184582713060081,32.19289955340733,-280.00562575488357
2026-09-16 22:30:00,36148.72,31785.3789,2453.26782,1325.26892,213.777527,-2409.7047130280225,0.9184582713060081,32.19289955340733,-280.00562575488357
2026-09-16 22:45:00,36673.2852,32067.2129,2493.38062,1315.42676,212.380386,-2061.81917296537,615.6845258470639,31.37323877622407,-237.5962991550391
2026-09-16 23:00:00,35486.2734,31776.1563,2833.1333,1307.56384,208.998413,-2300.1070742864867,-499.26563263534626,28.45261580442829,103.99108023335248
2026-09-16 23:15:00,35486.2734,31776.1563,2833.1333,1307.56384,208.998413,-2300.1070742864867,-499.26563263534626,28.45261580442829,103.99108023335248
2026-09-16 23:30:00,36397.37,32424.2051,2732.23926,1293.90466,213.082672,-1560.3904010764381,537.013842503191,33.338315373357744,6.284213597945836
2026-09-16 23:45:00,36397.37,32424.2051,2732.23926,1293.90466,213.082672,-1560.3904010764381,537.013842503191,33.338315373357744,6.284213597945836
2026-09-17 00:00:00,35814.26,31230.67,2791.84229,1311.61926,209.309891,-2872.809629315954,-208.44591494410997,28.526145544573183,61.753796254516146
2026-09-17 00:15:00,35417.4141,31172.709,2773.19873,1308.29541,207.06813,-2908.464000340482,-574.8295837172554,26.47940856761383,43.885808886834184
2026-09-17 00:30:00,35417.4141,31172.709,2773.19873,1308.29541,207.06813,-2908.464000340482,-574.8295837172554,26.47940856761383,43.885808886834184
2026-09-17 00:45:00,35213.54,32232.2168,2640.54761,1294.54236,201.74942,-1756.6583578893733,-652.6605141474938,21.96764687757934,-85.55623453302542
2026-09-17 01:00:00,34488.48,30766.1953,2634.425,1335.46631,202.398,-3497.3238306501153,-1752.7780009823837,20.21504951767639,-101.22786017041744
2026-09-17 01:15:00,34488.48,30766.1953,2634.425,1335.46631,202.398,-3497.3238306501153,-1752.7780009823837,20.21504951767639,-101.22786017041744
2026-09-17 01:30:00,34971.1445,31454.31,2610.4978,1307.654,197.32843,-2622.5584454143645,-1015.2208258698156,16.777342744432417,-118.66545730700864
2026-09-17 01:45:00,34971.1445,31454.31,2610.4978,1307.654,197.32843,-2622.5584454143645,-1015.2208258698156,16.777342744432417,-118.66545730700864
2026-09-17 02:00:00,33949.8047,32770.92,2434.89648,1258.3092,186.45137,-974.79146015062,-1584.3282124207108,8.795546192582918,-282.7528773334243
2026-09-17 02:15:00,34960.9648,32832.36,2429.07886,1266.95984,188.086945,-971.4066121220967,-652.4490053431509,9.923552374893717,-290.5889998639336
2026-09-17 02:30:00,34960.9648,32832.36,2429.07886,1266.95984,188.086945,-971.4066121220967,-652.4490053431509,9.923552374893717,-290.5889998639336
2026-09-17 02:45:00,34785.81,32842.24,2241.04541,1276.83569,186.290024,-1027.8042485279002,-918.1134331126814,7.547174420474676,-480.92683754113796
2026-09-17 03:00:00,35450.91,33104.83,2219.06055,1292.35059,187.449478,-869.3360103076266,-395.2035052463398,7.796305086066411,-506.5318765002212
2026-09-17 03:15:00,35450.91,33104.83,2219.06055,1292.35059,187.449478,-869.3360103076266,-395.2035052463398,7.796305086066411,-506.5318765002212
2026-09-17 03:30:00,35410.59,33516.2852,2351.89063,1274.08118,189.875488,-335.27330681897,-268.08905670078093,11.294256911593635,-369.4388922161552
2026-09-17 03:45:00,35752.8242,33329.8477,2563.13159,1275.946,189.692,-534.22576623231,57.05454714222287,11.001352211487841,-158.63306116487365
2026-09-17 04:00:00,35752.8242,33329.8477,2563.13159,1275.946,189.692,-534.22576623231,57.05454714222287,11.001352211487841,-158.63306116487365
2026-09-17 04:15:00,35941.0742,33243.4648,2642.05884,1287.377,192.213,-697.3230413751735,140.54236919972755,12.851648176294503,-82.37307074639057
2026-09-17 04:30:00,35941.0742,33243.4648,2642.05884,1287.377,192.213,-697.3230413751735,140.54236919972755,12.851648176294503,-82.37307074639057
2026-09-17 04:45:00,35504.3828,32497.4043,2736.89526,1293.45239,193.155624,-1484.155980146872,-351.82841915213066,13.437803924315375,11.045744303127321
2026-09-17 05:00:00,35536.582,31045.1875,2542.277,1352.35364,195.836365,-3331.6638823150133,-859.4440414367346,12.662565040409163,-197.31627594757992
2026-09-17 05:15:00,35536.582,31045.1875,2542.277,1352.35364,195.836365,-3331.6638823150133,-859.4440414367346,12.662565040409163,-197.31627594757992
2026-09-17 05:30:00,34844.01,34447.875,2683.357,1243.28381,181.60376,803.0001600162868,-552.4190736633536,4.829537951252661,-30.78639849836736
2026-09-17 05:45:00,34844.01,34447.875,2683.357,1243.28381,181.60376,803.0001600162868,-552.4190736633536,4.829537951252661,-30.78639849836736
2026-09-17 06:00:00,35490.582,34018.32,2774.476,1255.56543,189.591537,291.02220454063354,-18.404965349298436,12.096701523493806,57.466861966897795
2026-09-17 06:15:00,35901.58,34777.3477,2576.86328,1238.27551,192.35498,1166.0839705952385,551.050709014402,15.874615620700553,-136.1115036648348
2026-09-17 06:30:00,35901.58,34777.3477,2576.86328,1238.27551,192.35498,1166.0839705952385,551.050709014402,15.874615620700553,-136.1115036648348
2026-09-17 06:45:00,35908.6563,34167.99,2641.60034,1248.18237,193.46524,490.24052354529704,467.33318256252824,16.403599181360534,-73.68606707991194
2026-09-17 07:00:00,35912.4727,34200.9648,2645.75781,1253.01379,194.206818,490.79126910100604,426.87085963759455,16.861697792880648,-70.65593950728771
2026-09-17 07:15:00,35912.4727,34200.9648,2645.75781,1253.01379,194.206818,490.79126910100604,426.87085963759455,16.861697792880648,-70.65593950728771
2026-09-17 07:30:00,35382.79,34403.2656,2751.107,1228.27515,190.5615,859.1151037860182,123.91143894257402,14.66789809164672,40.465656631606635
2026-09-17 07:45:00,36106.8242,33343.57,2727.76636,1274.95264,200.200851,-513.8369460947943,420.15843631035386,21.568487750058353,6.233495116107406
2026-09-17 08:00:00,36106.8242,33343.57,2727.76636,1274.95264,200.200851,-513.8369460947943,420.15843631035386,21.568487750058353,6.233495116107406
2026-09-17 08:15:00,36412.6,33232.0664,2759.86426,1279.48914,203.886917,-655.785368318182,684.3583794092847,24.988378537421283,37.272868032601764
2026-09-17 08:30:00,36716.5664,32870.3125,2825.83032,1287.21521,200.770081,-1069.3895554636765,917.5173329797399,21.418222064567942,101.43616062511592
2026-09-17 08:45:00,36716.5664,32870.3125,2825.83032,1287.21521,200.770081,-1069.3895554636765,917.5173329797399,21.418222064567942,101.43616062511592
2026-09-17 09:00:00,36929.2031,34159.582,2882.19556,1261.13208,196.108246,394.9259614832481,1369.1992176842396,18.28679215086595,163.88752418459944
2026-09-17 09:15:00,36929.2031,34159.582,2882.19556,1261.13208,196.108246,394.9259614832481,1369.1992176842396,18.28679215086595,163.88752418459944
2026-09-17 09:30:00,35256.3828,33422.1328,2900.40552,1264.22632,189.420212,-363.28893601847085,-331.9789968881305,11.417206295922654,181.37548774618472
2026-09-17 09:45:00,35908.7656,34006.3359,2717.815,1250.08142,188.389191,315.8417438046745,450.0381772505061,11.216125065619678,2.085476892769293
2026-09-17 10:00:00,35908.7656,34006.3359,2717.815,1250.08142,188.389191,315.8417438046745,450.0381772505061,11.216125065619678,2.085476892769293
2026-09-17 10:15:00,35357.4922,34405.79,2806.19775,1233.78516,188.456924,824.6613763972564,48.11581302315608,12.240027022015425,94.2707249793666
2026-09-17 10:30:00,35357.4922,34405.79,2806.19775,1233.78516,188.456924,824.6613763972564,48.11581302315608,12.240027022015425,94.2707249793666
2026-09-17 10:45:00,36072.3633,33992.832,2600.6936,1262.58459,190.985031,218.42804817393335,499.0475367391555,13.078352383290166,-117.95335815069484
2026-09-17 11:00:00,35231.9023,33815.2969,2834.44287,1245.88477,184.048965,152.96680490548897,-188.36390377806674,7.1221338735362565,119.69257486256811
2026-09-17 11:15:00,35231.9023,33815.2969,2834.44287,1245.88477,184.048965,152.96680490548897,-188.36390377806674,7.1221338735362565,119.69257486256811
2026-09-17 11:30:00,35207.0469,34239.0,2803.77612,1248.17053,182.634659,561.3299827528681,-234.1677068796198,5.573712883116855,88.49247561394213
2026-09-17 12:30:00,34897.6953,34164.543,3284.209,1234.94849,180.438461,575.6071736997692,-422.34270752323937,4.153306640748525,572.0105286414287
2026-09-17 12:45:00,35883.9063,33936.6055,3753.18872,1246.84961,186.14119,267.80028481862246,454.7975855259283,9.157747721290917,1038.2132933137423
2026-09-17 13:00:00,35883.9063,33936.6055,3753.18872,1246.84961,186.14119,267.80028481862246,454.7975855259283,9.157747721290917,1038.2132933137423
2026-09-17 13:15:00,36168.9336,34085.33,4201.643,1245.48779,182.0769,425.6640701267461,752.3056159227053,5.173361331579343,1486.9853344407916
2026-09-17 13:30:00,36168.9336,34085.33,4201.643,1245.48779,182.0769,425.6640701267461,752.3056159227053,5.173361331579343,1486.9853344407916
2026-09-17 13:45:00,36815.9141,35030.4063,4451.06641,1220.78137,182.479614,1536.5471737587359,1625.714107206244,7.02570314972138,1742.1736325057022
2026-09-17 14:00:00,36932.42,33986.8125,4728.43555,1238.58948,181.5112,373.44169226757367,1579.013254635196,5.012413702589271,2015.3875059475522
2026-09-17 14:15:00,36932.42,33986.8125,4728.43555,1238.58948,181.5112,373.44169226757367,1579.013254635196,5.012413702589271,2015.3875059475522
2026-09-17 14:30:00,37025.9141,33717.63,5204.042,1244.42261,179.062256,65.11258015339263,1619.0482169375682,2.221215846513047,2489.632878886688
2026-09-17 14:45:00,37640.7969,33727.7227,5490.003,1250.64563,182.7533,33.4420843873595,2176.8986375674576,5.54712953200962,2774.1418265972143
2026-09-17 15:00:00,37640.7969,33727.7227,5490.003,1250.64563,182.7533,33.4420843873595,2176.8986375674576,5.54712953200962,2774.1418265972143
2026-09-17 15:15:00,37177.9258,34021.0625,5827.272,1227.27393,176.3288,483.63127302585053,1928.2231629911767,0.4939438089169812,3116.864276930636
2026-09-17 15:30:00,37539.0938,33895.19,5963.431,1231.43335,178.373352,329.844565497493,2251.2711474039534,2.2944454390400324,3252.052736046325
2026-09-17 15:45:00,37539.0938,33895.19,5963.431,1231.43335,178.373352,329.844565497493,2251.2711474039534,2.2944454390400324,3252.052736046325
2026-09-17 16:00:00,37951.8477,33573.8,6303.261,1243.56677,183.178955,-72.97380766723654,2552.8253706398027,6.388130518062354,3589.051576851892
2026-09-17 16:15:00,37951.8477,33573.8,6303.261,1243.56677,183.178955,-72.97380766723654,2552.8253706398027,6.388130518062354,3589.051576851892
2026-09-17 16:30:00,37343.6953,33992.918,6009.424,1238.5553,183.382568,379.7765770407641,1990.6018055530658,6.885787184517625,3296.3839313593703
2026-09-17 16:45:00,37776.35,33741.6133,5683.75928,1243.45313,189.802475,95.60213965942967,2378.3691520413777,13.018318246743917,2969.5763731128354
2026-09-17 17:00:00,37776.35,33741.6133,5683.75928,1243.45313,189.802475,95.60213965942967,2378.3691520413777,13.018318246743917,2969.5763731128354
2026-09-17 17:15:00,37007.957,33717.2656,5622.90967,1231.78027,188.854874,149.59195702713623,1716.9549147408616,12.75561220818625,2911.450457249718
2026-09-17 17:30:00,37109.957,34628.0469,5181.195,1228.32239,188.404373,1083.5793722855597,1850.645496480327,12.507999325517545,2470.5426338564657
2026-09-17 17:45:00,37109.957,34628.0469,5181.195,1228.32239,188.404373,1083.5793722855597,1850.645496480327,12.507999325517545,2470.5426338564657
2026-09-17 18:00:00,37447.457,33925.2539,5092.69043,1247.05615,191.650391,255.06257800015737,2016.4553994938906,14.654830165484043,2377.6668101728123
2026-09-17 18:15:00,37447.457,33925.2539,5092.69043,1247.05615,191.650391,255.06257800015737,2016.4553994938906,14.654830165484043,2377.6668101728123
2026-09-17 18:30:00,38224.91,34395.2266,5297.043,1240.39563,193.627167,769.7345720187514,2854.9503539536527,17.022406413973727,2583.5735168002193
2026-09-17 18:45:00,38468.9258,34508.76,5317.943,1245.87927,190.425217,846.4668158549466,3048.7100023087696,13.498708581277782,2603.193988208531
2026-09-17 19:00:00,38468.9258,34508.76,5317.943,1245.87927,190.425217,846.4668158549466,3048.7100023087696,13.498708581277782,2603.193988208531
2026-09-17 19:15:00,40072.01,34937.41,5182.235,1268.51086,187.987137,1123.2343659083417,4444.381494872716,9.732739618296279,2462.2052319079035
2026-09-17 19:30:00,40072.01,34937.41,5182.235,1268.51086,187.987137,1123.2343659083417,4444.381494872716,9.732739618296279,2462.2052319079035
2026-09-17 19:45:00,40330.72,35004.625,6154.022,1246.73682,184.808914,1336.576727725842,4902.644976895899,7.832089576957912,3439.0728912394006
2026-09-17 20:00:00,40660.2852,35178.97,6369.90234,1246.47107,179.014526,1512.7051976929652,5234.645707364638,2.0532942282878537,3655.015240182956
2026-09-17 20:15:00,40660.2852,35178.97,6369.90234,1246.47107,179.014526,1512.7051976929652,5234.645707364638,2.0532942282878537,3655.015240182956
2026-09-17 20:30:00,40358.0078,34683.43,6648.92,1247.10229,180.884216,1012.9290286895848,4926.583338249002,3.8859479409031508,3933.885614066865
2026-09-17 20:45:00,40358.0078,34683.43,6648.92,1247.10229,180.884216,1012.9290286895848,4926.583338249002,3.8859479409031508,3933.885614066865
2026-09-17 21:00:00,40479.96,34588.168,6527.9585,1246.8186,175.34166,919.5708954627698,5051.13548420828,-1.6399627937881291,3812.9903090516145
2026-09-17 21:15:00,40772.43,35038.7461,6647.1,1248.49316,172.6687,1358.9108864574955,5328.258572066268,-4.411176153001975,3931.741074539777
2026-09-17 21:30:00,40772.43,35038.7461,6647.1,1248.49316,172.6687,1358.9108864574955,5328.258572066268,-4.411176153001975,3931.741074539777
2026-09-17 21:45:00,38980.7266,33881.8867,8174.888,1239.6698,176.05394,261.2657764636824,3617.4189994103945,-0.508233138745652,5461.587878800224
2026-09-17 22:00:00,39865.4023,34922.168,6903.296,1240.6438,173.483658,1295.0104828682597,4493.168239667939,-3.1356637460659726,4189.768609897032
2026-09-17 22:15:00,39865.4023,34922.168,6903.296,1240.6438,173.483658,1295.0104828682597,4493.168239667939,-3.1356637460659726,4189.768609897032
2026-09-17 22:30:00,39910.5859,34971.4,6337.46143,1237.80554,171.147064,1363.290277671258,4564.363763311274,-5.305725296155401,3624.5963070809903
2026-09-17 22:45:00,39910.5859,34971.4,6337.46143,1237.80554,171.147064,1363.290277671258,4564.363763311274,-5.305725296155401,3624.5963070809903
2026-09-17 23:00:00,39643.7656,34707.0352,6799.88135,1240.70166,171.404449,1079.489379679937,4271.001267634361,-5.21826763150699,4086.340459097504
2026-09-17 23:15:00,39542.8633,34890.75,6717.79,1243.76929,175.652542,1242.617064062797,4141.984926874873,-1.1501651677225482,4003.533321720193
2026-09-17 23:30:00,39542.8633,34890.75,6717.79,1243.76929,175.652542,1242.617064062797,4141.984926874873,-1.1501651677225482,4003.533321720193
2026-09-17 23:45:00,39724.7539,35422.8672,6607.452,1228.49072,173.974854,1877.269995899609,4463.899695280692,-1.9313962915976504,3896.760356469942
2026-09-18 00:00:00,40085.5039,35306.9453,6271.49854,1238.0249,171.296219,1697.3634347851257,4737.27138527319,-5.169441054370765,3558.5822325772892
2026-09-18 00:15:00,40085.5039,35306.9453,6271.49854,1238.0249,171.296219,1697.3634347851257,4737.27138527319,-5.169441054370765,3558.5822325772892
2026-09-18 00:30:00,39999.375,35722.9023,6166.972,1231.25183,170.9306,2158.775061051325,4713.215931564584,-5.137656032006419,3455.6360911298034
2026-09-18 00:45:00,39114.2031,35466.875,6332.204,1220.13452,166.757339,1977.3569369694087,3929.9313212559355,-8.658618486166574,3623.462155657683
2026-09-18 01:00:00,39114.2031,35466.875,6332.204,1220.13452,166.757339,1977.3569369694087,3929.9313212559355,-8.658618486166574,3623.462155657683
2026-09-18 01:15:00,39213.5547,35459.2773,5968.655,1228.37976,169.293091,1914.4247575272748,3953.717415170853,-6.606648809597402,3257.989247391398
2026-09-18 01:30:00,39050.98,35622.0469,6017.659,1231.81421,167.536438,2054.1454829135546,3759.666863361337,-8.564815191949748,3306.1918678384504
2026-09-18 01:45:00,39050.98,35622.0469,6017.659,1231.81421,167.536438,2054.1454829135546,3759.666863361337,-8.564815191949748,3306.1918678384504
2026-09-18 02:00:00,40027.8555,35441.85,4732.908,1243.23035,172.069916,1797.3339344450433,4631.916373500739,-4.70116932949955,2018.777075624389
2026-09-18 02:15:00,40027.8555,35441.85,4732.908,1243.23035,172.069916,1797.3339344450433,4631.916373500739,-4.70116932949955,2018.777075624389
2026-09-18 02:30:00,39169.3945,34795.22,5690.94629,1249.28918,172.288742,1110.0426311866395,3717.927753294003,-4.8378399378059385,2975.401624711933
2026-09-18 02:45:00,39169.3945,34795.22,5690.94629,1249.28918,172.288742,1110.0426311866395,3717.927753294003,-4.8378399378059385,2975.401624711933
2026-09-18 03:00:00,39093.6523,35140.97,4908.714,1240.88745,170.404221,1512.177327807156,3719.1852500208624,-6.229396699016263,2195.1297576708885
2026-09-18 03:15:00,39075.3,35246.01,4944.075,1247.08826,167.768143,1575.6031851661173,3644.0041195941667,-9.229301860985231,2229.043887765747
2026-09-18 03:30:00,39576.7656,35463.25,5001.31152,1236.54,169.981613,1863.6334200313577,4242.141812246045,-6.396921831567994,2288.7416926536257
2026-09-18 03:45:00,39201.7266,35044.543,5050.224,1247.40039,175.2728,1372.0414552288057,3767.570128342202,-1.742958818688436,2335.1200567156925
2026-09-18 04:00:00,39822.2227,35416.81,4801.391,1246.69714,176.234482,1749.0280234484962,4394.511333900598,-0.7400142333721647,2086.4511499971813
2026-09-18 04:15:00,39291.793,34802.375,5296.09131,1258.34155,176.134262,1056.4464363557345,3757.363608141226,-1.5234599156786999,2578.434404258959
2026-09-18 04:30:00,39847.06,35340.5273,5221.332,1244.43469,179.980881,1687.9288102862192,4440.083406841368,3.139132062964393,2506.920060192283
2026-09-18 04:45:00,40114.3438,35429.9375,4956.99561,1258.075,178.596558,1685.7977751882354,4582.357270404427,0.9544756749590988,2239.400899871019
2026-09-18 05:00:00,40211.8125,35405.59,4853.81152,1253.96643,178.395477,1689.0232242111306,4717.479958806944,0.9944614650802066,2137.175485638567
2026-09-18 05:15:00,40211.8125,35405.59,4853.81152,1253.96643,178.395477,1689.0232242111306,4717.479958806944,0.9944614650802066,2137.175485638567
2026-09-18 05:30:00,40217.043,35484.91,5122.38428,1247.6543,180.93605,1810.7044444692583,4780.55950843131,3.9053932317379747,2407.2210904659905
2026-09-18 05:45:00,39380.56,35447.42,5669.742,1233.69287,179.022858,1866.9107421291992,4072.029427160349,2.811376057918494,2957.836509524619
2026-09-18 06:00:00,39707.668,35211.6172,5450.2583,1250.16211,182.60849,1520.5815266206773,4248.201074132827,5.430689649680545,2734.50994904082
2026-09-18 06:15:00,39850.3633,35022.9023,4840.903,1244.80615,179.713608,1367.8109118704597,4439.982371383536,2.8500639688419938,2126.4043853393264
2026-09-18 06:30:00,39850.3633,35022.9023,4840.903,1244.80615,179.713608,1367.8109118704597,4439.982371383536,2.8500639688419938,2126.4043853393264
2026-09-18 06:45:00,39244.957,35110.79,5176.63232,1234.76489,178.266342,1523.086328303587,3926.6016393029568,1.9919602119025797,2464.4766890630162
2026-09-18 07:00:00,38644.2578,34913.57,5452.78857,1232.17944,178.362778,1343.2174945369115,3349.5974242527736,2.2400952537878425,2741.2362166664657
2026-09-18 07:15:00,38644.2578,34913.57,5452.78857,1232.17944,178.362778,1343.2174945369115,3349.5974242527736,2.2400952537878425,2741.2362166664657
2026-09-18 07:30:00,38744.7227,34928.59,5095.554,1229.937,179.585159,1373.2866926294082,3470.6137106848764,3.59404948068655,2384.52488781562
2026-09-18 07:45:00,38744.7227,34928.59,5095.554,1229.937,179.585159,1373.2866926294082,3470.6137106848764,3.59404948068655,2384.52488781562
2026-09-18 08:00:00,38778.207,35806.91,4699.841,1222.44031,165.412537,2301.9175918499386,3572.8032483508505,-10.138710719506491,1990.5611326963972
2026-09-18 08:15:00,39545.32,34662.2148,5107.38428,1256.73328,177.974182,927.0794677537779,4025.629989465662,0.41082393513755733,2390.1026409519145
2026-09-18 08:30:00,39545.32,34662.2148,5107.38428,1256.73328,177.974182,927.0794677537779,4025.629989465662,0.41082393513755733,2390.1026409519145
2026-09-18 08:45:00,39655.47,35891.9063,4703.379,1232.7926,177.208176,2317.4388276693935,4355.19017039684,1.0495166212780873,1991.6835745918443
2026-09-18 09:00:00,39655.47,35891.9063,4703.379,1232.7926,177.208176,2317.4388276693935,4355.19017039684,1.0495166212780873,1991.6835745918443
2026-09-18 09:15:00,39084.457,34429.27,4867.34,1249.446,179.876862,743.040199351286,3631.553038287013,2.741078784370643,2151.7587430185054
2026-09-18 09:30:00,38796.9531,34440.3633,5066.496,1257.39319,179.979736,700.7992578158373,3271.2151838715727,2.377658286824669,2349.0603804366106
2026-09-18 09:45:00,38796.9531,34440.3633,5066.496,1257.39319,179.979736,700.7992578158373,3271.2151838715727,2.377658286824669,2349.0603804366106
2026-09-18 10:00:00,38423.58,35000.7148,4258.29834,1231.76111,178.518341,1433.1697413528964,3132.753511217932,2.4202034046095093,1546.843597960381
2026-09-18 10:15:00,38423.58,35000.7148,4258.29834,1231.76111,178.518341,1433.1697413528964,3132.753511217932,2.4202034046095093,1546.843597960381
2026-09-18 10:30:00,38081.0078,34358.3477,4951.715,1248.59424,184.292313,677.8341303172274,2635.909999837553,7.206506065449872,2236.332488974341
2026-09-18 10:45:00,37374.24,34069.3555,4901.85254,1250.28162,179.602753,377.5177852443012,1913.6777956894803,2.4179405038275377,2186.076303099731
2026-09-18 11:00:00,37374.24,34069.3555,4901.85254,1250.28162,179.602753,377.5177852443012,1913.6777956894803,2.4179405038275377,2186.076303099731
2026-09-18 11:15:00,36591.7773,34683.7656,4223.03369,1230.56921,174.738358,1124.2194796551194,1311.8742684736135,-1.2898458940916555,1511.8570606972548
2026-09-18 11:30:00,36591.7773,34683.7656,4223.03369,1230.56921,174.738358,1124.2194796551194,1311.8742684736135,-1.2898458940916555,1511.8570606972548
2026-09-18 11:45:00,37149.0938,34635.9023,4732.998,1239.76123,176.256287,1014.667782262004,1784.9482669522258,-0.31125071489282163,2019.6765449236127
2026-09-18 12:00:00,37240.33,34965.86,4465.335,1232.24927,172.819519,1395.0388597003912,1945.0296502447527,-3.3072609610470067,1753.7663528394537
2026-09-18 12:15:00,37240.33,34965.86,4465.335,1232.24927,172.819519,1395.0388597003912,1945.0296502447527,-3.3072609610470067,1753.7663528394537
2026-09-18 12:30:00,37162.54,34670.3,4495.041,1223.88745,175.683624,1155.5957170494585,1943.873582076012,0.04746659302176681,1785.4234633734336
2026-09-18 12:45:00,37162.54,34670.3,4495.041,1223.88745,175.683624,1155.5957170494585,1943.873582076012,0.04746659302176681,1785.4234633734336
2026-09-18 13:00:00,38705.1445,35342.5469,4033.47021,1231.45667,181.755585,1777.0449630717776,3417.108125595747,5.675310158215865,1322.086504659444
2026-09-18 13:15:00,38705.1445,35342.5469,4033.47021,1231.45667,181.755585,1777.0449630717776,3417.108125595747,5.675310158215865,1322.086504659444
2026-09-18 13:30:00,38395.1875,35513.8359,4170.538,1237.844,183.196289,1905.4680694682975,3048.612887293115,6.7412430966192005,1457.6639029926769
2026-09-18 13:45:00,38395.1875,35513.8359,4170.538,1237.844,183.196289,1905.4680694682975,3048.612887293115,6.7412430966192005,1457.6639029926769
2026-09-18 14:00:00,38700.65,35576.24,3692.215,1233.84973,186.891983,1994.6780418505878,3390.6818455636385,10.671297433129752,980.2729084977659
2026-09-18 14:15:00,38930.5742,35754.08,3885.03979,1232.45239,189.753433,2181.8957047814038,3633.4123076339893,13.614735148687174,1173.423747706377
2026-09-18 14:30:00,38930.5742,35754.08,3885.03979,1232.45239,189.753433,2181.8957047814038,3633.4123076339893,13.614735148687174,1173.423747706377
2026-09-18 14:45:00,39097.1055,35789.28,3329.74585,1242.05042,193.267639,2152.682541099086,3711.9801287819646,16.565785042405395,615.8902453337773
2026-09-18 15:00:00,38987.56,36059.26,3349.37524,1244.14563,195.263962,2408.6014155682424,3583.232567470892,18.439173408377087,635.0307481893637
2026-09-18 15:15:00,38146.71,35625.21,3801.92773,1230.21484,194.225586,2068.04208568429,2870.0546784725157,18.218174459066546,1090.8337878443022
2026-09-18 15:30:00,38146.71,35625.21,3801.92773,1230.21484,194.225586,2068.04208568429,2870.0546784725157,18.218174459066546,1090.8337878443022
2026-09-18 15:45:00,38042.69,35047.1836,3232.563,1233.19043,197.451416,1470.0462580286621,2738.764160664461,21.26941429022031,520.7747466783358
2026-09-18 16:00:00,38134.0938,35384.6172,3287.94019,1239.03845,197.189392,1768.2333179076813,2776.5723599426274,20.66426277627656,574.7873852499474
2026-09-18 16:15:00,38134.0938,35384.6172,3287.94019,1239.03845,197.189392,1768.2333179076813,2776.5723599426274,20.66426277627656,574.7873852499474
2026-09-18 16:30:00,37963.88,35375.0977,3193.14771,1232.84924,195.12175,1800.2501120007655,2663.081079349802,18.959767318281536,481.43906846178606
2026-09-18 16:45:00,37963.88,35375.0977,3193.14771,1232.84924,195.12175,1800.2501120007655,2663.081079349802,18.959767318281536,481.43906846178606
2026-09-18 17:00:00,35933.05,34469.6367,3486.07739,1229.10767,189.494461,919.8990940323711,666.5416070485444,13.552011700921582,775.2417900532841
2026-09-18 17:15:00,37701.49,35247.99,3047.437,1235.41052,190.166718,1655.9534526126154,2377.217606239792,13.854454430235023,335.1307205805024
2026-09-18 17:30:00,37701.49,35247.99,3047.437,1235.41052,190.166718,1655.9534526126154,2377.217606239792,13.854454430235023,335.1307205805024
2026-09-18 17:45:00,37000.14,34427.668,3130.223,1248.712,190.773819,746.3641333338674,1553.9629596945597,13.681102599332775,414.81301137060336
2026-09-18 18:00:00,32368.16,30887.3242,3203.10352,1268.52356,176.735809,-2926.936664829507,-3259.5848973641732,-1.519333543216021,483.0707885454085
2026-09-18 18:15:00,34805.15,32809.3164,2852.854,1245.01819,184.08606,-847.1980058974805,-607.1742207353382,7.210074705293522,138.30590885243373
2026-09-18 18:30:00,33866.8242,30853.7715,2711.976,1295.06116,184.12175,-3138.5853670857796,-2004.130982848088,4.309536736431738,-14.248899057641665
2026-09-18 18:45:00,34377.7266,32263.49,2776.521,1265.75269,178.453354,-1532.1753298236326,-1224.623985755774,0.36078985674868136,57.13481124129157
2026-09-18 19:00:00,34377.7266,32263.49,2776.521,1265.75269,178.453354,-1532.1753298236326,-1224.623985755774,0.36078985674868136,57.13481124129157
2026-09-18 19:15:00,36951.582,34314.2266,2772.65869,1246.80151,185.060822,645.7441878493701,1522.9141096672174,8.08020194717605,57.69448675752437
2026-09-18 19:30:00,35814.03,33145.043,2878.38,1259.39124,185.676254,-607.93011901508,269.9804689964076,7.956942431736053,160.47816418196544
2026-09-18 19:45:00,35814.03,33145.043,2878.38,1259.39124,185.676254,-607.93011901508,269.9804689964076,7.956942431736053,160.47816418196544
2026-09-18 20:00:00,35499.8867,32629.21,2642.51758,1264.17761,179.529755,-1155.8848392278815,-88.02868225357088,1.5296073130300272,-76.50108647529851
2026-09-18 20:15:00,34655.2031,31148.7637,2892.03784,1286.42114,179.366257,-2785.6092868021697,-1136.56851949697,0.06098943480904495,167.82896544848154
2026-09-18 20:30:00,34655.2031,31148.7637,2892.03784,1286.42114,179.366257,-2785.6092868021697,-1136.56851949697,0.06098943480904495,167.82896544848154
2026-09-18 20:45:00,34368.3555,31756.37,3069.73413,1268.958,180.479965,-2060.806427172003,-1263.3709283400603,2.1993320656502817,349.60002821450144
2026-09-18 21:00:00,34368.3555,31756.37,3069.73413,1268.958,180.479965,-2060.806427172003,-1263.3709283400603,2.1993320656502817,349.60002821450144
2026-09-18 21:15:00,35957.35,32316.4688,2667.73853,1277.03589,181.706055,-1554.919007088265,251.59178532630176,2.951458858682571,-54.28043133417623
2026-09-18 21:30:00,32576.707,30158.6367,3039.26367,1285.09619,170.772308,-3766.8444390770783,-3202.9217931768835,-8.455219270253536,315.3639534908689
2026-09-18 21:45:00,32576.707,30158.6367,3039.26367,1285.09619,170.772308,-3766.8444390770783,-3202.9217931768835,-8.455219270253536,315.3639534908689
2026-09-18 22:00:00,30481.12,28328.2246,3113.90454,1287.3949,167.850586,-5612.68336973797,-5319.575879701089,-11.511816090718895,389.46845254584014
2026-09-19 01:15:00,36701.2148,34878.4336,2963.45874,1250.77808,195.329926,1183.264101613524,1236.1026673488886,18.115984142851943,247.56666129307905
2026-09-19 01:30:00,36787.9141,35070.07,2792.127,1236.75171,198.800354,1469.0326169203836,1451.3500444923775,22.409397267348055,79.507773167491
2026-09-19 01:45:00,36787.9141,35070.07,2792.127,1236.75171,198.800354,1469.0326169203836,1451.3500444923775,22.409397267348055,79.507773167491
2026-09-19 02:00:00,38296.1836,36506.9961,2758.58813,1231.41443,192.868134,2941.777639163629,3008.53434434269,16.790337553670895,47.21428075643689
2026-09-19 02:15:00,38230.668,37115.8242,2842.732,1222.95557,193.43396,3607.373839882821,3020.5420228406874,17.852479845783193,133.3319041799091
2026-09-19 02:30:00,38647.0977,37077.98,2633.81348,1227.70251,197.706909,3537.6725376222385,3393.467237409641,21.846906248213372,-76.69424605348149
2026-09-19 02:45:00,38647.0977,37077.98,2633.81348,1227.70251,197.706909,3537.6725376222385,3393.467237409641,21.846906248213372,-76.69424605348149
2026-09-19 03:00:00,36413.2578,35225.5664,2518.15649,1241.36035,190.111282,1593.600057261705,1034.4567430268144,13.449917302624613,-195.5380967483311
2026-09-19 03:15:00,36073.17,35894.83,2689.65381,1220.57556,186.837875,2402.352081487559,884.8562029758396,11.396039873409848,-19.190944688378295
2026-09-19 03:30:00,36073.17,35894.83,2689.65381,1220.57556,186.837875,2402.352081487559,884.8562029758396,11.396039873409848,-19.190944688378295
2026-09-19 03:45:00,36783.02,35548.6641,2748.79,1233.03,188.582611,1972.6034168690312,1480.5644603939,12.410022381670473,37.03918071338603
2026-09-19 04:00:00,36982.1875,35962.98,2534.65625,1237.55969,188.971725,2356.5201971121496,1638.2185153930914,12.53336073989152,-178.15150735448196
2026-09-19 04:15:00,36982.1875,35962.98,2534.65625,1237.55969,188.971725,2356.5201971121496,1638.2185153930914,12.53336073989152,-178.15150735448196
2026-09-19 04:30:00,37486.5977,36318.3438,2404.76245,1231.04858,190.832733,2755.580588410943,2202.3013655919494,14.77640248589691,-306.5260334034879
2026-09-19 04:45:00,37486.5977,36318.3438,2404.76245,1231.04858,190.832733,2755.580588410943,2202.3013655919494,14.77640248589691,-306.5260334034879
2026-09-19 05:00:00,37286.6641,36909.09,2511.09766,1211.33118,186.66098,3478.6518711195386,2183.0726704439585,11.761550871910487,-195.5900514611726
2026-09-19 05:15:00,37692.46,35426.1563,2411.4917,1249.09143,193.064911,1742.306047596794,2242.805581234519,15.949931872355819,-304.0068231673213
2026-09-19 05:30:00,37692.46,35426.1563,2411.4917,1249.09143,193.064911,1742.306047596794,2242.805581234519,15.949931872355819,-304.0068231673213
2026-09-19 05:45:00,37036.1445,35527.7148,2500.96924,1239.44287,187.9732,1908.6168222384294,1674.916654553468,11.424341782670325,-212.2779303453599
2026-09-19 06:00:00,36863.19,35390.78,2524.25537,1250.11768,184.470139,1700.0424999815004,1404.1302636670735,7.2949455414908755,-191.48261385715887
2026-09-19 06:15:00,36863.19,35390.78,2524.25537,1250.11768,184.470139,1700.0424999815004,1404.1302636670735,7.2949455414908755,-191.48261385715887
2026-09-19 06:30:00,36017.9258,33726.6836,2584.68726,1270.71228,180.999039,-102.26594361200114,370.1218462010147,2.6154752044081704,-135.85617781372503
2026-09-19 06:45:00,36500.0039,33888.5156,2544.1123,1265.7771,182.06044,92.6864526715799,897.4296028660829,3.966443621117577,-175.27958448142635
2026-09-19 07:00:00,36500.0039,33888.5156,2544.1123,1265.7771,182.06044,92.6864526715799,897.4296028660829,3.966443621117577,-175.27958448142635
2026-09-19 07:15:00,36674.28,33747.082,2588.681,1279.54846,182.326889,-141.16786968582164,945.4947268508404,3.424869987743392,-133.92423343694372
2026-09-19 07:30:00,36611.2539,33487.9,2687.30542,1272.89026,183.1289,-355.66614537681744,943.4893191067022,4.617545112240322,-33.746218148197386
2026-09-19 07:45:00,36611.2539,33487.9,2687.30542,1272.89026,183.1289,-355.66614537681744,943.4893191067022,4.617545112240322,-33.746218148197386
2026-09-19 08:00:00,36390.66,33762.1133,2833.02,1271.85645,189.833725,-74.51486198372731,732.3700221316976,11.383028019564534,112.20958655899949
2026-09-19 08:15:00,36390.66,33762.1133,2833.02,1271.85645,189.833725,-74.51486198372731,732.3700221316976,11.383028019564534,112.20958655899949
2026-09-19 08:30:00,36839.918,34044.082,2901.70386,1246.74536,188.18399,375.9764150879564,1411.7647099901442,11.20666449984651,186.7527585531243
2026-09-19 08:45:00,35138.94,33169.67,3436.371,1262.50879,181.840363,-604.2252518316891,-433.6810757367348,3.9381318827099676,717.7417286900259
2026-09-19 09:00:00,35138.94,33169.67,3436.371,1262.50879,181.840363,-604.2252518316891,-433.6810757367348,3.9381318827099676,717.7417286900259
2026-09-19 09:15:00,36431.5469,33727.78,3320.8,1261.66455,188.167267,-40.44948820027639,866.6630669459846,10.31457093429529,602.3677199619269
2026-09-19 09:30:00,36826.7031,34799.07,3223.06982,1242.62988,186.267212,1158.5837376855343,1436.2671267672267,9.531358728239269,509.0790066698719
2026-09-19 09:45:00,36826.7031,34799.07,3223.06982,1242.62988,186.267212,1158.5837376855343,1436.2671267672267,9.531358728239269,509.0790066698719
2026-09-19 10:00:00,37177.8945,34146.2031,3210.97046,1257.197,190.7388,407.9557049385112,1653.954614812923,13.148233565336142,493.58061855377446
2026-09-19 10:15:00,37177.8945,34146.2031,3210.97046,1257.197,190.7388,407.9557049385112,1653.954614812923,13.148233565336142,493.58061855377446
2026-09-19 10:30:00,36500.832,34392.9648,3313.24414,1239.35645,190.777435,774.4467939206806,1140.396171648892,14.233647401401953,600.0171345197468
2026-09-19 10:45:00,36500.832,34392.9648,3313.24414,1239.35645,190.777435,774.4467939206806,1140.396171648892,14.233647401401953,600.0171345197468
2026-09-19 11:00:00,33401.5156,34444.543,3987.24878,1204.09033,182.203339,1062.6988071927844,-1635.715299755073,7.728760481063631,1282.2506168321374
2026-09-19 11:15:00,36377.5742,33900.0859,3294.02637,1260.09473,195.917969,142.39160210562113,827.0773638996761,18.157380764627447,575.960384899925
2026-09-19 11:30:00,36377.5742,33900.0859,3294.02637,1260.09473,195.917969,142.39160210562113,827.0773638996761,18.157380764627447,575.960384899925
2026-09-19 11:45:00,37764.3047,33907.9961,2923.00684,1294.66345,194.525055,-81.6917027748641,1896.9944271151253,14.736177026593282,196.87474085559097
2026-09-19 12:00:00,36447.5664,33800.4375,3214.719,1269.32227,186.62146,-19.183572910194925,812.5015307047288,8.319453838557337,494.49990104472135
2026-09-19 12:15:00,37394.2148,34225.9258,3028.38428,1270.032,188.50502,401.5416710605714,1752.6454376112888,10.161371044847442,307.999575748353
2026-09-19 12:30:00,37394.2148,34225.9258,3028.38428,1270.032,188.50502,401.5416710605714,1752.6454376112888,10.161371044847442,307.999575748353
2026-09-19 12:45:00,36988.457,33766.0078,3084.429,1273.741,185.501343,-83.26773103941377,1312.8956055940798,6.940071678778651,363.17885389830917
2026-09-19 13:00:00,35452.15,32942.9453,3290.49536,1258.98083,183.999329,-807.2735239663161,-88.13822880348744,6.304097883409895,572.6892874576934
2026-09-19 13:15:00,35452.15,32942.9453,3290.49536,1258.98083,183.999329,-807.2735239663161,-88.13822880348744,6.304097883409895,572.6892874576934
2026-09-19 13:30:00,35654.7734,31808.8789,3236.66675,1313.1571,189.3074,-2304.9212992284483,-382.02642341468163,8.433423113072735,506.2194233899513
2026-09-19 13:45:00,35615.85,31566.4941,3163.84937,1293.72375,188.960449,-2416.887299282451,-242.84816382945428,9.22670711108907,437.93653634668954
2026-09-19 14:00:00,35870.9453,32271.4629,3328.97974,1290.96936,189.41037,-1693.4335629033303,37.490412813276635,9.83823956131181,603.7096036713979
2026-09-19 14:15:00,35870.9453,32271.4629,3328.97974,1290.96936,189.41037,-1693.4335629033303,37.490412813276635,9.83823956131181,603.7096036713979
2026-09-19 14:30:00,38403.5547,34299.72,3010.548,1270.51453,203.624084,472.09757279815676,2757.5630741415443,25.252123014569946,290.05070430702017
2026-09-19 14:45:00,37591.1836,34929.33,3501.9502,1230.60974,198.710358,1369.511879513011,2310.9091214372966,22.679776043223853,790.7641136041889
2026-09-19 15:00:00,37591.1836,34929.33,3501.9502,1230.60974,198.710358,1369.511879513011,2310.9091214372966,22.679776043223853,790.7641136041889
2026-09-19 15:15:00,38157.6367,35285.3438,3486.824,1248.96362,205.572037,1602.3512909514466,2709.1536270452925,28.464557013527923,771.3552994594929
2026-09-19 15:30:00,39319.875,35272.6953,3168.88379,1267.491,212.173279,1465.3640297114398,3701.5932497319955,33.978721021439696,449.0919915830682
2026-09-19 15:45:00,38906.9922,34948.03,3552.07617,1266.81677,215.404648,1145.223542339605,3294.8895944467367,37.249649883363304,832.4416934645874
2026-09-19 16:00:00,38906.9922,34948.03,3552.07617,1266.81677,215.404648,1145.223542339605,3294.8895944467367,37.249649883363304,832.4416934645874
2026-09-19 16:15:00,39319.72,35089.58,3397.1543,1281.70276,223.794312,1186.8724469644876,3571.1911208722304,44.76589129908825,674.0463916162921
2026-09-19 16:30:00,39551.668,35290.082,3327.385,1272.41089,231.151443,1449.732945867363,3888.2967219883576,52.668214732251755,606.4452159525454
2026-09-19 16:45:00,39718.49,35515.7,3289.028,1270.45288,231.996613,1688.4913109861955,4073.0633805513207,53.62826927498193,568.5450894485825
2026-09-19 17:00:00,39303.625,35208.1641,3531.169,1260.23181,230.35672,1449.5498470234306,3751.871860920728,52.588088714225535,813.0710292518247
2026-09-19 17:15:00,39192.5469,34786.7734,3458.257,1279.87915,235.561615,896.3042427001419,3460.7309379676444,56.64019303809786,735.5746048037167
2026-09-19 17:30:00,39192.5469,34786.7734,3458.257,1279.87915,235.561615,896.3042427001419,3460.7309379676444,56.64019303809786,735.5746048037167
2026-09-19 17:45:00,38228.6953,35457.8477,3715.139,1230.55908,224.349686,1898.3695629129506,2948.885107320828,48.32207647489412,1003.9647343871825
2026-09-19 18:00:00,37788.06,35717.1172,3484.9624,1231.65967,227.307556,2150.252913482582,2498.1631827541423,51.215370308846246,773.531327526643
2026-09-19 18:15:00,37788.06,35717.1172,3484.9624,1231.65967,227.307556,2150.252913482582,2498.1631827541423,51.215370308846246,773.531327526643
2026-09-19 18:30:00,37209.0273,34845.9844,3528.75635,1249.25122,226.598877,1161.0617838487378,1757.908446940637,49.474522332351995,813.2205421324311
2026-09-19 18:45:00,37454.06,34525.6,3171.24048,1265.46423,231.351059,731.8705488093547,1854.3530760279027,53.2754199976805,451.92159923699455
2026-09-19 19:00:00,37454.06,34525.6,3171.24048,1265.46423,231.351059,731.8705488093547,1854.3530760279027,53.2754199976805,451.92159923699455
2026-09-19 19:15:00,38000.54,34499.34,3201.90649,1272.54041,237.518265,658.1217265629675,2335.9817044669617,59.027437258309135,480.9364843218041
2026-09-19 19:30:00,38000.54,34499.34,3201.90649,1272.54041,237.518265,658.1217265629675,2335.9817044669617,59.027437258309135,480.9364843218041
2026-09-19 19:45:00,37783.0469,34133.6641,3316.17114,1260.29626,245.743317,374.61731780656555,2230.703093230375,67.97090416623601,598.0581307704992
2026-09-19 20:00:00,38164.6328,34193.9922,3199.02148,1273.53064,245.193283,346.1284121112403,2490.9993009446116,66.64435436978061,477.82041838134364
2026-09-19 20:15:00,38164.6328,34193.9922,3199.02148,1273.53064,245.193283,346.1284121112403,2490.9993009446116,66.64435436978061,477.82041838134364
2026-09-19 20:30:00,38566.04,34328.11,3012.56421,1281.7804,247.962753,424.88139857973147,2816.7995702208937,68.92977683926037,289.4381854380126
2026-09-19 20:45:00,37969.5977,33966.4023,3265.60352,1282.86755,251.5853,55.87774608768814,2210.3938198009637,72.48853625358456,542.2238246083352
2026-09-19 21:00:00,37969.5977,33966.4023,3265.60352,1282.86755,251.5853,55.87774608768814,2210.3938198009637,72.48853625358456,542.2238246083352
2026-09-19 21:15:00,38157.5039,34207.1055,3037.85034,1275.01917,240.285553,349.252065638364,2470.22840595444,61.64928615986838,316.30195129667254
2026-09-19 21:30:00,38389.25,33924.38,2743.46851,1271.0188,234.017715,93.37337561914319,2738.6368691576354,55.61616640860137,22.853550149101466
2026-09-19 21:45:00,38389.25,33924.38,2743.46851,1271.0188,234.017715,93.37337561914319,2738.6368691576354,55.61616640860137,22.853550149101466
2026-09-19 22:00:00,38262.0,33896.7344,2681.99316,1273.0957,233.7142,51.789529994595796,2592.352614292031,55.19079109798173,-39.10641461993464
2026-09-19 22:15:00,35776.48,32582.4883,3635.732,1274.1698,227.217087,-1269.6649428810015,96.98876376906264,48.63065620976536,914.3817995803533
2026-09-19 22:30:00,38045.18,33420.3242,2615.996,1288.95886,229.344727,-531.0796331049933,2230.1508287395627,49.89056090937902,-108.80501504536915
2026-09-19 22:45:00,38045.18,33420.3242,2615.996,1288.95886,229.344727,-531.0796331049933,2230.1508287395627,49.89056090937902,-108.80501504536915
2026-09-19 23:00:00,37694.96,33257.8,2795.46655,1286.65149,233.086945,-678.1188844763965,1901.0772819386839,53.76816184785193,71.20392658621222
2026-09-19 23:15:00,37694.96,33257.8,2795.46655,1286.65149,233.086945,-678.1188844763965,1901.0772819386839,53.76816184785193,71.20392658621222
2026-09-19 23:30:00,35626.6953,32122.4141,3200.68872,1283.148,220.24614,-1789.9925767807217,-135.07883239079092,41.132921092472685,477.24358563102487
2026-09-19 23:45:00,36128.7656,32162.3086,2899.797,1292.13757,223.470764,-1810.4278156796026,284.604368320739,43.830089850267,174.25427865558777
2026-09-20 00:00:00,35835.9453,31884.4355,3039.452,1293.804,220.441544,-2099.4844635904956,-23.488334460183978,40.70309351176928,313.5204411624177
2026-09-20 00:15:00,35835.9453,31884.4355,3039.452,1293.804,220.441544,-2099.4844635904956,-23.488334460183978,40.70309351176928,313.5204411624177
2026-09-20 00:30:00,34185.332,30776.0938,3023.14673,1302.60657,214.609573,-3266.9009302077066,-1754.7749267960462,34.35463933277606,295.1612179497083
2026-09-20 00:45:00,34185.332,30776.0938,3023.14673,1302.60657,214.609573,-3266.9009302077066,-1754.7749267960462,34.35463933277606,295.1612179497083
2026-09-20 01:00:00,33698.43,30013.4277,2702.04321,1313.553,214.1095,-4103.029416481448,-2341.998145192956,33.21229402309521,-28.496494185792017
2026-09-20 01:15:00,35085.42,31386.8457,2637.01855,1290.93115,214.8697,-2577.794332470792,-747.6847023543232,35.2998115000035,-88.24267057419729
2026-09-20 01:30:00,36047.5,32052.2031,2504.3396,1283.30713,214.44574,-1861.2715112148508,284.2674820457396,35.32318427739784,-219.14266506770764
2026-09-20 01:45:00,36047.5,32052.2031,2504.3396,1283.30713,214.44574,-1861.2715112148508,284.2674820457396,35.32318427739784,-219.14266506770764
2026-09-20 02:00:00,36121.3633,31407.39,2625.38281,1310.35229,223.142334,-2687.5868901089925,110.26883957323298,42.43292691317339,-104.41005450289822
2026-09-20 02:15:00,36121.3633,31407.39,2625.38281,1310.35229,223.142334,-2687.5868901089925,110.26883957323298,42.43292691317339,-104.41005450289822
2026-09-20 02:30:00,36722.6758,32556.8789,2251.06738,1302.84082,222.968216,-1487.6879011006495,780.4220321416651,42.69953791669312,-476.9727909215162
2026-09-20 02:45:00,35730.16,31462.55,2680.469,1304.37427,215.107712,-2592.3079093643937,-226.14744310686365,34.74906006464454,-47.92897944266724
2026-09-20 03:00:00,35730.16,31462.55,2680.469,1304.37427,215.107712,-2592.3079093643937,-226.14744310686365,34.74906006464454,-47.92897944266724
2026-09-20 03:15:00,37497.42,32649.7012,2452.225,1297.5625,224.946136,-1359.4423642356232,1603.540678741032,44.98715877602663,-274.5835508012892
2026-09-20 03:30:00,37268.9258,31699.6953,2559.3855,1316.22632,226.060272,-2434.7026854655196,1203.9973638843585,45.00621128498281,-171.77798499101118
2026-09-20 03:45:00,37268.9258,31699.6953,2559.3855,1316.22632,226.060272,-2434.7026854655196,1203.9973638843585,45.00621128498281,-171.77798499101118
2026-09-20 04:00:00,38705.9766,33241.07,2053.72119,1296.87317,229.468811,-763.4474142734762,2818.4148110760143,49.55027961738608,-672.9265155517633
2026-09-20 04:15:00,37763.2969,33543.1875,2457.44849,1285.51013,222.855118,-385.0716242443086,1979.8744530800104,43.60330315837669,-266.54781345963147
2026-09-20 04:30:00,37763.2969,33543.1875,2457.44849,1285.51013,222.855118,-385.0716242443086,1979.8744530800104,43.60330315837669,-266.54781345963147
2026-09-20 04:45:00,38835.4648,33629.14,2341.96875,1283.48218,225.933212,-285.50938606995624,3070.627993772723,46.80038537009659,-381.55436046966224
2026-09-20 05:00:00,38555.332,34823.457,2331.76782,1262.56067,215.961746,1049.2135772486727,2982.2354573932025,38.05647086859523,-386.8735567624358
2026-09-20 05:15:00,38555.332,34823.457,2331.76782,1262.56067,215.961746,1049.2135772486727,2982.2354573932025,38.05647086859523,-386.8735567624358
2026-09-20 05:30:00,38544.793,32742.8477,2391.68115,1303.28491,226.386475,-1304.6994253817393,2598.4692613952284,46.09174032015832,-336.4626429412483
2026-09-20 05:45:00,38490.34,33069.7734,2594.22754,1296.32471,221.608292,-931.0632543932516,2607.804706055831,41.721941033372616,-132.29219029237447
2026-09-20 06:00:00,38490.34,33069.7734,2594.22754,1296.32471,221.608292,-931.0632543932516,2607.804706055831,41.721941033372616,-132.29219029237447
2026-09-20 06:15:00,38480.07,33249.3164,2549.33765,1290.44775,222.353012,-712.0794955672827,2651.395534441879,42.811486576778265,-175.810776130867
2026-09-20 06:30:00,38166.5977,33393.77,3094.4353,1286.05334,228.011032,-538.1346509455107,2378.1968730012595,48.72734478159799,370.3122462930346
2026-09-20 06:45:00,38166.5977,33393.77,3094.4353,1286.05334,228.011032,-538.1346509455107,2378.1968730012595,48.72734478159799,370.3122462930346
2026-09-20 07:00:00,38300.418,33645.37,3119.45,1281.965,225.724121,-259.0974671057993,2549.48575865163,46.68031359397153,396.2809016807955
2026-09-20 07:15:00,37951.5352,33046.1445,3575.552,1281.19739,221.522842,-853.1714736666108,2207.6379070735056,42.52407344660514,852.5620124434035
2026-09-20 07:30:00,37951.5352,33046.1445,3575.552,1281.19739,221.522842,-853.1714736666108,2207.6379070735056,42.52407344660514,852.5620124434035
2026-09-20 07:45:00,37304.0352,32380.6641,4120.253,1303.28931,223.272171,-1666.9125541413086,1357.671136525758,42.97717815396507,1392.1081803819816
2026-09-20 08:00:00,37304.0352,32380.6641,4120.253,1303.28931,223.272171,-1666.9125541413086,1357.671136525758,42.97717815396507,1392.1081803819816
2026-09-20 08:15:00,38020.4023,33506.19,4165.529,1274.95032,220.518784,-351.201376385201,2333.757798514256,41.886556874051166,1443.9966764547685
2026-09-20 08:30:00,34893.55,31731.5684,4682.949,1280.09338,208.96608,-2160.338472336767,-840.2293249385402,30.032088278194152,1960.2166173117953
2026-09-20 08:45:00,35355.7148,32769.5156,4845.39453,1250.06714,202.468216,-920.8827219483646,-102.88175021857023,25.29598793226498,2129.668338925559
2026-09-20 09:00:00,35355.7148,32769.5156,4845.39453,1250.06714,202.468216,-920.8827219483646,-102.88175021857023,25.29598793226498,2129.668338925559
2026-09-20 09:15:00,37531.24,33080.4531,4598.243,1262.576,213.450653,-693.8932036340993,1958.0029618820554,35.544478394108324,1879.5980462023635
2026-09-20 09:30:00,37609.81,32743.1758,4646.22363,1277.43433,209.772415,-1130.8859704888346,1900.400185100647,30.994440736402595,1924.1116984175815
2026-09-20 09:45:00,37609.81,32743.1758,4646.22363,1277.43433,209.772415,-1130.8859704888346,1900.400185100647,30.994440736402595,1924.1116984175815
2026-09-20 10:00:00,37027.9844,33205.39,4858.325,1257.27417,202.741959,-533.3752892378252,1503.337271590819,25.146864682351634,2140.917152043241
2026-09-20 10:15:00,37157.957,32352.7441,4776.831,1271.35852,204.872528,-1480.5424130628198,1504.2304226445922,26.451046631518352,2056.136771369027
2026-09-20 10:30:00,37157.957,32352.7441,4776.831,1271.35852,204.872528,-1480.5424130628198,1504.2304226445922,26.451046631518352,2056.136771369027
2026-09-20 10:45:00,36875.7539,33478.8359,4588.485,1256.4502,201.338776,-254.39965923289128,1358.6582449316775,23.792027409224033,1871.2694136019304
2026-09-20 11:00:00,36802.6758,32387.4512,4982.63037,1275.568,201.716431,-1474.0854773420979,1110.3704200196808,23.047962034451984,2260.9539197031004
2026-09-20 11:15:00,36802.6758,32387.4512,4982.63037,1275.568,201.716431,-1474.0854773420979,1110.3704200196808,23.047962034451984,2260.9539197031004
2026-09-20 11:30:00,36872.07,32918.6523,4917.55859,1275.29932,195.807968,-941.0812439055298,1182.227003185595,17.15526360099696,2195.9448323200504
2026-09-20 11:45:00,37101.5469,32815.5742,4742.542,1272.35046,192.174622,-1024.369303464293,1438.729447411606,13.694939410219263,2021.61631642464
2026-09-20 12:00:00,37101.5469,32815.5742,4742.542,1272.35046,192.174622,-1024.369303464293,1438.729447411606,13.694939410219263,2021.61631642464
2026-09-20 12:15:00,36864.18,33234.4648,4659.611,1262.83777,194.212662,-541.6382634959737,1288.5439070907014,16.291128265835,1940.9049659346128
2026-09-20 12:30:00,36119.7422,32927.9023,4745.179,1265.73523,190.60228,-867.645854336799,517.551630658083,12.510740307142726,2025.7968852813838
2026-09-20 12:45:00,36119.7422,32927.9023,4745.179,1265.73523,190.60228,-867.645854336799,517.551630658083,12.510740307142726,2025.7968852813838
2026-09-20 13:00:00,35210.87,32359.875,4620.94727,1267.53918,190.522842,-1447.7796102058346,-407.8533075887317,12.325457101623783,1901.1442294724357
2026-09-20 13:15:00,35659.4375,33247.2,4215.218,1253.66858,187.370728,-467.367880098529,167.83467752797878,9.98718855613808,1498.6514646558312
2026-09-20 13:30:00,35659.4375,33247.2,4215.218,1253.66858,187.370728,-467.367880098529,167.83467752797878,9.98718855613808,1498.6514646558312
2026-09-20 13:45:00,35019.67,32640.1133,4166.635,1262.5481,190.284485,-1134.0457644540984,-553.3113417865097,12.37994740246998,1447.996556266428
2026-09-20 14:00:00,35019.67,32640.1133,4166.635,1262.5481,190.284485,-1134.0457644540984,-553.3113417865097,12.37994740246998,1447.996556266428
2026-09-20 14:15:00,35376.64,33174.7344,3877.38452,1255.7926,185.078613,-554.087951893729,-134.4289200307103,7.570448520285453,1160.3223751119303
2026-09-20 14:30:00,35253.55,32767.17,3824.3252,1266.4342,185.606,-1033.0689991267282,-355.0464498000074,7.473448847123564,1104.7799906763894
2026-09-20 14:45:00,35253.55,32767.17,3824.3252,1266.4342,185.606,-1033.0689991267282,-355.0464498000074,7.473448847123564,1104.7799906763894
2026-09-20 15:00:00,33145.65,32499.2324,3668.41284,1252.47534,179.1628,-1207.327548946785,-2335.01708446064,1.849272880777562,952.1247300624495
2026-09-20 15:15:00,34302.5352,33118.8867,3221.2085,1264.21472,182.230377,-666.4571874705143,-1285.7202858686142,4.2280519158866525,502.18117443948813
2026-09-20 15:30:00,36268.64,34264.6,3357.2085,1254.81,181.035034,542.3719570044777,766.5763565020752,3.584522725165243,640.3756307015378
2026-09-20 15:45:00,36268.64,34264.6,3357.2085,1254.81,181.035034,542.3719570044777,766.5763565020752,3.584522725165243,640.3756307015378
2026-09-20 16:00:00,36481.38,34286.95,3097.88037,1254.26355,182.687286,568.3892276104452,984.3244303483443,5.268837206140773,381.17500695631134
2026-09-20 16:15:00,37389.2461,34581.9258,3361.28467,1256.23413,189.571777,850.1403041943777,1874.130670965089,12.03770612953582,644.11950043141
2026-09-20 16:30:00,37389.2461,34581.9258,3361.28467,1256.23413,189.571777,850.1403041943777,1874.130670965089,12.03770612953582,644.11950043141
2026-09-20 16:45:00,37502.2031,34349.418,3374.47144,1264.19641,190.65126,564.1969924357763,1914.1154205768544,12.650009239295315,655.448386814865
2026-09-20 17:00:00,36941.48,34677.6953,3308.09717,1240.542,186.096054,1051.2209709873714,1570.178910511655,9.482705280859278,594.5935334641204
2026-09-20 17:15:00,36941.48,34677.6953,3308.09717,1240.542,186.096054,1051.2209709873714,1570.178910511655,9.482705280859278,594.5935334641204
2026-09-20 17:30:00,38411.71,35157.6563,3196.34546,1261.78162,193.298859,1388.6411454627523,2845.7532504757037,15.43929395333123,477.88586335977425
2026-09-20 17:45:00,37319.7,34508.418,3481.96338,1257.36743,188.392853,769.0268352809508,1794.1981676528521,10.792286732537775,764.5337711624284
2026-09-20 18:00:00,37319.7,34508.418,3481.96338,1257.36743,188.392853,769.0268352809508,1794.1981676528521,10.792286732537775,764.5337711624284
2026-09-20 19:00:00,39228.5078,34436.33,3074.5874,1278.32117,190.135818,556.3165737984818,3510.9703243634867,11.305809166673725,352.2685370478607
2026-09-20 19:15:00,39068.76,34280.72,3150.251,1280.57861,180.0548,385.5567094801736,3330.533666785457,1.092337827752658,427.4053958642635
2026-09-20 19:30:00,39068.76,34280.72,3150.251,1280.57861,180.0548,385.5567094801736,3330.533666785457,1.092337827752658,427.4053958642635
2026-09-20 19:45:00,38691.26,34248.0625,3245.99561,1272.05469,181.961029,410.1039331760694,3031.1532034670745,3.4987004590767015,525.138940103795
2026-09-20 20:00:00,38691.26,34248.0625,3245.99561,1272.05469,181.961029,410.1039331760694,3031.1532034670745,3.4987004590767015,525.138940103795
2026-09-20 20:15:00,38572.6445,34557.92,3061.097,1259.745,174.39772,802.5727687156104,3025.352849490773,-3.342348130199923,343.11261936965184
2026-09-20 20:30:00,37630.3633,33846.4258,3467.07861,1268.6936,171.639755,31.02378283480357,2001.0600297255514,-6.6253644931017845,747.0062021549579
2026-09-20 20:45:00,37630.3633,33846.4258,3467.07861,1268.6936,171.639755,31.02378283480357,2001.0600297255514,-6.6253644931017845,747.0062021549579
2026-09-20 21:00:00,37535.3828,33153.23,3475.4856,1272.71228,171.604675,-689.1417070522657,1869.2493600768867,-6.896237065243383,754.4754909271519
2026-09-20 21:15:00,37536.5273,33481.12,3458.78662,1269.038,170.613525,-336.5933137096072,1904.0676922149796,-7.6718018651357625,738.6338513641367
2026-09-20 21:30:00,37536.5273,33481.12,3458.78662,1269.038,170.613525,-336.5933137096072,1904.0676922149796,-7.6718018651357625,738.6338513641367
2026-09-20 21:45:00,38097.582,33957.1172,3327.856,1264.102,167.165787,172.5297856609759,2510.359563969345,-10.829924335635809,608.8549760316523
2026-09-20 22:00:00,38194.8,33843.32,3406.22681,1283.987,170.862823,-74.71727434392233,2425.336648180135,-8.299623506646185,682.5859070378224
2026-09-20 22:15:00,38194.8,33843.32,3406.22681,1283.987,170.862823,-74.71727434392233,2425.336648180135,-8.299623506646185,682.5859070378224
2026-09-20 22:30:00,37869.02,34009.7148,3676.45117,1267.76685,166.618927,200.53227781894384,2248.210155358327,-11.591816238652001,956.5950059496536
2026-09-20 22:45:00,37869.02,34009.7148,3676.45117,1267.76685,166.618927,200.53227781894384,2248.210155358327,-11.591816238652001,956.5950059496536
2026-09-20 23:00:00,37958.1055,33520.1875,3465.47925,1284.27759,161.904739,-399.7999475809702,2185.9789654937267,-17.274757623485158,741.7705420372281
2026-09-20 23:15:00,37936.4336,34286.48,3494.62378,1274.87512,160.079712,429.5932969601563,2250.47828719252,-18.548102831009942,773.1090032941111
2026-09-20 23:30:00,37936.4336,34286.48,3494.62378,1274.87512,160.079712,429.5932969601563,2250.47828719252,-18.548102831009942,773.1090032941111
2026-09-20 23:45:00,38139.12,34114.418,3557.14746,1269.88208,158.868851,291.03999643205316,2498.9246158911483,-19.466001528859493,836.7977374259367
2026-09-21 00:00:00,38302.8047,34773.8672,3391.2644,1260.21716,155.4972,1015.3512643706272,2751.185824406588,-22.270571709699254,673.169847618798
