Unnamed: 0,n2cu,n1fe,n4mo,n6sc,n3zn,n1fe_ortho,n2cu_ortho,n3zn_ortho,n4mo_ortho,cluster_kmeans,cluster_gmm
2026-09-01 00:00:00,33447.45,34289.9063,3381.649,1216.07373,275.938751,0.2358183990218698,-0.610605006105165,1.7912284438828734,0.7713502341978878,2,2
2026-09-01 00:15:00,33447.45,34289.9063,3381.649,1216.07373,275.938751,0.2358183990218698,-0.610605006105165,1.7912284438828734,0.7713502341978878,2,2
2026-09-01 00:30:00,34124.41,34056.09,3376.143,1231.34,284.5338,0.1086615353618871,-0.4320073824432064,1.8845338054352196,0.7641422812310233,2,2
2026-09-01 00:45:00,34687.875,34816.5273,3297.32861,1205.016,284.550476,0.4646330703537992,-0.1630222359766483,1.9033298581386595,0.7062185820108536,2,2
2026-09-01 01:00:00,34687.875,34816.5273,3297.32861,1205.016,284.550476,0.4646330703537992,-0.1630222359766483,1.9033298581386595,0.7062185820108536,2,2
2026-09-01 01:15:00,34192.0664,34104.41,3519.80786,1221.066,285.549347,0.1529047405545575,-0.378083402214352,1.9040171566888568,0.8797611568866452,2,2
2026-09-01 01:30:00,34329.6641,34210.8242,3611.88867,1217.28467,281.9091,0.2027611696732708,-0.3206081885212054,1.8628120241228296,0.9528672893954244,2,2
2026-09-01 01:45:00,34329.6641,34210.8242,3611.88867,1217.28467,281.9091,0.2027611696732708,-0.3206081885212054,1.8628120241228296,0.9528672893954244,2,2
2026-09-01 02:00:00,33523.46,34136.6563,3930.28418,1207.77954,264.285065,0.1988305459306763,-0.5600990632714921,1.653951333470872,1.2026844568900712,2,1
2026-09-01 02:15:00,33523.46,34136.6563,3930.28418,1207.77954,264.285065,0.1988305459306763,-0.5600990632714921,1.653951333470872,1.2026844568900712,2,1
2026-09-01 02:30:00,33166.13,33445.28,4390.53369,1204.25793,262.209167,-0.0514931987301497,-0.6680486220185244,1.630727902753092,1.5571110691690346,0,1
2026-09-01 02:45:00,32887.88,33657.9023,4344.00635,1207.42871,254.40451,0.0194552259259702,-0.7699737634072799,1.530589347909058,1.5209923725104506,0,1
2026-09-01 03:00:00,32887.88,33657.9023,4344.00635,1207.42871,254.40451,0.0194552259259702,-0.7699737634072799,1.530589347909058,1.5209923725104506,0,1
2026-09-01 03:15:00,34087.4336,33862.3,4407.08936,1213.77319,255.873184,0.0800998022665737,-0.3906842708995,1.544415713630004,1.5680565844818313,0,2
2026-09-01 03:30:00,33978.24,33508.8867,4271.4165,1233.92993,250.484467,-0.0983577266194231,-0.4885666710308127,1.4611100910115669,1.460697286649926,0,2
2026-09-01 03:45:00,33978.24,33508.8867,4271.4165,1233.92993,250.484467,-0.0983577266194231,-0.4885666710308127,1.4611100910115669,1.460697286649926,0,2
2026-09-01 04:00:00,34304.97,33085.6328,4283.74854,1241.03564,252.847885,-0.250064467892498,-0.4014557006479319,1.485897090156323,1.4688750260731844,0,2
2026-09-01 04:15:00,33691.8945,32395.8887,4424.67871,1233.90649,244.691116,-0.453779727635666,-0.5836954422956995,1.3867644064109632,1.5778962306649111,0,2
2026-09-01 04:30:00,33691.8945,32395.8887,4424.67871,1233.90649,244.691116,-0.453779727635666,-0.5836954422956995,1.3867644064109632,1.5778962306649111,0,2
2026-09-01 04:45:00,32798.29,32745.2988,4399.039,1227.923,230.5659,-0.3303973977884551,-0.8618899815814087,1.2059549483303402,1.5593893189003254,0,1
2026-09-01 05:00:00,33826.8867,32235.7988,4416.316,1226.3667,232.276733,-0.488351257478988,-0.5158560745087348,1.2299674175382012,1.5728564882395273,0,2
2026-09-01 05:15:00,33826.8867,32235.7988,4416.316,1226.3667,232.276733,-0.488351257478988,-0.5158560745087348,1.2299674175382012,1.5728564882395273,0,2
2026-09-01 05:30:00,33849.92,32695.041,4363.983,1221.40381,233.264191,-0.3324639587680385,-0.4930652919612485,1.2469351251470924,1.533770632625438,0,2
2026-09-01 05:45:00,33727.4727,32701.4238,4423.59033,1227.05493,225.7139,-0.3424784177346698,-0.551005991203074,1.1413929510031753,1.578285683379891,0,2
2026-09-01 06:00:00,33727.4727,32701.4238,4423.59033,1227.05493,225.7139,-0.3424784177346698,-0.551005991203074,1.1413929510031753,1.578285683379891,0,2
2026-09-01 06:15:00,33478.1641,34196.6875,4174.938,1204.98853,218.4213,0.2286785028288928,-0.5666515514308137,1.059411360467018,1.3918578118932592,0,1
2026-09-01 06:30:00,33478.1641,34196.6875,4174.938,1204.98853,218.4213,0.2286785028288928,-0.5666515514308137,1.059411360467018,1.3918578118932592,0,1
2026-09-01 06:45:00,34050.207,33276.39,4262.96338,1229.10144,218.684509,-0.1632561657964557,-0.4498854150599142,1.0434857942039577,1.455082827419572,0,2
2026-09-01 07:00:00,33983.707,35502.9023,3751.0603,1187.37964,208.086655,0.7730880165576757,-0.3446039828174616,0.9288289236168032,1.0671529775430175,1,1
2026-09-01 07:15:00,33983.707,35502.9023,3751.0603,1187.37964,208.086655,0.7730880165576757,-0.3446039828174616,0.9288289236168032,1.0671529775430175,1,1
2026-09-01 07:30:00,35054.3047,33634.0,4470.89746,1221.00854,210.718018,-0.0233516341071157,-0.0889171956436528,0.9382269523279192,1.6154411006369678,0,2
2026-09-01 07:45:00,35054.3047,33634.0,4470.89746,1221.00854,210.718018,-0.0233516341071157,-0.0889171956436528,0.9382269523279192,1.6154411006369678,0,2
2026-09-01 08:00:00,35070.2539,33582.9258,4477.03467,1229.07129,213.545746,-0.0620424539993401,-0.1085010049595029,0.971638231507022,1.6186847739634782,0,2
2026-09-01 08:15:00,35070.2539,33582.9258,4477.03467,1229.07129,213.545746,-0.0620424539993401,-0.1085010049595029,0.971638231507022,1.6186847739634782,0,2
2026-09-01 08:30:00,34938.0156,33121.4922,4593.14746,1243.52014,211.511292,-0.2439386822924878,-0.1975121352565365,0.9306963169754138,1.7044911160911111,0,2
2026-09-01 09:15:00,30824.9219,35135.5859,4296.089,1149.9176,181.636627,0.7285551195996591,-1.277980498560915,0.5562117945398438,1.494602673831642,0,1
2026-09-01 09:30:00,31696.3984,33697.1953,4367.47266,1192.67163,188.027344,0.0712733587188201,-1.1195434423115675,0.6207370825020926,1.5415605467703295,0,1
2026-09-01 09:45:00,31696.3984,33697.1953,4367.47266,1192.67163,188.027344,0.0712733587188201,-1.1195434423115675,0.6207370825020926,1.5415605467703295,0,1
2026-09-01 10:00:00,31785.8535,33387.0625,4355.564,1195.939,185.122223,-0.0523686477909562,-1.099874050445001,0.5695052372478562,1.531877343331097,0,1
2026-09-01 10:15:00,32008.4727,33596.9141,3927.198,1201.62341,187.739456,0.0112336468591698,-1.0434972239827704,0.6074530666250283,1.2014069864123182,0,1
2026-09-01 10:30:00,32008.4727,33596.9141,3927.198,1201.62341,187.739456,0.0112336468591698,-1.0434972239827704,0.6074530666250283,1.2014069864123182,0,1
2026-09-01 10:45:00,30029.6387,34021.1172,3826.19971,1173.51514,186.024628,0.2422015504393987,-1.611629582311831,0.6063764740056925,1.1281497874588784,0,1
2026-09-01 11:00:00,30476.0742,34197.543,3874.64551,1189.76831,187.395935,0.2677693416974623,-1.5135708182533616,0.6132184026252768,1.1628194069049718,0,1
2026-09-01 11:15:00,30476.0742,34197.543,3874.64551,1189.76831,187.395935,0.2677693416974623,-1.5135708182533616,0.6132184026252768,1.1628194069049718,0,1
2026-09-01 11:30:00,30223.6563,33661.0352,3806.35767,1183.44263,186.981628,0.0809591428742128,-1.5776714605830466,0.6125128733518731,1.1109236201011266,0,1
2026-09-01 11:45:00,31621.22,33584.62,3756.185,1205.112,191.674911,-0.0020705205220173,-1.1820569569852653,0.6675599876578527,1.0679224163924008,0,1
2026-09-01 12:00:00,31621.22,33584.62,3756.185,1205.112,191.674911,-0.0020705205220173,-1.1820569569852653,0.6675599876578527,1.0679224163924008,0,1
2026-09-01 12:15:00,32268.623,33151.0039,3783.312,1224.2002,187.505875,-0.1929912327582875,-1.0258906585142662,0.5816690145801032,1.0855872077208188,0,1
2026-09-01 12:30:00,32268.623,33151.0039,3783.312,1224.2002,187.505875,-0.1929912327582875,-1.0258906585142662,0.5816690145801032,1.0855872077208188,0,1
2026-09-01 13:00:00,31539.1543,29081.0879,2572.099,1344.87708,187.73291,-1.720808595512892,-1.6317222419193296,0.4612447590956505,0.0025188946568887,0,1
2026-09-01 13:15:00,31539.1543,29081.0879,2572.099,1344.87708,187.73291,-1.720808595512892,-1.6317222419193296,0.4612447590956505,0.0025188946568887,0,1
2026-09-01 13:30:00,30409.2754,28757.8047,3345.478,1337.13562,182.853149,-1.8048320767261457,-1.980389371089858,0.3712567978692528,0.7200511627117198,0,1
2026-09-01 13:45:00,31169.5645,27897.791,2463.03,1388.20825,189.382,-2.17667100662601,-1.8842231768612967,0.4442975578566051,-0.1563690771023487,0,1
2026-09-01 14:00:00,30269.6211,26648.1426,2470.90332,1406.20715,190.5754,-2.599275816054381,-2.234496657992681,0.4469304337584039,-0.1514206398704693,0,1
2026-09-01 14:15:00,30269.6211,26648.1426,2470.90332,1406.20715,190.5754,-2.599275816054381,-2.234496657992681,0.4469304337584039,-0.1514206398704693,0,1
2026-09-01 14:30:00,30094.3145,25057.752,2120.02246,1445.618,186.886826,-3.1697791858054023,-2.410798759419797,0.3102524625527275,-0.6462745123861147,0,0
2026-09-01 14:45:00,37278.09,33307.18,2269.39941,1295.9906,221.401611,-0.2969944980355123,0.4732249508574772,1.026717591961937,-0.3908533231642446,2,0
2026-09-01 15:00:00,37446.8477,35561.0664,3352.17749,1231.61963,215.691879,0.6813976075944232,0.7552437256851322,0.9997263918032988,0.7450203369210364,1,2
2026-09-01 15:15:00,37446.8477,35561.0664,3352.17749,1231.61963,215.691879,0.6813976075944232,0.7552437256851322,0.9997263918032988,0.7450203369210364,1,2
2026-09-01 15:30:00,32230.332,33125.9375,4871.623,1226.21631,193.800751,-0.2053683379632754,-1.0446639627256595,0.6815688275371666,1.918557619964132,0,1
2026-09-01 15:45:00,32230.332,33125.9375,4871.623,1226.21631,193.800751,-0.2053683379632754,-1.0446639627256595,0.6815688275371666,1.918557619964132,0,1
2026-09-01 16:00:00,31497.5273,32210.8652,4787.40527,1257.52063,180.79718,-0.5621143442669417,-1.3814671148129036,0.4264254349421091,1.849350335905091,0,1
2026-09-01 16:15:00,31545.0059,32735.332,4796.131,1230.24927,175.2938,-0.3385196636864112,-1.2833074500660462,0.3392527023542734,1.860769415440091,0,1
2026-09-01 16:30:00,31545.0059,32735.332,4796.131,1230.24927,175.2938,-0.3385196636864112,-1.2833074500660462,0.3392527023542734,1.860769415440091,0,1
2026-09-01 16:45:00,30619.4355,31909.2813,4974.762,1243.72229,174.36937,-0.6278608970702815,-1.629303925076386,0.2906322225258319,1.9933175672354932,0,1
2026-09-01 17:00:00,33698.5664,33153.0039,3789.62134,1240.64575,184.749466,-0.2277035674915195,-0.6019962300181835,0.5179960438399835,1.0875121892208457,0,1
2026-09-01 17:15:00,33698.5664,33153.0039,3789.62134,1240.64575,184.749466,-0.2277035674915195,-0.6019962300181835,0.5179960438399835,1.0875121892208457,0,1
2026-09-01 17:30:00,31020.2031,31173.6816,4670.124,1257.64429,178.176788,-0.8877455586628891,-1.5392660409504364,0.3709745436754693,1.7604474890693436,0,1
2026-09-01 17:45:00,31020.2031,31173.6816,4670.124,1257.64429,178.176788,-0.8877455586628891,-1.5392660409504364,0.3709745436754693,1.7604474890693436,0,1
2026-09-01 18:00:00,32066.6914,32228.4727,4574.43164,1236.9624,181.2767,-0.5130931299804068,-1.1313154191664336,0.4589089556690743,1.6914260366835137,0,1
2026-09-01 18:15:00,34477.25,33249.6328,4162.95947,1237.4563,184.761368,-0.1898888816669021,-0.3330550373436902,0.5214903931815741,1.3768313743243146,0,2
2026-09-01 18:30:00,34477.25,33249.6328,4162.95947,1237.4563,184.761368,-0.1898888816669021,-0.3330550373436902,0.5214903931815741,1.3768313743243146,0,2
2026-09-01 18:45:00,34298.668,32283.7266,4422.17334,1268.93933,186.892639,-0.5633015436045686,-0.4887077952173941,0.5264573114237395,1.5697449664234204,0,2
2026-09-01 19:00:00,34298.668,32283.7266,4422.17334,1268.93933,186.892639,-0.5633015436045686,-0.4887077952173941,0.5264573114237395,1.5697449664234204,0,2
2026-09-01 19:15:00,36228.92,34257.74,4101.124,1231.99561,187.92572,0.1831459980876729,0.3017878185596142,0.581042118867806,1.33023720641455,1,2
2026-09-01 19:30:00,35698.1953,34461.76,4066.13184,1214.67053,186.546829,0.3046734568669095,0.1644317910018291,0.5749771038997049,1.3063916647026057,1,2
2026-09-01 19:45:00,36301.73,35160.9727,4127.87061,1219.31506,187.96167,0.5596780091475222,0.3717650224782697,0.5940097622031656,1.3531025065513445,1,2
2026-09-01 20:00:00,36301.73,35160.9727,4127.87061,1219.31506,187.96167,0.5596780091475222,0.3717650224782697,0.5940097622031656,1.3531025065513445,1,2
2026-09-01 20:15:00,37836.2578,35467.97,4181.59033,1237.67078,198.210236,0.6301076563112513,0.8796359579964956,0.7395278819922076,1.391109860081428,1,2
2026-09-01 20:30:00,37986.0664,35075.8164,4447.95361,1240.637,205.627945,0.4723647391824769,0.9253440530935628,0.8479804489030677,1.594455205097115,1,2
2026-09-01 20:45:00,37986.0664,35075.8164,4447.95361,1240.637,205.627945,0.4723647391824769,0.9253440530935628,0.8479804489030677,1.594455205097115,1,2
2026-09-01 21:00:00,38592.5625,36155.043,4178.44971,1220.022,209.466232,0.9397424070913132,1.2222038491697098,0.9211608855503232,1.3918607816859287,1,2
2026-09-01 21:15:00,38853.14,35975.6328,4224.165,1240.07983,213.44043,0.8188629407201069,1.2508784360865306,0.9610132203623872,1.4233658284708348,1,2
2026-09-01 21:30:00,38853.14,35975.6328,4224.165,1240.07983,213.44043,0.8188629407201069,1.2508784360865306,0.9610132203623872,1.4233658284708348,1,2
2026-09-01 21:45:00,39017.7,36206.9648,4402.27734,1240.88647,214.807648,0.9058084344449058,1.3096105169682446,0.9796600719902012,1.559552349888997,1,2
2026-09-01 22:00:00,39581.2344,36286.168,4165.72461,1243.83813,213.2895,0.9286836878100928,1.510229208626624,0.9557478901882068,1.3778121974806377,1,2
2026-09-01 22:15:00,39581.2344,36286.168,4165.72461,1243.83813,213.2895,0.9286836878100928,1.510229208626624,0.9557478901882068,1.3778121974806377,1,2
2026-09-01 22:30:00,39941.46,37072.2422,3761.75537,1231.42712,210.6639,1.264225728113918,1.6876338210577733,0.9287259367639628,1.06747820189807,1,2
2026-09-01 22:45:00,36436.6445,35360.7461,4470.89844,1225.48828,199.768555,0.6203442208415599,0.4007931356130694,0.7740601356810898,1.6146451205013783,1,2
2026-09-01 23:00:00,36436.6445,35360.7461,4470.89844,1225.48828,199.768555,0.6203442208415599,0.4007931356130694,0.7740601356810898,1.6146451205013783,1,2
2026-09-01 23:15:00,35361.91,34895.81,4244.68,1208.42322,194.4309,0.4861944760193103,0.061835793980514,0.707727078130319,1.444766292843591,1,1
2026-09-01 23:30:00,35361.91,34895.81,4244.68,1208.42322,194.4309,0.4861944760193103,0.061835793980514,0.707727078130319,1.444766292843591,1,1
2026-09-01 23:45:00,35248.5625,34448.793,4440.85156,1210.36389,196.19577,0.3107347000391571,0.0138574809234558,0.7332101219658176,1.5944260272643993,1,1
2026-09-02 00:00:00,35248.5625,34448.793,4440.85156,1210.36389,196.19577,0.3107347000391571,0.0138574809234558,0.7332101219658176,1.5944260272643993,1,1
2026-09-02 00:15:00,34874.6875,34533.66,4624.583,1207.66113,195.041656,0.3499439653777645,-0.1082808402116022,0.7178798940027532,1.734730575212923,1,1
2026-09-02 00:30:00,34057.88,33766.3672,5332.36035,1217.06506,186.6198,0.0358278611345778,-0.4105882877997036,0.5738439284324529,2.266732372318066,0,1
2026-09-02 00:45:00,34057.88,33766.3672,5332.36035,1217.06506,186.6198,0.0358278611345778,-0.4105882877997036,0.5738439284324529,2.266732372318066,0,1
2026-09-02 01:00:00,36219.9,34837.53,3942.89331,1236.93335,196.78093,0.3908848480197985,0.2817146074165395,0.7182159955290721,1.207180125210617,1,2
2026-09-02 01:15:00,36219.9,34837.53,3942.89331,1236.93335,196.78093,0.3908848480197985,0.2817146074165395,0.7182159955290721,1.207180125210617,1,2
2026-09-02 01:30:00,35192.02,33921.3867,4762.821,1222.83875,191.586731,0.0794408804151447,-0.0477684626417581,0.6495998574579941,1.8368656396774847,0,2
2026-09-02 01:45:00,37178.92,34851.0352,4389.86133,1246.82751,196.543945,0.3707190729438175,0.6037292655326079,0.7055477167160701,1.54901096863649,1,2
2026-09-02 02:00:00,37178.92,34851.0352,4389.86133,1246.82751,196.543945,0.3707190729438175,0.6037292655326079,0.7055477167160701,1.54901096863649,1,2
2026-09-02 02:15:00,36896.1875,34636.2969,4498.982,1233.57556,201.454788,0.3228068943439813,0.5438040301771949,0.7922712247801492,1.634606260458926,1,2
2026-09-02 02:30:00,38199.5625,35256.9375,4101.072,1245.70215,203.25946,0.5286271790424976,0.9876473235489314,0.8085908607379628,1.327734117995244,1,2
2026-09-02 02:45:00,38199.5625,35256.9375,4101.072,1245.70215,203.25946,0.5286271790424976,0.9876473235489314,0.8085908607379628,1.327734117995244,1,2
2026-09-02 03:00:00,38232.87,35557.81,3602.81,1234.87463,209.826584,0.6717652567437102,1.0370920014723266,0.9138279541922856,0.9425208006809151,1,2
2026-09-02 03:15:00,37849.1641,35098.39,4110.40332,1231.02759,211.907928,0.5056493102535863,0.9071389935777604,0.9468003407046384,1.3375559671573325,1,2
2026-09-02 03:30:00,37849.1641,35098.39,4110.40332,1231.02759,211.907928,0.5056493102535863,0.9071389935777604,0.9468003407046384,1.3375559671573325,1,2
2026-09-02 03:45:00,37936.5273,34602.23,4238.113,1239.78674,222.486664,0.2939931857439665,0.9097811138572078,1.0872469884872171,1.4341184836065923,1,2
2026-09-02 04:00:00,37683.32,34090.8438,4480.407,1248.81,223.511154,0.0776225373514129,0.7846304489148512,1.0940286662998364,1.6177447470885546,1,2
2026-09-02 04:15:00,37683.32,34090.8438,4480.407,1248.81,223.511154,0.0776225373514129,0.7846304489148512,1.0940286662998364,1.6177447470885546,1,2
2026-09-02 04:30:00,38404.01,34788.2773,4151.311,1251.17639,229.868454,0.335695309722156,1.0452033814969968,1.178336938909834,1.3654142553895796,1,2
2026-09-02 04:45:00,38447.1367,34706.55,4143.68945,1239.065,233.5484,0.3355252152543818,1.1027251774074591,1.2369623506166945,1.3617261818063449,1,2
2026-09-02 05:00:00,38447.1367,34706.55,4143.68945,1239.065,233.5484,0.3355252152543818,1.1027251774074591,1.2369623506166945,1.3617261818063449,1,2
2026-09-02 05:15:00,38125.56,34346.9648,3966.3147,1248.69531,233.1791,0.1745018992327168,0.949818545178642,1.2245446222433536,1.2231817091831565,1,2
2026-09-02 05:30:00,38125.56,34346.9648,3966.3147,1248.69531,233.1791,0.1745018992327168,0.949818545178642,1.2245446222433536,1.2231817091831565,1,2
2026-09-02 05:45:00,37854.3945,34028.4766,4313.025,1257.92139,230.056046,0.0313080596385548,0.8172447225412782,1.1755396898015504,1.4882765082058316,1,2
2026-09-02 06:00:00,37757.51,33069.37,4424.36,1281.63892,234.268616,-0.3419614789824355,0.7002537139379793,1.2133087896588974,1.569152140565771,1,2
2026-09-02 06:15:00,37757.51,33069.37,4424.36,1281.63892,234.268616,-0.3419614789824355,0.7002537139379793,1.2133087896588974,1.569152140565771,1,2
2026-09-02 07:30:00,37661.98,33413.58,4117.12646,1264.58923,213.1444,-0.1957113539337663,0.7228510753669066,0.9363632183731634,1.336702956691136,1,2
2026-09-02 07:45:00,37536.17,33477.8828,3910.63037,1275.04236,208.901,-0.19758750597363,0.6404108503188208,0.8663290741967635,1.1752957946320044,1,2
2026-09-02 08:00:00,37536.17,33477.8828,3910.63037,1275.04236,208.901,-0.19758750597363,0.6404108503188208,0.8663290741967635,1.1752957946320044,1,2
2026-09-02 08:15:00,36340.63,34275.14,4155.44775,1243.14087,196.197647,0.16143878574419,0.3053269873307414,0.7035264312272976,1.3700369047566354,1,2
2026-09-02 08:30:00,37039.0938,33352.7539,3763.92578,1274.3877,192.678528,-0.2362373782422158,0.4580089968291979,0.6184017782034065,1.0613552300826756,1,2
2026-09-02 08:45:00,37039.0938,33352.7539,3763.92578,1274.3877,192.678528,-0.2362373782422158,0.4580089968291979,0.6184017782034065,1.0613552300826756,1,2
2026-09-02 09:00:00,37227.5234,33781.6,3999.46362,1259.42981,196.05983,-0.0638823288671715,0.5788693051125207,0.6864428912903368,1.2468758063788918,1,2
2026-09-02 09:15:00,36759.03,33690.96,4000.96533,1265.95361,197.8678,-0.1090938159887724,0.3828313990768864,0.7086794652515753,1.246859944737886,1,2
2026-09-02 09:30:00,36759.03,33690.96,4000.96533,1265.95361,197.8678,-0.1090938159887724,0.3828313990768864,0.7086794652515753,1.246859944737886,1,2
2026-09-02 09:45:00,36172.18,33945.56,3782.51172,1245.71094,197.632019,0.0309447840391363,0.23435044066011,0.7234022841668456,1.0810547326499649,1,2
2026-09-02 10:00:00,35693.32,33486.5742,3989.10156,1243.20178,195.245468,-0.1259090217581097,0.0664831056108696,0.6886035916316855,1.2417937295071255,0,2
2026-09-02 10:15:00,35693.32,33486.5742,3989.10156,1243.20178,195.245468,-0.1259090217581097,0.0664831056108696,0.6886035916316855,1.2417937295071255,0,2
2026-09-02 10:30:00,34144.04,29524.4883,3370.66431,1342.36145,195.385208,-1.5781378600647735,-0.7634976353215269,0.5973808378491824,0.7391630387426597,0,1
2026-09-02 10:45:00,35559.37,31868.8457,3523.79932,1313.1637,201.4075,-0.7867830071294108,-0.2031832057503534,0.7205912907145268,0.8659610982883742,0,2
2026-09-02 11:00:00,35559.37,31868.8457,3523.79932,1313.1637,201.4075,-0.7867830071294108,-0.2031832057503534,0.7205912907145268,0.8659610982883742,0,2
2026-09-02 11:15:00,34200.3125,32933.3125,3351.81616,1242.58313,195.0589,-0.3019086238270835,-0.4410451667513293,0.6862473204661239,0.7426951107015985,0,2
2026-09-02 11:30:00,34200.3125,32933.3125,3351.81616,1242.58313,195.0589,-0.3019086238270835,-0.4410451667513293,0.6862473204661239,0.7426951107015985,0,2
2026-09-02 11:45:00,34099.1953,33130.332,3402.20142,1240.67688,193.82782,-0.2350184469977501,-0.4688926132352421,0.6686079263345884,0.7831144473804661,0,2
2026-09-02 12:00:00,34043.0234,33774.0742,3554.498,1213.3634,197.242462,0.0480173487912826,-0.4042342809299515,0.7465329905400048,0.9084959917972614,0,1
2026-09-02 12:15:00,34043.0234,33774.0742,3554.498,1213.3634,197.242462,0.0480173487912826,-0.4042342809299515,0.7465329905400048,0.9084959917972614,0,1
2026-09-02 12:30:00,34325.13,34069.48,3578.13037,1211.625,196.115082,0.163648403262594,-0.3047988130016359,0.7308350882251596,0.9273971334480472,0,1
2026-09-02 12:45:00,33407.69,32147.8574,4094.177,1251.73132,192.651718,-0.5697194744752276,-0.7322473002455563,0.6394888942049032,1.3213394978316089,0,1
2026-09-02 13:00:00,33407.69,32147.8574,4094.177,1251.73132,192.651718,-0.5697194744752276,-0.7322473002455563,0.6394888942049032,1.3213394978316089,0,1
2026-09-02 13:15:00,35444.2539,32955.31,3323.69043,1264.39246,193.725342,-0.341427442849,-0.091506919559877,0.6448020802429544,0.7162084633957025,0,2
2026-09-02 13:30:00,35444.2539,32955.31,3323.69043,1264.39246,193.725342,-0.341427442849,-0.091506919559877,0.6448020802429544,0.7162084633957025,0,2
2026-09-02 13:45:00,35019.45,30712.1484,3612.82983,1322.16919,194.799057,-1.1669163027097793,-0.4111488490532717,0.6072345519109262,0.9343938308508076,0,2
2026-09-02 14:00:00,34587.9648,30844.1523,3482.968,1307.81409,193.108353,-1.0957588024737996,-0.5109891810650008,0.5932494839871529,0.8346945281494266,0,2
2026-09-02 14:15:00,34587.9648,30844.1523,3482.968,1307.81409,193.108353,-1.0957588024737996,-0.5109891810650008,0.5932494839871529,0.8346945281494266,0,2
2026-09-02 14:30:00,33844.81,30808.2031,3703.21948,1295.3114,198.977951,-1.0808056979060623,-0.7197378700478126,0.6991540145973243,1.010141666969408,0,2
2026-09-02 14:45:00,33844.81,30808.2031,3703.21948,1295.3114,198.977951,-1.0808056979060623,-0.7197378700478126,0.6991540145973243,1.010141666969408,0,2
2026-09-02 15:00:00,34966.5547,32689.4688,3245.59473,1258.99463,192.6774,-0.4141918762119027,-0.2354732867418461,0.6330334049596594,0.6546877999790837,0,2
2026-09-02 15:15:00,33681.6133,29962.584,3406.9624,1325.9364,199.46582,-1.4079377765731742,-0.8668391963008404,0.6786427262689428,0.7710947774274125,0,1
2026-09-02 15:30:00,33681.6133,29962.584,3406.9624,1325.9364,199.46582,-1.4079377765731742,-0.8668391963008404,0.6786427262689428,0.7710947774274125,0,1
2026-09-02 15:45:00,31927.57,29286.9551,3313.62427,1309.99377,194.1621,-1.5844372498447836,-1.3982476219765636,0.6085044419153102,0.6996645135336446,0,1
2026-09-02 17:15:00,31320.4531,27977.6211,2677.97241,1346.22522,189.181335,-2.064987577277504,-1.707846399889604,0.4865024097484194,0.1389701240446841,0,1
2026-09-02 17:30:00,31320.4531,27977.6211,2677.97241,1346.22522,189.181335,-2.064987577277504,-1.707846399889604,0.4865024097484194,0.1389701240446841,0,1
2026-09-02 17:45:00,32356.0625,29852.49,3104.387,1304.37244,193.6019,-1.3971812271218342,-1.239809856305682,0.6047229137373464,0.5319340891328422,0,1
2026-09-02 18:00:00,32452.4629,29869.9375,3292.67,1289.06677,196.859848,-1.359840127667789,-1.1616333479292116,0.6716578901187731,0.6868065617451534,0,1
2026-09-02 18:15:00,32452.4629,29869.9375,3292.67,1289.06677,196.859848,-1.359840127667789,-1.1616333479292116,0.6716578901187731,0.6868065617451534,0,1
2026-09-02 18:30:00,30449.375,29955.2559,3448.54443,1261.947,181.4331,-1.2767175536347342,-1.7403527389141706,0.433824369957569,0.8159233564329612,0,1
2026-09-02 18:45:00,31595.0684,31354.5313,3272.4502,1243.1543,184.362381,-0.8007145067951738,-1.305824427296388,0.5085581432196127,0.6791931779304107,0,1
2026-09-02 19:00:00,31595.0684,31354.5313,3272.4502,1243.1543,184.362381,-0.8007145067951738,-1.305824427296388,0.5085581432196127,0.6791931779304107,0,1
2026-09-02 19:15:00,32532.1621,30722.541,3023.10962,1264.42151,182.702759,-1.042864102932655,-1.060638288161965,0.4554200432059245,0.4730323455792951,0,1
2026-09-02 19:30:00,32532.1621,30722.541,3023.10962,1264.42151,182.702759,-1.042864102932655,-1.060638288161965,0.4554200432059245,0.4730323455792951,0,1
2026-09-02 19:45:00,32066.3984,31686.9648,3023.60815,1256.80151,175.197021,-0.7252273539221248,-1.1914858738196463,0.2924184229902493,0.4749044743718409,0,1
2026-09-02 20:00:00,33562.45,30934.4043,2878.88916,1283.797,186.422058,-1.017328389563134,-0.7783684812943003,0.5027735980032971,0.3491014445902415,0,2
2026-09-02 20:15:00,33562.45,30934.4043,2878.88916,1283.797,186.422058,-1.017328389563134,-0.7783684812943003,0.5027735980032971,0.3491014445902415,0,2
2026-09-02 20:30:00,30961.8242,30216.7949,3461.491,1263.28723,175.770676,-1.1981188815333514,-1.5755577933026197,0.2981114591980979,0.8259240911779834,0,1
2026-09-02 20:45:00,28257.5273,29558.957,3231.9812,1256.23572,160.501572,-1.3880103636869827,-2.4440260691528555,-0.2191110972585747,0.6442663692774012,0,1
2026-09-02 21:00:00,28257.5273,29558.957,3231.9812,1256.23572,160.501572,-1.3880103636869827,-2.4440260691528555,-0.2191110972585747,0.6442663692774012,0,1
2026-09-02 21:15:00,28048.2813,30006.2324,3170.28,1266.23328,161.440536,-1.2698077497753395,-2.5428430181785444,-0.2056653252557303,0.5926411149762247,0,1
2026-09-02 23:45:00,32401.9551,27047.1172,2330.9646,1395.44983,191.136642,-2.4540970125026846,-1.5000973737684955,0.4693815341418404,-0.3381998311891365,0,0
2026-09-03 00:00:00,33133.3359,36594.09,3146.66235,1165.87451,181.498642,1.2494475324396992,-0.5621181032561171,0.5377973807774022,0.5924790939367938,1,1
2026-09-03 00:15:00,33133.3359,36594.09,3146.66235,1165.87451,181.498642,1.2494475324396992,-0.5621181032561171,0.5377973807774022,0.5924790939367938,1,1
2026-09-03 00:30:00,31114.4883,33159.4961,3513.456,1229.75891,186.965,-0.2022323888957053,-1.4238969101237384,0.5671186546557573,0.8731536758451737,0,1
2026-09-03 00:45:00,33771.0078,34039.3125,3202.71753,1259.35449,205.435776,0.0317637325884401,-0.6348779329268623,0.8289822627750787,0.6201237031376535,2,1
2026-09-03 01:00:00,33771.0078,34039.3125,3202.71753,1259.35449,205.435776,0.0317637325884401,-0.6348779329268623,0.8289822627750787,0.6201237031376535,2,1
2026-09-03 01:15:00,34061.34,33826.12,2982.13232,1255.7334,209.880783,-0.0384796011817677,-0.5273901310996862,0.8969840804826911,0.4409034548688008,2,2
2026-09-03 01:30:00,35185.6563,35166.1563,2917.21143,1233.52551,213.147629,0.5251594888408119,-0.083283819811211,0.9623128435889752,0.3912147222211836,2,2
2026-09-03 01:45:00,34319.02,35365.01,3145.12476,1219.93481,212.712051,0.6362686849112226,-0.3322706085700648,0.9674326574343134,0.5810280375059503,2,1
2026-09-03 02:00:00,34319.02,35365.01,3145.12476,1219.93481,212.712051,0.6362686849112226,-0.3322706085700648,0.9674326574343134,0.5810280375059503,2,1
2026-09-03 02:15:00,33450.93,34489.94,3579.337,1220.797,204.918228,0.2997542377359056,-0.6238242369299787,0.8546403114667211,0.926663526590962,0,1
2026-09-03 02:30:00,35501.05,35026.0234,3053.68066,1240.18591,218.005569,0.454496869750595,0.0062621116223832,1.0250229824474064,0.5027540455975269,2,2
2026-09-03 02:45:00,35501.05,35026.0234,3053.68066,1240.18591,218.005569,0.454496869750595,0.0062621116223832,1.0250229824474064,0.5027540455975269,2,2
2026-09-03 03:00:00,35895.7227,35382.62,3199.65649,1241.32092,218.138611,0.5880067420066848,0.1472209856957215,1.0259479232450277,0.6210480544158385,1,2
2026-09-03 03:15:00,34784.5,34439.0,3420.37842,1237.721,212.255569,0.2372663941188565,-0.2311492491566038,0.9461590010266828,0.798083594275586,2,2
2026-09-03 03:30:00,34784.5,34439.0,3420.37842,1237.721,212.255569,0.2372663941188565,-0.2311492491566038,0.9461590010266828,0.798083594275586,2,2
2026-09-03 03:45:00,32744.6816,34814.8945,3570.14063,1203.70715,201.9252,0.4673654396938113,-0.8061290581768025,0.8253530501393074,0.922569661747732,0,1
2026-09-03 04:00:00,31656.0156,34871.5039,3444.0083,1203.91565,189.844391,0.4884670239893442,-1.166939205020506,0.639460192421334,0.8230520432739626,0,1
2026-09-03 04:15:00,31656.0156,34871.5039,3444.0083,1203.91565,189.844391,0.4884670239893442,-1.166939205020506,0.639460192421334,0.8230520432739626,0,1
2026-09-03 04:30:00,31856.9043,33268.8242,3494.64624,1251.084,196.460144,-0.2130574036370468,-1.2433708056253594,0.7003571813102626,0.8543832049852466,0,1
2026-09-03 09:15:00,37949.74,35120.7266,2946.34985,1276.97668,234.610291,0.3964005490754242,0.787713640111254,1.2215071924120628,0.4070782630187268,1,2
2026-09-03 09:30:00,38404.875,35955.12,2983.3916,1244.20227,236.908981,0.8003351243189679,1.0693780139906406,1.27740960679854,0.4441704674733301,1,2
2026-09-03 10:30:00,33969.2578,36442.1055,3318.216,1197.27771,222.886429,1.109315237755199,-0.3796822195089181,1.1267403154226547,0.724337593135219,1,1
2026-09-03 10:45:00,33969.2578,36442.1055,3318.216,1197.27771,222.886429,1.109315237755199,-0.3796822195089181,1.1267403154226547,0.724337593135219,1,1
2026-09-04 00:30:00,34084.53,33822.3242,2611.305,1253.07654,282.177124,-0.0332991740511475,-0.5115809361749799,1.840647074503585,0.0816001576529062,2,2
2026-09-04 00:45:00,35084.32,34300.13,2627.08887,1253.42981,280.285431,0.1447931126356426,-0.1788939809335863,1.8174471919709383,0.1017977660624525,2,2
2026-09-04 01:00:00,33651.9336,34373.68,3033.319,1223.389,263.204681,0.2489773735312065,-0.5649454731246775,1.6291475843070546,0.4892818113511304,2,2
2026-09-04 01:15:00,33457.7148,34746.3,2764.20581,1213.38757,256.285065,0.4163632122368778,-0.599019271787394,1.5498872505960588,0.2643921212562219,2,1
2026-09-04 01:30:00,33457.7148,34746.3,2764.20581,1213.38757,256.285065,0.4163632122368778,-0.599019271787394,1.5498872505960588,0.2643921212562219,2,1
2026-09-04 01:45:00,32344.123,33660.5,2941.88672,1225.20166,243.217728,-0.0239593193523575,-1.003954460283214,1.3743184012832454,0.413422088305316,2,1
2026-09-04 02:00:00,31712.8613,33719.2461,2990.82544,1219.13379,236.357574,0.0130311583163177,-1.194234930885866,1.289505677892088,0.4551421405089055,2,1
2026-09-04 02:15:00,32528.79,34229.9336,2654.31836,1216.82227,236.662689,0.2111763790334729,-0.917437016826226,1.2952941884072569,0.1471926123354245,2,1
2026-09-04 02:30:00,32528.79,34229.9336,2654.31836,1216.82227,236.662689,0.2111763790334729,-0.917437016826226,1.2952941884072569,0.1471926123354245,2,1
2026-09-04 02:45:00,31258.6426,34208.87,2729.92,1202.74133,224.426544,0.2390196216953897,-1.2946177249391746,1.1432778142656157,0.2358576607230952,2,1
2026-09-04 03:00:00,31058.4043,34501.67,2717.25977,1192.81421,220.808228,0.3757207809354904,-1.3306821399692446,1.1019954929644111,0.2262993415841404,2,1
2026-09-04 03:15:00,31058.4043,34501.67,2717.25977,1192.81421,220.808228,0.3757207809354904,-1.3306821399692446,1.1019954929644111,0.2262993415841404,2,1
2026-09-04 03:30:00,32485.2949,34242.8047,2476.49316,1222.86987,228.0826,0.200677169745622,-0.9501767784228892,1.176657519345735,-0.0865401680967723,2,0
2026-09-04 03:45:00,31432.7617,34790.29,2362.836,1198.45374,221.648254,0.4714356951977144,-1.2241505681427074,1.1089458836324957,-0.2320153231942836,2,0
2026-09-04 04:00:00,31092.31,34592.4,2432.5896,1195.10852,214.95903,0.4044481224656877,-1.3264314314052097,1.0194270853386236,-0.1366964126292767,2,0
2026-09-04 04:15:00,31092.31,34592.4,2432.5896,1195.10852,214.95903,0.4044481224656877,-1.3264314314052097,1.0194270853386236,-0.1366964126292767,2,0
2026-09-04 04:30:00,31960.2441,34008.5352,2408.71216,1221.87622,215.389786,0.1146743606025775,-1.1208015923265493,1.0035027003693242,-0.1772873350863304,2,0
2026-09-04 04:45:00,31849.207,34482.6172,2314.57178,1216.63965,220.478592,0.3075801757710974,-1.1416361397631538,1.0783271111475026,-0.3035428007947018,2,0
2026-09-04 05:00:00,30070.33,33926.3672,2460.601,1206.4679,207.993561,0.1226809958491754,-1.6977279505699698,0.9114387519262585,-0.1026735201820455,2,0
2026-09-04 05:15:00,30266.5977,34030.1328,2494.07153,1204.91125,211.251389,0.1658067759692456,-1.6283629968144515,0.9592343283352672,-0.0575234774069605,2,1
2026-09-04 05:30:00,30266.5977,34030.1328,2494.07153,1204.91125,211.251389,0.1658067759692456,-1.6283629968144515,0.9592343283352672,-0.0575234774069605,2,1
2026-09-04 05:45:00,31265.2441,33611.8242,2500.1062,1226.99365,208.137253,-0.0463670862820544,-1.365797510287392,0.8961573686487999,-0.0563503720583277,2,1
2026-09-04 06:00:00,31337.5469,34325.4531,2269.345,1221.11926,203.788925,0.236457900016582,-1.3241688372136866,0.8377811439695168,-0.3669221323347469,2,0
2026-09-04 06:15:00,31337.5469,34325.4531,2269.345,1221.11926,203.788925,0.236457900016582,-1.3241688372136866,0.8377811439695168,-0.3669221323347469,2,0
2026-09-04 06:30:00,30264.9863,34898.64,2299.08472,1186.82031,195.863159,0.5427348759297508,-1.5742519468455032,0.7492485671166427,-0.3152020836283576,2,0
2026-09-04 06:45:00,30423.2813,34672.2773,2070.13086,1204.62634,193.43071,0.4105534345920995,-1.5758646324835992,0.6956217968865039,-0.6374279086883767,2,0
2026-09-04 07:00:00,30423.2813,34672.2773,2070.13086,1204.62634,193.43071,0.4105534345920995,-1.5758646324835992,0.6956217968865039,-0.6374279086883767,2,0
2026-09-04 07:15:00,31839.0938,35198.3359,2115.36133,1218.86536,203.458817,0.575142240635173,-1.1517181011588025,0.8348658842512686,-0.5790521590050086,2,0
2026-09-04 07:30:00,32019.3066,35446.4727,1837.194,1205.14563,204.277573,0.7056094973518088,-1.0505889246067557,0.858702785649041,-0.9648683298206984,2,0
2026-09-04 07:45:00,32019.3066,35446.4727,1837.194,1205.14563,204.277573,0.7056094973518088,-1.0505889246067557,0.858702785649041,-0.9648683298206984,2,0
2026-09-04 08:00:00,27311.8047,34247.7539,3022.5166,1192.24231,184.933212,0.280537261722987,-2.5620098258329724,0.5699748665063543,0.4863817397577861,0,1
2026-09-04 08:15:00,30105.8926,35065.1875,2123.05933,1190.45166,200.686676,0.5971851854930067,-1.637651018961065,0.818529082477968,-0.5591344142261102,2,0
2026-09-04 08:30:00,29997.4238,34961.72,2306.23828,1196.53418,202.7888,0.5419270384244214,-1.6917542665747345,0.844288335165066,-0.3085203072482389,2,0
2026-09-04 08:45:00,28330.57,33909.96,2513.97217,1203.84155,192.554459,0.1231404661360402,-2.262246239281388,0.6826148095044513,-0.0307789960351778,2,1
2026-09-04 09:00:00,28330.57,33909.96,2513.97217,1203.84155,192.554459,0.1231404661360402,-2.262246239281388,0.6826148095044513,-0.0307789960351778,2,1
2026-09-04 09:15:00,30625.8535,34928.7344,2032.56641,1197.72717,206.656281,0.526239887763684,-1.4882344609311708,0.8995669894425604,-0.6876446069044073,2,0
2026-09-04 09:30:00,28986.082,33540.9727,2294.20361,1212.25854,203.744751,-0.0360386392739147,-2.072080845335255,0.8447781151727124,-0.3300038981714438,2,0
2026-09-04 09:45:00,28986.082,33540.9727,2294.20361,1212.25854,203.744751,-0.0360386392739147,-2.072080845335255,0.8447781151727124,-0.3300038981714438,2,0
2026-09-04 10:00:00,29414.4219,34252.5,2106.91187,1206.89648,212.193085,0.2449935451401876,-1.9149859124994664,0.9709098208870748,-0.5869214921972316,2,0
2026-09-04 11:00:00,28295.77,34386.7656,2569.0603,1187.85388,221.333084,0.3446247705688761,-2.225522424877713,1.1131283501129576,0.0465387993574945,2,1
2026-09-04 11:15:00,28295.77,34386.7656,2569.0603,1187.85388,221.333084,0.3446247705688761,-2.225522424877713,1.1131283501129576,0.0465387993574945,2,1
2026-09-04 11:30:00,28361.0332,34096.5273,2399.24561,1201.44763,238.8704,0.1997261850471512,-2.2450217638142087,1.3359633529065325,-0.183636683166189,2,0
2026-09-04 11:45:00,29923.8672,34315.4961,2294.461,1214.35754,256.124878,0.2498985182157207,-1.7697827972092752,1.547153976110616,-0.3303220784610119,2,0
2026-09-04 12:00:00,29923.8672,34315.4961,2294.461,1214.35754,256.124878,0.2498985182157207,-1.7697827972092752,1.547153976110616,-0.3303220784610119,2,0
2026-09-04 12:15:00,29691.2188,34994.65,2260.27124,1185.80737,257.126221,0.5821017440491505,-1.7602303981523193,1.5807752562634418,-0.368067546233203,2,0
2026-09-04 12:30:00,29781.2148,34519.52,2442.63013,1202.9325,262.643555,0.356646115462151,-1.782278127549718,1.6370981657590256,-0.1256599071066536,2,0
2026-09-04 12:45:00,29781.2148,34519.52,2442.63013,1202.9325,262.643555,0.356646115462151,-1.782278127549718,1.6370981657590256,-0.1256599071066536,2,0
2026-09-04 13:00:00,27184.8066,35155.1836,2375.341,1165.43567,246.975708,0.6960916336485143,-2.5230376157862606,1.4676148914671383,-0.2046087808683815,2,0
2026-09-04 13:15:00,30815.58,34152.8242,2471.26025,1240.969,268.458649,0.1207644898175125,-1.5563416914947834,1.6815146484880363,-0.0991819017711325,2,0
2026-09-04 13:30:00,28847.92,33364.96,2656.569,1221.76953,254.746552,-0.1186923523743125,-2.1461827217765608,1.5242823021225829,0.148566807982749,2,1
2026-09-04 13:45:00,31214.36,34119.49,2281.655,1234.99121,275.656219,0.1233222619239014,-1.406769485947519,1.774240563692661,-0.3544707128001967,2,0
2026-09-04 14:00:00,31214.36,34119.49,2281.655,1234.99121,275.656219,0.1233222619239014,-1.406769485947519,1.774240563692661,-0.3544707128001967,2,0
2026-09-04 14:15:00,31932.2051,36066.84,2357.31177,1189.17615,264.8389,0.9855263251199048,-1.0309941394644655,1.6743328325021232,-0.2365781106405926,2,0
2026-09-04 14:30:00,30892.8359,34245.47,2844.00269,1216.835,266.5017,0.2170318724852915,-1.457939171275847,1.6748268958641064,0.3327468080703494,2,1
2026-09-04 14:45:00,33230.06,34441.5156,2527.99487,1242.11218,282.81308,0.2270434720055025,-0.761913417772528,1.856130602981184,-0.0240383452495107,2,2
2026-09-04 15:00:00,33230.06,34441.5156,2527.99487,1242.11218,282.81308,0.2270434720055025,-0.761913417772528,1.856130602981184,-0.0240383452495107,2,2
2026-09-04 15:15:00,32447.91,33958.78,3071.7522,1237.77966,277.796783,0.0558326335166437,-1.0077541424932897,1.79834799037062,0.5179872770295034,2,1
2026-09-04 15:30:00,32447.91,33958.78,3071.7522,1237.77966,277.796783,0.0558326335166437,-1.0077541424932897,1.79834799037062,0.5179872770295034,2,1
2026-09-04 15:45:00,31869.66,33012.17,3392.177,1232.39331,275.638916,-0.2549996805413697,-1.1825809638197948,1.775890611647354,0.7766890511765385,2,1
2026-09-04 16:00:00,32870.6445,34286.1367,2748.4563,1223.40564,278.376373,0.2157320891387279,-0.8242094304656401,1.8156561854145523,0.2482830190311878,2,2
2026-09-04 16:15:00,32027.166,33370.9141,3393.321,1232.18457,275.047974,-0.1394252902950315,-1.1299068910932355,1.7688217205746373,0.7776363690673809,2,1
2026-09-04 16:30:00,32027.166,33370.9141,3393.321,1232.18457,275.047974,-0.1394252902950315,-1.1299068910932355,1.7688217205746373,0.7776363690673809,2,1
2026-09-04 16:45:00,32861.5625,33718.0039,3487.85986,1233.32263,281.637756,-0.0228466173483323,-0.8573240844046053,1.8481507347480728,0.852296733653504,2,2
2026-09-04 17:00:00,34256.3633,34710.7539,2779.11768,1224.17749,285.2265,0.375188029234459,-0.3661510670533323,1.8979372244025072,0.2752998704999366,2,2
2026-09-04 17:15:00,33196.1445,33826.13,3427.5752,1223.02087,277.4845,0.0432382064275076,-0.7151413359382227,1.8050868993634517,0.8065074584190021,2,2
2026-09-04 17:30:00,32610.36,33390.4922,3760.95947,1245.80237,266.154327,-0.1626051389126204,-0.9783371428369274,1.6494634456406752,1.0642429179045096,2,1
2026-09-04 17:45:00,34721.543,34337.6836,3333.038,1250.06189,279.365479,0.1675237148477026,-0.290047190739647,1.8086674980619155,0.726336345918553,2,2
2026-09-04 18:00:00,34721.543,34337.6836,3333.038,1250.06189,279.365479,0.1675237148477026,-0.290047190739647,1.8086674980619155,0.726336345918553,2,2
2026-09-04 18:15:00,35238.625,34733.6953,2963.1438,1246.6438,278.6639,0.3264971776906886,-0.1060285099701832,1.802572305080077,0.4269279639324105,2,2
2026-09-04 18:30:00,35238.625,34733.6953,2963.1438,1246.6438,278.6639,0.3264971776906886,-0.1060285099701832,1.802572305080077,0.4269279639324105,2,2
2026-09-04 18:45:00,33933.4063,34352.15,3724.21558,1239.22388,267.0876,0.2005227224737348,-0.5196183558026406,1.6658196354437635,1.0367729670225507,2,2
2026-09-04 19:00:00,34399.0352,35339.96,3152.59229,1221.667,265.511322,0.622206901147797,-0.3108538737632059,1.6590529281881403,0.5867453933128051,2,2
2026-09-04 19:15:00,34399.0352,35339.96,3152.59229,1221.667,265.511322,0.622206901147797,-0.3108538737632059,1.6590529281881403,0.5867453933128051,2,2
2026-09-04 19:30:00,34055.6172,34297.293,3266.33618,1247.40271,265.038971,0.1590015580735126,-0.5039021261020655,1.634439137314371,0.6734993089313179,2,2
2026-09-04 19:45:00,33022.5547,34239.1523,4084.925,1224.51563,263.2231,0.1951115331874269,-0.7772404584175944,1.6285540586508944,1.319104089369719,2,1
2026-09-04 20:00:00,33022.5547,34239.1523,4084.925,1224.51563,263.2231,0.1951115331874269,-0.7772404584175944,1.6285540586508944,1.319104089369719,2,1
2026-09-04 20:15:00,33596.9453,34322.7148,3080.00244,1246.554,261.4387,0.17076543278264,-0.6537165610202127,1.590145103650858,0.5230506986974826,2,2
2026-09-04 20:30:00,32223.33,34492.8164,3685.44849,1214.515,249.879364,0.3168846071239479,-1.011513434198169,1.467920387895851,1.0109874657410522,2,1
2026-09-04 20:45:00,32223.33,34492.8164,3685.44849,1214.515,249.879364,0.3168846071239479,-1.011513434198169,1.467920387895851,1.0109874657410522,2,1
2026-09-04 21:00:00,34496.1367,34713.99,2777.72437,1241.88293,275.9098,0.3311581710723827,-0.3402919429075597,1.7723989128038866,0.2704490812891858,2,2
2026-09-04 21:15:00,32631.8184,34343.8633,3538.94556,1224.63916,262.274353,0.2344807962224339,-0.907046309935843,1.616644693022915,0.8941828651074002,2,1
2026-09-04 21:30:00,32631.8184,34343.8633,3538.94556,1224.63916,262.274353,0.2344807962224339,-0.907046309935843,1.616644693022915,0.8941828651074002,2,1
2026-09-04 21:45:00,34843.2148,35313.55,2737.75854,1230.9176,265.7207,0.5882931329052433,-0.1905688507640731,1.654919159754359,0.237012878584123,2,2
2026-09-04 22:00:00,35308.9141,34706.0469,2712.61646,1249.36816,266.061035,0.3090202761407484,-0.0907104654845332,1.6457077962449331,0.2086459144739894,2,2
2026-09-04 22:15:00,35308.9141,34706.0469,2712.61646,1249.36816,266.061035,0.3090202761407484,-0.0907104654845332,1.6457077962449331,0.2086459144739894,2,2
2026-09-04 22:30:00,34000.1445,34856.1563,3037.063,1228.261,258.864655,0.4201946294125289,-0.4639872664637928,1.5713391977023234,0.4914199802841469,2,2
2026-09-04 22:45:00,34979.918,34674.3164,2486.433,1241.41577,263.307556,0.3172524382708437,-0.1769790708124766,1.6172537214257747,-0.079047409070884,2,2
2026-09-04 23:00:00,34979.918,34674.3164,2486.433,1241.41577,263.307556,0.3172524382708437,-0.1769790708124766,1.6172537214257747,-0.079047409070884,2,2
2026-09-04 23:15:00,34308.1328,34524.37,2697.50684,1238.0769,253.303329,0.2687660459780255,-0.3913636414324111,1.4938870402614972,0.1941441186588848,2,2
2026-09-04 23:30:00,33951.6367,34233.5469,2650.90747,1235.17126,262.534,0.1659340711459892,-0.5012018868297442,1.6121758800818444,0.13751762258878,2,2
2026-09-04 23:45:00,33951.6367,34233.5469,2650.90747,1235.17126,262.534,0.1659340711459892,-0.5012018868297442,1.6121758800818444,0.13751762258878,2,2
2026-09-05 00:00:00,31732.4082,31204.67,2790.93164,1287.55615,245.683929,-0.9408084025713216,-1.3947922764118246,1.3588649155816233,0.2726902699301152,2,2
2026-09-05 00:15:00,32896.4258,31476.0625,2677.90674,1300.3241,246.367981,-0.8827564119277571,-1.0489908283964864,1.3580200708239762,0.1523312607638454,2,2
2026-09-05 00:30:00,32896.4258,31476.0625,2677.90674,1300.3241,246.367981,-0.8827564119277571,-1.0489908283964864,1.3580200708239762,0.1523312607638454,2,2
2026-09-05 00:45:00,33610.47,32248.6035,2724.571,1281.84058,247.621368,-0.6016025177589502,-0.7565064915945118,1.3882851323847556,0.2133434909819152,2,2
2026-09-05 01:00:00,33475.1328,31795.78,2850.66016,1297.72913,243.367569,-0.7772217881969539,-0.849606458857164,1.32093193731499,0.322321813331079,2,2
2026-09-05 01:15:00,33475.1328,31795.78,2850.66016,1297.72913,243.367569,-0.7772217881969539,-0.849606458857164,1.32093193731499,0.322321813331079,2,2
2026-09-05 01:45:00,31230.2363,32558.7734,2676.01465,1244.04724,231.84169,-0.4238031852893521,-1.4289111787625917,1.2103569057746209,0.1663053076404363,2,1
2026-09-05 02:00:00,31230.2363,32558.7734,2676.01465,1244.04724,231.84169,-0.4238031852893521,-1.4289111787625917,1.2103569057746209,0.1663053076404363,2,1
2026-09-05 02:15:00,33414.65,32608.1855,2324.27979,1265.82922,250.553238,-0.4543924049003504,-0.7727766419380073,1.4380646800387935,-0.3059610346655296,2,0
2026-09-05 02:30:00,32822.12,32453.42,2667.496,1276.49011,252.554,-0.5258065584892897,-1.0013242082234046,1.4556513544602048,0.1462580631217485,2,2
2026-09-05 02:45:00,32822.12,32453.42,2667.496,1276.49011,252.554,-0.5258065584892897,-1.0013242082234046,1.4556513544602048,0.1462580631217485,2,2
2026-09-05 03:00:00,32592.23,32649.6445,2800.59033,1257.28247,248.545868,-0.423155297322708,-1.0191382297426277,1.418749642760372,0.2873021493122449,2,2
2026-09-05 03:15:00,32802.3125,33040.1836,3025.84326,1255.215,248.3144,-0.2948776777073959,-0.943365184355022,1.417334289062673,0.4770462156441279,2,2
2026-09-05 03:30:00,32802.3125,33040.1836,3025.84326,1255.215,248.3144,-0.2948776777073959,-0.943365184355022,1.417334289062673,0.4770462156441279,2,2
2026-09-05 03:45:00,32799.35,33081.1875,3077.77856,1255.771,248.777069,-0.28301155211956,-0.9460319478047122,1.422857677585899,0.5194801457833357,2,2
2026-09-05 04:00:00,32513.07,32632.2129,3055.6853,1255.07007,242.601425,-0.4239725923558528,-1.0386121877280563,1.3435777218580285,0.5015520884387487,2,2
2026-09-05 04:15:00,32513.07,32632.2129,3055.6853,1255.07007,242.601425,-0.4239725923558528,-1.0386121877280563,1.3435777218580285,0.5015520884387487,2,2
2026-09-05 04:30:00,31981.6387,31781.8555,3204.542,1265.34387,242.3832,-0.7134441435738548,-1.245336825170528,1.332884122712156,0.6204678242131108,2,2
2026-09-05 04:45:00,32389.8418,32436.7617,3310.98145,1256.29858,244.8677,-0.4883236112852704,-1.0830787188993642,1.3720579841491485,0.7075664017169282,2,2
2026-09-05 05:00:00,32389.8418,32436.7617,3310.98145,1256.29858,244.8677,-0.4883236112852704,-1.0830787188993642,1.3720579841491485,0.7075664017169282,2,2
2026-09-05 05:15:00,32883.5234,32534.416,3288.82959,1244.08411,247.2024,-0.4315842325108818,-0.88271253744365,1.4114347011798278,0.6921333591958425,2,2
2026-09-05 05:30:00,32259.58,32096.4121,3545.22754,1263.15967,237.965454,-0.6100385055445359,-1.1469136004676252,1.2766741641331607,0.8920515016608285,0,1
2026-09-05 05:45:00,32259.58,32096.4121,3545.22754,1263.15967,237.965454,-0.6100385055445359,-1.1469136004676252,1.2766741641331607,0.8920515016608285,0,1
2026-09-05 06:00:00,31897.1328,32231.2285,3509.5896,1264.31873,231.926926,-0.5700670358493172,-1.270137901620639,1.195599595332739,0.8637418231614931,0,1
2026-09-05 06:15:00,32207.332,32289.6563,3517.95068,1261.86987,232.39476,-0.5464921452076792,-1.1602715304989628,1.2037780588589504,0.87078918364838,0,1
2026-09-05 06:30:00,32207.332,32289.6563,3517.95068,1261.86987,232.39476,-0.5464921452076792,-1.1602715304989628,1.2037780588589504,0.87078918364838,0,1
2026-09-05 06:45:00,32316.9883,31778.2773,3806.514,1259.04846,238.5186,-0.7013101246651171,-1.1154904023057588,1.287127574464793,1.0973199414374817,0,2
2026-09-05 07:00:00,34004.61,34412.65,3641.03174,1222.119,245.451553,0.2670092873516798,-0.4437604050423254,1.4054886770811523,0.9748328498528306,2,1
2026-09-05 07:15:00,34004.61,34412.65,3641.03174,1222.119,245.451553,0.2670092873516798,-0.4437604050423254,1.4054886770811523,0.9748328498528306,2,1
2026-09-05 07:30:00,34054.31,33763.0234,3797.889,1230.448,250.644028,0.0010460018848529,-0.4526281254633184,1.4657508829546737,1.0958010733106,2,2
2026-09-05 07:45:00,33399.63,34256.2227,3516.951,1232.76526,254.51181,0.1806174389224315,-0.677261451097821,1.513155028569284,0.8753565813902364,2,1
2026-09-05 08:00:00,33399.63,34256.2227,3516.951,1232.76526,254.51181,0.1806174389224315,-0.677261451097821,1.513155028569284,0.8753565813902364,2,1
2026-09-05 08:15:00,33883.2344,34505.918,3424.541,1226.82,267.262146,0.2904610416982208,-0.4984957865269168,1.6769861031730209,0.8034001874032436,2,2
2026-09-05 08:30:00,33363.5469,34583.61,3346.13452,1219.61584,275.502655,0.3384130546668558,-0.6492411461756757,1.7833772471755076,0.7424381866849346,2,1
2026-09-05 08:45:00,33363.5469,34583.61,3346.13452,1219.61584,275.502655,0.3384130546668558,-0.6492411461756757,1.7833772471755076,0.7424381866849346,2,1
2026-09-05 09:00:00,31981.7422,34477.93,3121.48364,1211.1925,262.343323,0.3197045862130662,-1.0813312337620635,1.627333449947751,0.5635179797678214,2,1
2026-09-05 09:15:00,29998.5313,34497.875,3356.99268,1181.2627,242.102509,0.4038359962346603,-1.6452780175198207,1.393221421665341,0.7582050311656565,2,1
2026-09-05 09:30:00,29998.5313,34497.875,3356.99268,1181.2627,242.102509,0.4038359962346603,-1.6452780175198207,1.393221421665341,0.7582050311656565,2,1
2026-09-05 11:15:00,25615.043,31165.36,2519.11963,1236.44775,223.408752,-0.845847748526501,-3.251541830978526,1.102546925665755,-0.0340387245839588,0,0
2026-09-05 11:30:00,25615.043,31165.36,2519.11963,1236.44775,223.408752,-0.845847748526501,-3.251541830978526,1.102546925665755,-0.0340387245839588,0,0
2026-09-05 11:45:00,27243.5566,30857.0117,2551.42871,1260.04688,235.567749,-0.9917323142984888,-2.7883961429455697,1.247414799954041,0.0013652118714252,2,0
2026-09-05 12:00:00,26751.209,30356.4043,2866.05249,1263.83057,236.616837,-1.155773274853034,-2.961299687683934,1.2583592378050945,0.3421692915394644,0,1
2026-09-05 12:15:00,27324.5625,30020.2246,2851.3103,1291.87488,241.67511,-1.318978163594483,-2.8575278102836927,1.3032793644320964,0.3240450265622018,0,1
2026-09-05 12:30:00,27324.5625,30020.2246,2851.3103,1291.87488,241.67511,-1.318978163594483,-2.8575278102836927,1.3032793644320964,0.3240450265622018,0,1
2026-09-05 12:45:00,30558.6523,31530.18,2654.45654,1283.53723,272.772278,-0.8305743934750431,-1.7695288926228232,1.7039241646323118,0.1277346982792712,2,1
2026-09-05 13:00:00,30280.8672,30449.7383,2830.82813,1306.41052,259.4813,-1.2156971434613058,-1.929984716835946,1.5213567089356963,0.3035576030472682,2,1
2026-09-05 13:15:00,30280.8672,30449.7383,2830.82813,1306.41052,259.4813,-1.2156971434613058,-1.929984716835946,1.5213567089356963,0.3035576030472682,2,1
2026-09-05 13:30:00,29427.6816,28689.0332,2597.63623,1348.52454,255.578415,-1.8497750187682305,-2.337462758632595,1.4402810352777624,0.0349027437080075,0,0
2026-09-05 13:45:00,32355.6719,30025.6152,2583.82959,1336.93372,279.808655,-1.4112843183774533,-1.33845479343268,1.751873527871974,0.0203666700331031,2,0
2026-09-05 14:00:00,32355.6719,30025.6152,2583.82959,1336.93372,279.808655,-1.4112843183774533,-1.33845479343268,1.751873527871974,0.0203666700331031,2,0
2026-09-05 14:15:00,33301.89,29891.4922,2500.907,1355.67053,288.893127,-1.491978628561304,-1.0826391051189133,1.8490792006420589,-0.0953256247346039,2,0
2026-09-05 14:30:00,33301.89,29891.4922,2500.907,1355.67053,288.893127,-1.491978628561304,-1.0826391051189133,1.8490792006420589,-0.0953256247346039,2,0
2026-09-05 14:45:00,34515.4023,30820.93,2471.89478,1343.17444,303.442627,-1.1769413306216931,-0.6427771255162802,2.032120772276645,-0.1303048984353089,2,0
2026-09-05 15:00:00,31920.12,28060.97,2353.82031,1400.299,287.905182,-2.1513389960299696,-1.673554624180219,1.8053185543067345,-0.3084705009529858,2,0
2026-09-05 15:15:00,31920.12,28060.97,2353.82031,1400.299,287.905182,-2.1513389960299696,-1.673554624180219,1.8053185543067345,-0.3084705009529858,2,0
2026-09-05 15:30:00,33172.8633,28118.2578,2365.459,1389.88892,295.9158,-2.1120682108620947,-1.228890651954934,1.9095581400226016,-0.2892562893924783,2,0
2026-09-05 15:45:00,33821.9141,28517.291,2370.22021,1382.36389,301.797974,-1.973145608905799,-0.9915694890197456,1.9852352574474543,-0.2803653293623419,2,0
2026-09-05 16:00:00,33821.9141,28517.291,2370.22021,1382.36389,301.797974,-1.973145608905799,-0.9915694890197456,1.9852352574474543,-0.2803653293623419,2,0
2026-09-05 16:15:00,33650.32,28510.37,2495.22314,1380.72974,305.5278,-1.971894667510392,-1.0433703070942035,2.030717246527399,-0.1107623824580773,2,0
2026-09-05 16:30:00,33471.1445,27960.8633,2520.527,1389.95911,317.627838,-2.1608238470995804,-1.130562752334402,2.1668433082324032,-0.0798032833475518,2,0
2026-09-05 16:45:00,33471.1445,27960.8633,2520.527,1389.95911,317.627838,-2.1608238470995804,-1.130562752334402,2.1668433082324032,-0.0798032833475518,2,0
2026-09-05 17:00:00,33338.8828,28029.5859,2533.25171,1397.6615,311.513458,-2.155564616668902,-1.197584121406695,2.089741974178908,-0.0652362601276009,2,0
2026-09-05 19:30:00,32605.1953,31940.5352,2015.46155,1297.902,339.954742,-0.7322084086626494,-1.1379219687324331,2.4864254651501567,-0.744320114362786,2,0
2026-09-05 19:45:00,32605.1953,31940.5352,2015.46155,1297.902,339.954742,-0.7322084086626494,-1.1379219687324331,2.4864254651501567,-0.744320114362786,2,0
2026-09-05 20:15:00,34230.8672,32460.5723,2038.69226,1309.59412,346.1491,-0.5935138658409244,-0.6350684688049798,2.5488710009366566,-0.7155962737243676,2,0
2026-09-05 20:30:00,34230.8672,32460.5723,2038.69226,1309.59412,346.1491,-0.5935138658409244,-0.6350684688049798,2.5488710009366566,-0.7155962737243676,2,0
2026-09-05 20:45:00,35937.84,33260.12,2003.76672,1307.61951,342.940918,-0.3367575966331781,-0.0584360910067676,2.513854066349942,-0.7639017308216395,2,0
2026-09-05 21:00:00,35695.12,33645.2969,1918.4469,1290.93835,361.2455,-0.1780861789028218,-0.088942051714175,2.7306488541945737,-0.8784174490576057,2,0
2026-09-05 21:15:00,35695.12,33645.2969,1918.4469,1290.93835,361.2455,-0.1780861789028218,-0.088942051714175,2.7306488541945737,-0.8784174490576057,2,0
2026-09-05 21:30:00,34737.6172,33904.375,2504.981,1263.87952,341.756958,-0.0297687171444145,-0.3269776160942351,2.5295209915459416,-0.0613152165678403,2,2
2026-09-05 21:45:00,33962.1367,32070.7,2482.5083,1298.87537,319.8625,-0.6934197489659618,-0.6916534038027976,2.2551206918060167,-0.1022112381765827,2,0
2026-09-05 22:00:00,33962.1367,32070.7,2482.5083,1298.87537,319.8625,-0.6934197489659618,-0.6916534038027976,2.2551206918060167,-0.1022112381765827,2,0
2026-09-05 22:15:00,35094.36,33544.02,2539.59277,1282.324,302.74585,-0.1920469422639634,-0.2642547826380781,2.0661351565555823,-0.0211090564850824,2,2
2026-09-05 22:30:00,34350.207,32362.7188,2737.53467,1284.778,296.017639,-0.5718971373171389,-0.5198481811946498,1.9845849245537024,0.2251909207071215,2,2
2026-09-05 22:45:00,34350.207,32362.7188,2737.53467,1284.778,296.017639,-0.5718971373171389,-0.5198481811946498,1.9845849245537024,0.2251909207071215,2,2
2026-09-05 23:00:00,34674.6523,32956.3477,2674.63135,1288.64648,294.704681,-0.3927040370189838,-0.4236658088062318,1.966212981379641,0.1516429609298201,2,2
2026-09-05 23:15:00,35042.332,33020.1367,2706.622,1281.49255,289.068146,-0.3572715737772859,-0.2791049937906181,1.903696351764597,0.1929340449804249,2,2
2026-09-05 23:30:00,35042.332,33020.1367,2706.622,1281.49255,289.068146,-0.3572715737772859,-0.2791049937906181,1.903696351764597,0.1929340449804249,2,2
2026-09-05 23:45:00,34412.2734,32661.6543,2910.71582,1279.37891,278.29184,-0.4662261155239878,-0.4827420897082941,1.774621716612831,0.3768034847832274,2,2
2026-09-06 00:00:00,35095.9727,33059.63,2684.87427,1280.94214,272.325836,-0.3435687849209975,-0.2594788857745577,1.7002984246956814,0.1666152276770494,2,2
2026-09-06 00:15:00,35095.9727,33059.63,2684.87427,1280.94214,272.325836,-0.3435687849209975,-0.2594788857745577,1.7002984246956814,0.1666152276770494,2,2
2026-09-06 00:30:00,35519.82,33571.2031,2873.98218,1274.51123,270.95343,-0.1664560195283063,-0.0973132224219862,1.6880212905568257,0.346780358761628,2,2
2026-09-06 00:45:00,35815.56,33838.79,2665.013,1269.63953,267.036133,-0.0679812858144369,0.0225301690758289,1.6430460342060835,0.1451477833770377,2,2
2026-09-06 01:00:00,35815.56,33838.79,2665.013,1269.63953,267.036133,-0.0679812858144369,0.0225301690758289,1.6430460342060835,0.1451477833770377,2,2
2026-09-06 01:15:00,33522.2422,33934.2539,3066.557,1233.4447,254.8474,0.0575453262413923,-0.6386324639528146,1.516896833349118,0.5145699775597627,2,2
2026-09-06 01:30:00,33389.01,33276.39,2887.64966,1247.83362,249.894547,-0.2036450349948565,-0.7265958779567508,1.4431490053822116,0.3635907707562621,2,2
2026-09-06 01:45:00,33389.01,33276.39,2887.64966,1247.83362,249.894547,-0.2036450349948565,-0.7265958779567508,1.4431490053822116,0.3635907707562621,2,2
2026-09-06 02:00:00,33466.8828,33464.2539,3542.78735,1250.39783,251.713974,-0.1487622065249436,-0.7085620222668106,1.4644682271839249,0.8924749288404902,2,2
2026-09-06 02:15:00,33595.7734,32829.18,3610.33081,1249.92578,254.507309,-0.3506444027254304,-0.664361759949527,1.5003419408283112,0.9456677713578348,2,2
2026-09-06 02:30:00,33595.7734,32829.18,3610.33081,1249.92578,254.507309,-0.3506444027254304,-0.664361759949527,1.5003419408283112,0.9456677713578348,2,2
2026-09-06 02:45:00,33610.8867,33109.82,3745.55542,1251.08423,250.269226,-0.263863288766565,-0.6628694822889831,1.4455023484104914,1.0512682150360826,2,2
2026-09-06 03:00:00,34202.5039,32947.5859,3727.751,1250.82227,257.128723,-0.3149526496462402,-0.4654547809832286,1.5328376320923052,1.037420303330885,2,2
2026-09-06 03:15:00,34202.5039,32947.5859,3727.751,1250.82227,257.128723,-0.3149526496462402,-0.4654547809832286,1.5328376320923052,1.037420303330885,2,2
2026-09-06 03:30:00,34293.0547,33332.4922,3796.1687,1250.03137,260.2627,-0.1903809476689749,-0.43289228566535,1.572853441695249,1.0909048512845834,2,2
2026-09-06 03:45:00,33730.2773,33159.81,4066.428,1241.57434,261.364441,-0.2275199214586949,-0.5942898324195609,1.5928717004703783,1.301780469503626,0,2
2026-09-06 04:00:00,33730.2773,33159.81,4066.428,1241.57434,261.364441,-0.2275199214586949,-0.5942898324195609,1.5928717004703783,1.301780469503626,0,2
2026-09-06 04:15:00,33578.6953,33046.8555,3975.11255,1242.038,265.110229,-0.2645822132285544,-0.646036164401103,1.6392386677964652,1.2311880767520322,2,2
2026-09-06 04:30:00,33554.8164,33167.3867,3937.34717,1225.79858,267.044,-0.1911760878195676,-0.6045469024553716,1.675029377324998,1.204897760509258,2,2
2026-09-06 04:45:00,33554.8164,33167.3867,3937.34717,1225.79858,267.044,-0.1911760878195676,-0.6045469024553716,1.675029377324998,1.204897760509258,2,2
2026-09-06 05:00:00,33877.8125,32539.7012,4223.41943,1233.8313,266.316833,-0.4081460423673005,-0.521670873086371,1.660190527005844,1.4239124758809207,0,2
2026-09-06 05:15:00,32808.89,31614.0684,4251.1665,1267.325,258.7163,-0.7702235674851742,-0.9779134470043452,1.5406481089142656,1.4392015302983383,0,2
2026-09-06 05:30:00,32808.89,31614.0684,4251.1665,1267.325,258.7163,-0.7702235674851742,-0.9779134470043452,1.5406481089142656,1.4392015302983383,0,2
2026-09-06 05:45:00,33281.58,32589.4863,4297.8833,1240.61707,258.286,-0.4068024638955218,-0.7402889384696321,1.5549614748174758,1.4797752340874375,0,2
2026-09-06 06:00:00,33620.7031,32252.3613,4353.2334,1245.55627,255.615555,-0.5237448056993645,-0.6427949700743344,1.5176243776335616,1.5212451000941545,0,2
2026-09-06 06:15:00,33620.7031,32252.3613,4353.2334,1245.55627,255.615555,-0.5237448056993645,-0.6427949700743344,1.5176243776335616,1.5212451000941545,0,2
2026-09-06 06:30:00,33832.98,32331.7461,4502.8623,1252.0553,256.929535,-0.5124676113257483,-0.5920816599614315,1.5294101926846737,1.6342774321737876,0,2
2026-09-06 06:45:00,34205.7656,32449.3633,4042.319,1253.46118,254.354462,-0.4783362133533507,-0.472418702131293,1.4957714739995094,1.281045276324814,0,2
2026-09-06 07:00:00,34205.7656,32449.3633,4042.319,1253.46118,254.354462,-0.4783362133533507,-0.472418702131293,1.4957714739995094,1.281045276324814,0,2
2026-09-06 07:15:00,34860.31,33066.95,4359.737,1252.60535,255.996246,-0.2807796630202255,-0.2514364477516356,1.517208146826692,1.5249599263861016,0,2
2026-09-06 07:30:00,34226.52,32818.0859,4235.489,1248.18579,248.4264,-0.3504593883955807,-0.4494160117209224,1.424069282327386,1.4306025024341866,0,2
2026-09-06 07:45:00,34226.52,32818.0859,4235.489,1248.18579,248.4264,-0.3504593883955807,-0.4494160117209224,1.424069282327386,1.4306025024341866,0,2
2026-09-06 08:00:00,34266.6641,32612.502,4719.533,1247.17224,255.198257,-0.4134406466963237,-0.4329547028973397,1.511143968203579,1.799771398206736,0,2
2026-09-06 08:15:00,34425.3555,32694.3555,4601.188,1247.36353,252.98,-0.3879339798763568,-0.380657803358976,1.4828566485781431,1.7099204829654218,0,2
2026-09-06 08:30:00,34425.3555,32694.3555,4601.188,1247.36353,252.98,-0.3879339798763568,-0.380657803358976,1.4828566485781431,1.7099204829654218,0,2
2026-09-06 08:45:00,32106.3984,33028.2344,4363.09375,1227.87048,245.036118,-0.2401797214415918,-1.0906512348158706,1.395787418114447,1.5319377234617135,0,1
2026-09-06 10:00:00,32542.7246,31436.8477,4213.55,1260.10974,261.057556,-0.8105708962404279,-1.044079315667262,1.5754061786445288,1.411632192311031,0,2
2026-09-06 10:15:00,32700.8555,31586.666,4340.682,1249.3197,264.417755,-0.7409353628531394,-0.9590602782117458,1.625308291266844,1.5109749658544969,0,2
2026-09-06 10:30:00,32700.8555,31586.666,4340.682,1249.3197,264.417755,-0.7409353628531394,-0.9590602782117458,1.625308291266844,1.5109749658544969,0,2
2026-09-06 11:00:00,31802.4668,31310.13,3975.69849,1255.35291,252.060944,-0.8402470274493546,-1.2742638127050077,1.46518530804147,1.2292384983094944,0,2
2026-09-06 11:15:00,31802.4668,31310.13,3975.69849,1255.35291,252.060944,-0.8402470274493546,-1.2742638127050077,1.46518530804147,1.2292384983094944,0,2
2026-09-06 11:45:00,32303.54,31294.28,4014.23438,1268.79,260.3634,-0.8734215538619114,-1.1494382654330402,1.560297258691997,1.2566006972678756,0,2
2026-09-06 12:00:00,32303.54,31294.28,4014.23438,1268.79,260.3634,-0.8734215538619114,-1.1494382654330402,1.560297258691997,1.2566006972678756,0,2
2026-09-06 12:15:00,31722.6914,32149.957,4026.974,1242.47046,255.274521,-0.5494872557105603,-1.2616218609050442,1.5156006750155084,1.271181026761428,0,1
2026-09-06 16:15:00,34729.3047,32138.8066,4417.219,1282.85437,274.065765,-0.6382622269557158,-0.3877641337783586,1.720338825151032,1.563483943972872,0,2
2026-09-06 16:30:00,35013.1523,31954.3262,4755.724,1287.66638,269.384277,-0.7063335429278393,-0.3077642890842789,1.65905910715238,1.820034898158748,0,2
2026-09-06 16:45:00,35013.1523,31954.3262,4755.724,1287.66638,269.384277,-0.7063335429278393,-0.3077642890842789,1.65905910715238,1.820034898158748,0,2
2026-09-06 17:00:00,34543.88,31356.0234,4375.389,1296.93127,269.414276,-0.9131697995315556,-0.4924763444612944,1.6526898498835267,1.529018553092418,0,2
2026-09-06 17:15:00,34543.88,31356.0234,4375.389,1296.93127,269.414276,-0.9131697995315556,-0.4924763444612944,1.6526898498835267,1.529018553092418,0,2
2026-09-06 17:30:00,33147.07,31294.6074,4096.502,1285.15637,256.937164,-0.907665923553831,-0.9200799997334942,1.5049402225579929,1.3171219451235985,0,2
2026-09-06 17:45:00,32982.55,30884.1426,4151.292,1285.52563,250.420227,-1.0366333197281954,-0.9756451430315988,1.421539479804183,1.3592353624559603,0,2
2026-09-06 18:00:00,32982.55,30884.1426,4151.292,1285.52563,250.420227,-1.0366333197281954,-0.9756451430315988,1.421539479804183,1.3592353624559603,0,2
2026-09-06 18:15:00,33312.543,30550.125,4232.3,1302.47522,250.365646,-1.1762154041900967,-0.917845586345898,1.4080535761628237,1.4184361694552363,0,2
2026-09-06 18:30:00,33229.8438,30713.7676,3885.588,1305.47485,251.199265,-1.1315060142177034,-0.9543147873537255,1.4165107287131191,1.150359985674465,0,2
2026-09-06 18:45:00,33229.8438,30713.7676,3885.588,1305.47485,251.199265,-1.1315060142177034,-0.9543147873537255,1.4165107287131191,1.150359985674465,0,2
2026-09-06 19:00:00,34872.29,31830.0957,3611.89063,1292.57532,251.596741,-0.7556273375527764,-0.3697936674726886,1.4313275169196815,0.939079411616894,0,2
2026-09-06 19:15:00,34600.3477,31094.0469,3878.00684,1307.35986,249.783142,-1.0168570113589743,-0.5054858949737591,1.396858353551312,1.1441328927923924,0,2
2026-09-06 19:30:00,34600.3477,31094.0469,3878.00684,1307.35986,249.783142,-1.0168570113589743,-0.5054858949737591,1.396858353551312,1.1441328927923924,0,2
2026-09-06 19:45:00,34349.2969,30961.1367,4375.049,1304.88232,245.601151,-1.0531404124304335,-0.5813939963229822,1.3445800360943465,1.5273404440979,0,2
2026-09-06 20:00:00,33620.5039,30712.0371,4808.216,1292.81128,242.8945,-1.105557113307901,-0.7865085664424358,1.3185206742342666,1.8588679271157231,0,2
2026-09-06 20:15:00,33620.5039,30712.0371,4808.216,1292.81128,242.8945,-1.105557113307901,-0.7865085664424358,1.3185206742342666,1.8588679271157231,0,2
2026-09-06 20:30:00,34612.7734,31398.7441,4335.85742,1305.9447,242.617279,-0.9187240921394114,-0.4970382226692112,1.3048078957762146,1.4971753571053306,0,2
2026-09-06 20:45:00,34965.707,31657.5254,4314.26367,1291.32764,246.736511,-0.8070724179392053,-0.3348107953743651,1.369642859283719,1.4832573570510008,0,2
2026-09-06 21:00:00,34965.707,31657.5254,4314.26367,1291.32764,246.736511,-0.8070724179392053,-0.3348107953743651,1.369642859283719,1.4832573570510008,0,2
2026-09-06 21:15:00,34391.1523,30776.9316,4237.33,1302.24084,245.868378,-1.1050546191210502,-0.5594414351785961,1.3500703550317383,1.422338100152207,0,2
2026-09-06 21:30:00,32929.26,30688.082,4537.66064,1292.40662,240.69426,-1.1121777672778042,-1.01413525597297,1.2899979844181508,1.653606748804596,0,2
2026-09-06 21:45:00,32929.26,30688.082,4537.66064,1292.40662,240.69426,-1.1121777672778042,-1.01413525597297,1.2899979844181508,1.653606748804596,0,2
2026-09-06 22:00:00,34144.9766,30679.377,4740.098,1308.5332,245.4484,-1.1486171998571273,-0.6603521410999135,1.3398038476503542,1.8045062279145665,0,2
2026-09-06 22:15:00,34471.3477,30982.5313,3981.6958,1305.56543,248.771515,-1.0478963256852842,-0.5429130514947164,1.3851610400533765,1.224814948432304,0,2
2026-09-06 22:30:00,34471.3477,30982.5313,3981.6958,1305.56543,248.771515,-1.0478963256852842,-0.5429130514947164,1.3851610400533765,1.224814948432304,0,2
2026-09-06 22:45:00,34427.88,31977.2539,4308.93164,1274.80554,239.268448,-0.6720437355473652,-0.4635988989897571,1.2848305835385747,1.4821266298599731,0,2
2026-09-07 00:15:00,34167.8359,30962.9727,3396.0957,1294.34473,241.8219,-1.0305036366758913,-0.6095913087038164,1.3033039230965486,0.76831698382268,0,2
2026-09-07 00:30:00,31214.8555,30860.2559,3392.36572,1277.40466,217.062485,-1.0270806043729528,-1.5347977396482186,0.9812402295872418,0.7684940236702134,0,1
2026-09-07 00:45:00,31214.8555,30860.2559,3392.36572,1277.40466,217.062485,-1.0270806043729528,-1.5347977396482186,0.9812402295872418,0.7684940236702134,0,1
2026-09-07 01:00:00,33276.3047,30098.6426,3637.51855,1296.16418,240.199844,-1.303544097053242,-0.910695120809934,1.2805964861470718,0.9585345241130973,0,2
2026-09-07 01:45:00,33336.625,30110.17,3929.95581,1308.58508,237.382553,-1.325880258693226,-0.928408983152429,1.2337108318633492,1.184209012062618,0,2
2026-09-07 02:00:00,33890.4844,30711.4414,3760.964,1289.20374,240.3684,-1.0981953390367043,-0.6860178504091974,1.2881853034496926,1.0563494721586202,0,2
2026-09-07 02:15:00,33890.4844,30711.4414,3760.964,1289.20374,240.3684,-1.0981953390367043,-0.6860178504091974,1.2881853034496926,1.0563494721586202,0,2
2026-09-07 02:30:00,32568.1523,29676.9727,3921.719,1318.85608,230.470047,-1.4818760775097792,-1.2136035367416578,1.1328511190540695,1.175966681621176,0,2
2026-09-07 02:45:00,32568.1523,29676.9727,3921.719,1318.85608,230.470047,-1.4818760775097792,-1.2136035367416578,1.1328511190540695,1.175966681621176,0,2
2026-09-07 03:00:00,34934.0938,31258.2383,3434.81958,1299.3064,235.2373,-0.9487095493308556,-0.3697552543642193,1.2124025997381218,0.7981399667303621,0,2
2026-09-07 03:15:00,34284.9336,31017.77,3557.975,1294.95288,226.182831,-1.0146761836272222,-0.5725433882841291,1.093539755643116,0.896248191116826,0,2
2026-09-07 03:30:00,35980.98,31545.0938,3291.44116,1323.27917,222.911911,-0.9093411872045168,-0.09250671693576,1.0254533765829816,0.6794294871197967,0,2
2026-09-07 03:45:00,35980.98,31545.0938,3291.44116,1323.27917,222.911911,-0.9093411872045168,-0.09250671693576,1.0254533765829816,0.6794294871197967,0,2
2026-09-07 04:00:00,35612.77,31816.4766,3623.51318,1292.49158,216.725433,-0.7597201609678887,-0.1215603843902421,0.9639835578013678,0.9482187957206744,0,2
2026-09-07 04:15:00,37124.9063,32686.7148,3165.42065,1297.99023,212.142319,-0.4977397238205411,0.4096150471492517,0.8938371348843871,0.5827143358235488,2,2
2026-09-07 04:30:00,37124.9063,32686.7148,3165.42065,1297.99023,212.142319,-0.4977397238205411,0.4096150471492517,0.8938371348843871,0.5827143358235488,2,2
2026-09-07 04:45:00,36758.32,32533.418,3427.641,1293.564,208.1442,-0.5367065088127636,0.2888941777926022,0.83932171325452,0.7935093610129461,0,2
2026-09-07 05:00:00,36984.5859,32939.2539,3706.94482,1285.442,198.500244,-0.391306877770593,0.4002301212498023,0.7007338046140349,1.0148547645986288,0,2
2026-09-07 05:15:00,36984.5859,32939.2539,3706.94482,1285.442,198.500244,-0.391306877770593,0.4002301212498023,0.7007338046140349,1.0148547645986288,0,2
2026-09-07 05:30:00,36659.74,32193.6465,3665.90649,1296.95178,197.424652,-0.650758346596835,0.2409808860193639,0.6732720432594788,0.9806407517775106,0,2
2026-09-07 05:45:00,36659.74,32193.6465,3665.90649,1296.95178,197.424652,-0.650758346596835,0.2409808860193639,0.6732720432594788,0.9806407517775106,0,2
2026-09-07 06:00:00,33976.7266,31298.9668,4653.77637,1267.22546,192.500015,-0.8686710404153428,-0.590515035362264,0.622335419991869,1.746343348928748,0,2
2026-09-07 06:15:00,35317.43,31685.4863,3929.473,1288.44873,187.974152,-0.7922636269204356,-0.2083575474844698,0.5253543495558397,1.187475888829458,0,2
2026-09-07 06:30:00,35317.43,31685.4863,3929.473,1288.44873,187.974152,-0.7922636269204356,-0.2083575474844698,0.5253543495558397,1.187475888829458,0,2
2026-09-07 06:45:00,35863.09,31735.7969,3632.39673,1295.02539,186.341568,-0.7903295694448693,-0.0444958026276273,0.4894831176734939,0.9547253779864684,0,2
2026-09-07 07:00:00,35932.74,31220.0566,3578.88379,1302.10645,178.732,-0.9665066720433638,-0.0428481955707899,0.3178239231732693,0.9113901904812888,0,2
2026-09-07 07:15:00,36580.6758,31998.209,3299.53,1303.1543,174.999191,-0.7251750233600046,0.1908118445818115,0.2013511202935563,0.689666421547195,0,2
2026-09-07 07:30:00,36580.6758,31998.209,3299.53,1303.1543,174.999191,-0.7251750233600046,0.1908118445818115,0.2013511202935563,0.689666421547195,0,2
2026-09-07 07:45:00,36993.1875,31956.6777,3271.1062,1297.64148,178.20578,-0.726597237568714,0.3619918854820839,0.3102911896922548,0.6679248493186456,0,2
2026-09-07 08:00:00,36993.1875,31956.6777,3271.1062,1297.64148,178.20578,-0.726597237568714,0.3619918854820839,0.3102911896922548,0.6679248493186456,0,2
2026-09-07 08:15:00,35725.23,32085.1563,3516.5022,1283.48621,168.802277,-0.656451285174253,-0.0555122306046135,0.0288373609144862,0.8656673363298554,0,2
2026-09-07 08:30:00,36633.2,31326.4961,3548.675,1318.17712,170.951019,-0.9669477135393628,0.1594178459058051,0.0328680925597711,0.8846537418292093,0,1
2026-09-07 08:45:00,36633.2,31326.4961,3548.675,1318.17712,170.951019,-0.9669477135393628,0.1594178459058051,0.0328680925597711,0.8846537418292093,0,1
2026-09-07 09:00:00,36571.09,32200.9414,3575.99268,1296.626,174.462265,-0.6477795060273345,0.2093503469371186,0.1963317567761965,0.9101218283982684,0,2
2026-09-07 09:15:00,36060.1523,31854.8125,3787.47754,1290.12122,177.2207,-0.7427150444437293,0.0433341956556059,0.2944488105372727,1.076850611896662,0,2
2026-09-07 09:30:00,36060.1523,31854.8125,3787.47754,1290.12122,177.2207,-0.7427150444437293,0.0433341956556059,0.2944488105372727,1.076850611896662,0,2
2026-09-07 09:45:00,37070.28,32599.9473,3866.70923,1285.98157,183.132263,-0.4996881613434459,0.4301661150246647,0.4394442055833527,1.1392333573656095,0,2
2026-09-07 10:00:00,36683.5039,32362.3945,3530.34521,1282.82324,182.4168,-0.5678693834679548,0.2976305444421928,0.4290919157418104,0.8767079634006468,0,2
2026-09-07 10:15:00,36683.5039,32362.3945,3530.34521,1282.82324,182.4168,-0.5678693834679548,0.2976305444421928,0.4290919157418104,0.8767079634006468,0,2
2026-09-07 10:30:00,35859.37,32768.77,3796.13257,1269.13062,176.133987,-0.4106232824510548,0.0402561469593436,0.2987114675375354,1.0874068305097435,0,2
2026-09-07 10:45:00,35644.58,32127.6152,4060.634,1286.89929,177.7463,-0.6503085187371332,-0.0935172826618966,0.3151736655262415,1.2891561150782314,0,2
2026-09-07 11:00:00,35644.58,32127.6152,4060.634,1286.89929,177.7463,-0.6503085187371332,-0.0935172826618966,0.3151736655262415,1.2891561150782314,0,2
2026-09-07 11:15:00,37137.51,32761.62,3919.43262,1286.91968,178.010117,-0.4506342413226857,0.4519118189995644,0.3225843093294267,1.1799710587719192,0,2
2026-09-07 11:30:00,36588.6,31558.05,4923.75928,1300.02161,184.5704,-0.8564741990905895,0.2043277066448547,0.4512281692677267,1.9449258031190435,0,2
2026-09-07 12:45:00,36278.125,32451.8984,4781.211,1286.47388,179.160873,-0.5473985611285618,0.1356546927580363,0.3540096235786175,1.839547133951894,0,2
2026-09-07 13:00:00,36278.125,32451.8984,4781.211,1286.47388,179.160873,-0.5473985611285618,0.1356546927580363,0.3540096235786175,1.839547133951894,0,2
2026-09-07 13:15:00,36982.3828,32628.0215,4475.41943,1276.72681,182.361557,-0.4712262047436676,0.4290241143856403,0.4350203021049806,1.6089776467595485,0,2
2026-09-07 13:30:00,36982.3828,32628.0215,4475.41943,1276.72681,182.361557,-0.4712262047436676,0.4290241143856403,0.4350203021049806,1.6089776467595485,0,2
2026-09-07 13:45:00,37068.5,32824.4766,4096.2085,1268.33643,180.016357,-0.3913006773442771,0.4894991381471424,0.3975672155077781,1.3199196199214696,0,2
2026-09-07 14:00:00,35892.3438,31539.957,4744.37842,1290.26868,178.6257,-0.8416540205204533,-0.0183603252266339,0.3341425734569744,1.8109793160843144,0,2
2026-09-07 14:15:00,36558.21,32095.5215,4455.53955,1288.779,181.712814,-0.6643525648689751,0.231145614712133,0.4079101760810569,1.5916731967321385,0,2
2026-09-07 14:30:00,36558.21,32095.5215,4455.53955,1288.779,181.712814,-0.6643525648689751,0.231145614712133,0.4079101760810569,1.5916731967321385,0,2
2026-09-07 14:45:00,36740.2734,32493.9453,4283.53125,1278.93372,181.331635,-0.5182010930681016,0.331828086864112,0.4119313948333667,1.4619338011119278,0,2
2026-09-07 15:00:00,36740.2734,32493.9453,4283.53125,1278.93372,181.331635,-0.5182010930681016,0.331828086864112,0.4119313948333667,1.4619338011119278,0,2
2026-09-07 15:15:00,37045.58,32473.5059,4163.74,1286.07813,175.749634,-0.5397546156511392,0.4206794593587805,0.2570854342983079,1.3687093842581743,0,2
2026-09-07 15:30:00,36556.5273,32161.4941,4191.3,1298.89526,171.633331,-0.6649550944336754,0.1963026161371913,0.096518714359952,1.3875940087912852,0,2
2026-09-07 15:45:00,36556.5273,32161.4941,4191.3,1298.89526,171.633331,-0.6649550944336754,0.1963026161371913,0.096518714359952,1.3875940087912852,0,2
2026-09-07 16:00:00,36888.13,32305.4727,4181.16553,1303.00232,172.672073,-0.6283769583205825,0.3049145474350256,0.1239491131343427,1.3790695072507884,0,2
2026-09-07 16:15:00,37217.02,32733.6973,3774.17773,1291.56873,171.8501,-0.4693094048513109,0.4656020354329558,0.1187816951839198,1.066222541758577,0,2
2026-09-07 16:30:00,37217.02,32733.6973,3774.17773,1291.56873,171.8501,-0.4693094048513109,0.4656020354329558,0.1187816951839198,1.066222541758577,0,2
2026-09-07 16:45:00,37014.73,32902.64,3776.6958,1283.50879,173.810989,-0.398792515194458,0.4179719687836635,0.2001942158819318,1.0696512332675678,0,2
2026-09-07 17:00:00,37331.168,32727.2578,3807.67139,1290.53564,171.448685,-0.469153524751904,0.5114811010090891,0.1070785781977706,1.0925020320343293,0,2
2026-09-07 17:15:00,37331.168,32727.2578,3807.67139,1290.53564,171.448685,-0.469153524751904,0.5114811010090891,0.1070785781977706,1.0925020320343293,0,2
2026-09-07 17:30:00,37452.3672,32686.8184,3762.87036,1303.93262,176.947983,-0.5102856550557243,0.5108942596091465,0.261743770837224,1.0551557850187148,0,2
2026-09-07 17:45:00,37572.29,32410.791,3557.13062,1309.00562,175.526138,-0.6079304908641329,0.5381606739959421,0.2073161757976596,0.8930010314991187,0,2
2026-09-07 18:00:00,37572.29,32410.791,3557.13062,1309.00562,175.526138,-0.6079304908641329,0.5381606739959421,0.2073161757976596,0.8930010314991187,0,2
2026-09-07 18:15:00,37807.13,32959.875,3547.01221,1292.4491,176.924728,-0.3996676362282577,0.6818552497354166,0.2815572515092077,0.8880737433808781,1,2
2026-09-07 18:30:00,37656.1523,32307.3086,3711.349,1315.00427,179.051254,-0.6531113146394444,0.5488895049316738,0.3052910533757411,1.0129052060916064,0,2
2026-09-07 18:45:00,37656.1523,32307.3086,3711.349,1315.00427,179.051254,-0.6531113146394444,0.5488895049316738,0.3052910533757411,1.0129052060916064,0,2
2026-09-07 19:00:00,37590.3438,32996.66,3424.39429,1299.80225,177.990646,-0.4036445144107675,0.5762004214482159,0.300381121547708,0.7897787782846747,1,2
2026-09-07 19:15:00,37820.5547,32703.36,3573.79443,1296.5094,179.775253,-0.4893522880516444,0.6730067408338796,0.3546508743203448,0.9084137774261264,1,2
2026-09-07 19:30:00,37820.5547,32703.36,3573.79443,1296.5094,179.775253,-0.4893522880516444,0.6730067408338796,0.3546508743203448,0.9084137774261264,1,2
2026-09-07 19:45:00,37532.94,32618.4336,3399.43066,1291.87622,175.291519,-0.5063351107703251,0.581861913462593,0.2320382013737484,0.7714251185996049,0,2
2026-09-07 20:00:00,37193.3359,31913.1582,3417.68677,1298.56042,173.298889,-0.7421790180593513,0.4330489142189717,0.1540098025111034,0.7846854890191309,0,2
2026-09-07 20:15:00,37193.3359,31913.1582,3417.68677,1298.56042,173.298889,-0.7421790180593513,0.4330489142189717,0.1540098025111034,0.7846854890191309,0,2
2026-09-07 20:30:00,36942.4922,31949.6738,3758.68286,1302.13086,171.251816,-0.7382425046066861,0.3279869678301126,0.0766523657313524,1.0522172173839757,0,2
2026-09-07 20:45:00,36087.4141,31146.31,3932.02271,1306.25024,171.233688,-0.9982187371661616,-0.0006961887327323,0.0675600270126765,1.1862329504116251,0,2
2026-09-07 21:00:00,36087.4141,31146.31,3932.02271,1306.25024,171.233688,-0.9982187371661616,-0.0006961887327323,0.0675600270126765,1.1862329504116251,0,2
2026-09-07 21:15:00,37131.8242,32588.4785,3522.61353,1297.04089,174.298737,-0.5267078584538233,0.4154049706117302,0.1901790538027883,0.8679936815344629,0,2
2026-09-07 21:30:00,36598.3047,31832.35,3827.70117,1306.9115,170.59758,-0.785071428875225,0.1846138329104416,0.0437801249222215,1.1051159948943812,0,2
2026-09-07 21:45:00,36598.3047,31832.35,3827.70117,1306.9115,170.59758,-0.785071428875225,0.1846138329104416,0.0437801249222215,1.1051159948943812,0,2
2026-09-07 22:00:00,36395.06,32749.2031,3800.5603,1285.31909,169.716614,-0.451163558851718,0.1826387558253385,0.0574071236461294,1.0879132625190968,0,2
2026-09-07 22:15:00,36055.15,32332.332,3792.07739,1288.815,168.596725,-0.5899868710689357,0.0458857741822291,0.0103212888483836,1.0806714596887623,0,2
2026-09-07 22:30:00,36055.15,32332.332,3792.07739,1288.815,168.596725,-0.5899868710689357,0.0458857741822291,0.0103212888483836,1.0806714596887623,0,2
2026-09-07 22:45:00,35888.207,31420.9668,4068.93164,1303.58069,168.963577,-0.906817998845916,-0.062736513506149,-0.0076435942257582,1.2925540836394578,0,2
2026-09-07 23:00:00,35930.6445,33080.9,3708.68774,1279.35437,167.436218,-0.3334331530069357,0.0320523331768196,-0.011466670541611,1.017327516512183,0,2
2026-09-07 23:15:00,35930.6445,33080.9,3708.68774,1279.35437,167.436218,-0.3334331530069357,0.0320523331768196,-0.011466670541611,1.017327516512183,0,2
2026-09-07 23:30:00,36696.3438,33085.8242,3506.332,1279.21509,168.56662,-0.331572515148277,0.3146151182071212,0.0293695539664201,0.8584271302246523,0,2
2026-09-07 23:45:00,36293.9727,33080.625,3461.6853,1277.41223,169.691132,-0.3293810451174899,0.1720856201835249,0.0727955325115877,0.8234696328413817,0,2
2026-09-08 00:00:00,36293.9727,33080.625,3461.6853,1277.41223,169.691132,-0.3293810451174899,0.1720856201835249,0.0727955325115877,0.8234696328413817,0,2
2026-09-08 00:15:00,36146.9453,32824.2969,3505.26733,1291.6554,170.949631,-0.4408704848354721,0.0699898378506976,0.0875385391590675,0.8552947183562417,0,2
2026-09-08 00:30:00,35769.8047,33102.47,3509.37964,1268.49731,166.911652,-0.3034210705607858,0.0096488560712688,-0.0074068668217192,0.862806671374209,0,2
2026-09-08 00:45:00,35769.8047,33102.47,3509.37964,1268.49731,166.911652,-0.3034210705607858,0.0096488560712688,-0.0074068668217192,0.862806671374209,0,2
2026-09-08 01:00:00,36055.2031,33195.06,3181.34155,1270.39343,167.0089,-0.2779978062941534,0.1078614182438106,-0.007912136978126,0.6007965276293311,0,2
2026-09-08 01:15:00,35974.9453,32629.041,3197.22461,1279.5603,166.434753,-0.4769079567456192,0.047574805738399,-0.0483016368706245,0.6118921091481659,0,2
2026-09-08 01:30:00,35974.9453,32629.041,3197.22461,1279.5603,166.434753,-0.4769079567456192,0.047574805738399,-0.0483016368706245,0.6118921091481659,0,2
2026-09-08 01:45:00,36383.03,32592.1641,3155.27051,1290.76257,166.241669,-0.5122625365279699,0.1598147927694736,-0.0795346934344072,0.575859647275258,0,2
2026-09-08 02:00:00,36078.6367,32951.18,2927.1355,1269.26563,162.204071,-0.3531163197379408,0.1202803805055999,-0.18340948003085,0.3925401304967038,0,2
2026-09-08 02:15:00,36078.6367,32951.18,2927.1355,1269.26563,162.204071,-0.3531163197379408,0.1202803805055999,-0.18340948003085,0.3925401304967038,0,2
2026-09-08 02:30:00,36654.9,33143.6328,2792.788,1288.64355,161.957016,-0.3333085573901707,0.2673289789680622,-0.2361893177960373,0.2740968845950658,0,2
2026-09-08 02:45:00,37019.7227,33238.3555,2729.20581,1281.80566,166.188629,-0.2886007536745103,0.4256103443129185,-0.0621443980604226,0.2179269851768678,0,2
2026-09-08 03:00:00,37019.7227,33238.3555,2729.20581,1281.80566,166.188629,-0.2886007536745103,0.4256103443129185,-0.0621443980604226,0.2179269851768678,0,2
2026-09-08 03:15:00,36790.0664,32988.8633,2882.35767,1279.21094,165.399445,-0.3623336479377108,0.3493225228872098,-0.085607627386038,0.352941887227286,0,2
2026-09-08 03:30:00,37006.23,33194.73,2932.63428,1285.576,162.6349,-0.3105308109394482,0.4077975305317731,-0.2034009202867799,0.3939556912559081,0,2
2026-09-08 03:45:00,37006.23,33194.73,2932.63428,1285.576,162.6349,-0.3105308109394482,0.4077975305317731,-0.2034009202867799,0.3939556912559081,0,2
2026-09-08 04:00:00,36720.67,32507.1484,3186.00952,1288.02063,160.523514,-0.533261508975272,0.2937590537092892,-0.2900752279959931,0.6012447849273151,0,2
2026-09-08 04:15:00,36941.5469,32710.998,3359.963,1289.46057,168.643814,-0.4720095038871515,0.3706356461164236,0.0106514860724361,0.740471532263854,0,2
2026-09-08 04:30:00,36941.5469,32710.998,3359.963,1289.46057,168.643814,-0.4720095038871515,0.3706356461164236,0.0106514860724361,0.740471532263854,0,2
2026-09-08 04:45:00,37198.69,33261.55,3509.43726,1281.43286,168.546371,-0.2804177417647059,0.4932718000462551,0.0240106548952301,0.8604698865590815,0,2
2026-09-08 05:00:00,37010.27,33118.41,3943.013,1282.12341,167.8651,-0.3274218673615989,0.4210257495258814,-0.0018585869850776,1.1991081300976498,0,2
2026-09-08 05:15:00,37010.27,33118.41,3943.013,1282.12341,167.8651,-0.3274218673615989,0.4210257495258814,-0.0018585869850776,1.1991081300976498,0,2
2026-09-08 05:30:00,35878.4141,32716.2617,4279.47559,1262.96326,166.767166,-0.4141415360983999,0.0679447828199692,-0.0009128358410449,1.4616815757070345,0,2
2026-09-08 05:45:00,35938.64,32303.7539,4397.03857,1275.17871,166.315247,-0.5701793633505878,0.0489851905148574,-0.0432761231073594,1.5494401851608686,0,2
2026-09-08 06:00:00,35938.64,32303.7539,4397.03857,1275.17871,166.315247,-0.5701793633505878,0.0489851905148574,-0.0432761231073594,1.5494401851608686,0,2
2026-09-08 06:15:00,35672.3438,32883.6836,4584.646,1248.27686,167.109314,-0.3298293841555189,0.0417543354676115,0.0420826777246272,1.6971848926563966,0,2
2026-09-08 06:30:00,35672.3438,32883.6836,4584.646,1248.27686,167.109314,-0.3298293841555189,0.0417543354676115,0.0420826777246272,1.6971848926563966,0,2
2026-09-08 06:45:00,34493.01,31983.9941,5158.17529,1251.76733,163.992981,-0.6213466095873619,-0.3715562709806097,-0.0780840047964174,2.129965591613924,0,2
2026-09-08 07:00:00,34795.28,31604.3516,5158.455,1274.59558,168.610779,-0.7885562348798255,-0.3405121214966205,0.0405672380252956,2.1261727114194207,0,2
2026-09-08 07:15:00,35072.8945,31414.123,4860.67529,1286.43982,166.677933,-0.8729856321467789,-0.2840452156214972,-0.0541731381290006,1.8996659472751551,0,2
2026-09-08 07:30:00,35072.8945,31414.123,4860.67529,1286.43982,166.677933,-0.8729856321467789,-0.2840452156214972,-0.0541731381290006,1.8996659472751551,0,2
2026-09-08 07:45:00,34799.9648,31956.15,5131.54541,1261.87537,166.1212,-0.6514167972968655,-0.300020372815682,-0.0219412263036895,2.108175492955798,0,2
2026-09-08 08:00:00,35148.8438,31984.6035,4988.95264,1265.3468,162.682785,-0.6497967804778296,-0.1938920707169477,-0.1566328381677076,2.000212286498068,0,2
2026-09-08 08:15:00,35148.8438,31984.6035,4988.95264,1265.3468,162.682785,-0.6497967804778296,-0.1938920707169477,-0.1566328381677076,2.000212286498068,0,2
2026-09-08 08:30:00,33595.0078,30978.5371,5050.242,1259.03552,158.032227,-0.9516587399679084,-0.6923192364682964,-0.3208311500436404,2.0474990693747803,0,1
2026-09-08 08:45:00,33670.23,30543.7363,5240.785,1269.86487,160.530121,-1.1100164467463831,-0.7002899420108557,-0.2486750167112741,2.188831852957369,0,1
2026-09-08 09:00:00,33670.23,30543.7363,5240.785,1269.86487,160.530121,-1.1100164467463831,-0.7002899420108557,-0.2486750167112741,2.188831852957369,0,1
2026-09-08 09:15:00,33213.41,30441.7324,5549.63232,1273.77551,158.2138,-1.1499827166561454,-0.8635811524657554,-0.3475566876339017,2.419336466765864,0,1
2026-09-08 09:30:00,33213.41,30441.7324,5549.63232,1273.77551,158.2138,-1.1499827166561454,-0.8635811524657554,-0.3475566876339017,2.419336466765864,0,1
2026-09-08 09:45:00,33128.96,30058.6348,5164.405,1287.35291,157.862259,-1.2975960108845457,-0.932737436357876,-0.3927580071223452,2.128407222126909,0,1
2026-09-08 10:00:00,32560.5176,30039.502,5201.707,1277.20728,157.026337,-1.282368863423346,-1.0900032913925812,-0.4022764556539971,2.158208896551241,0,1
2026-09-08 10:15:00,32560.5176,30039.502,5201.707,1277.20728,157.026337,-1.282368863423346,-1.0900032913925812,-0.4022764556539971,2.158208896551241,0,1
2026-09-08 10:30:00,33013.168,30712.6211,4951.963,1259.837,155.7247,-1.0363596802751107,-0.887588716310041,-0.4134684596568008,1.973286592983808,0,1
2026-09-08 10:45:00,33083.2539,30116.49,5036.72656,1286.6106,158.269455,-1.2780506571002688,-0.9456126846041506,-0.3749701428166169,2.0324744284051084,0,1
2026-09-08 11:00:00,33083.2539,30116.49,5036.72656,1286.6106,158.269455,-1.2780506571002688,-0.9456126846041506,-0.3749701428166169,2.0324744284051084,0,1
2026-09-08 11:15:00,32230.0078,31250.2617,4930.26172,1259.17236,159.891174,-0.8670005695599701,-1.1446103043435756,-0.2491201416470856,1.9570288076027031,0,1
2026-09-08 12:15:00,31079.3457,29694.1934,4796.18,1270.81824,159.716782,-1.3763975502651649,-1.5595704813348883,-0.2822232749415571,1.8536431349968845,0,1
2026-09-08 12:30:00,31079.3457,29694.1934,4796.18,1270.81824,159.716782,-1.3763975502651649,-1.5595704813348883,-0.2822232749415571,1.8536431349968845,0,1
2026-09-08 12:45:00,30691.0742,29145.7129,4687.814,1298.61047,159.10524,-1.6045472184531338,-1.7714127040149177,-0.3697831587153164,1.7666169413898485,0,1
2026-09-08 13:00:00,31238.3867,29949.38,4594.76953,1286.21826,153.674484,-1.3292022068199163,-1.553668652772412,-0.5578020800587259,1.6981507364866684,0,1
2026-09-08 13:15:00,31238.3867,29949.38,4594.76953,1286.21826,153.674484,-1.3292022068199163,-1.553668652772412,-0.5578020800587259,1.6981507364866684,0,1
2026-09-08 13:30:00,32269.418,29540.65,4687.46973,1319.60547,161.234192,-1.5257468878378388,-1.3145076152163264,-0.3345796070870068,1.762638855246879,0,1
2026-09-08 13:45:00,33571.43,30623.4375,4269.34473,1294.95422,159.564026,-1.1376526731928347,-0.809279449034071,-0.3433399873139606,1.4481962385955376,0,1
2026-09-08 14:00:00,33571.43,30623.4375,4269.34473,1294.95422,159.564026,-1.1376526731928347,-0.809279449034071,-0.3433399873139606,1.4481962385955376,0,1
2026-09-08 14:15:00,33023.14,29789.4219,5291.87256,1297.6499,159.383072,-1.4027587375173576,-0.9989769207536974,-0.3566426587563007,2.2222927926219307,0,1
2026-09-08 14:30:00,34469.26,30459.1621,4801.30664,1300.34631,159.442551,-1.2000927288740222,-0.5277046349217229,-0.3605215576731227,1.8523086266690885,0,2
2026-09-08 14:45:00,34469.26,30459.1621,4801.30664,1300.34631,159.442551,-1.2000927288740222,-0.5277046349217229,-0.3605215576731227,1.8523086266690885,0,2
2026-09-08 15:00:00,33323.85,30178.5527,5271.72266,1273.99072,154.703766,-1.232385710974958,-0.8276528564571014,-0.4873370764675974,2.2113210429279624,0,1
2026-09-08 17:15:00,32500.2246,28236.2871,4848.96143,1325.52783,156.051,-1.9420914941113088,-1.2562286068362989,-0.5549618530440963,1.883914695033404,0,1
2026-09-08 18:15:00,32528.8047,27590.7188,4520.92,1365.37708,157.622925,-2.2241670900210364,-1.367344440768656,-0.5860842878413232,1.627890103460769,0,1
2026-09-08 18:30:00,32528.8047,27590.7188,4520.92,1365.37708,157.622925,-2.2241670900210364,-1.367344440768656,-0.5860842878413232,1.627890103460769,0,1
2026-09-08 18:45:00,32425.67,27738.2051,4670.56,1358.54578,158.105637,-2.1644801640101807,-1.380717084983217,-0.5502076271121742,1.7429083832463266,0,1
2026-09-08 19:00:00,32334.5918,27887.9355,4692.94971,1357.91956,162.361908,-2.116940382827368,-1.4088725863451066,-0.3785780700084883,1.7600133820265365,0,1
2026-09-08 19:15:00,32334.5918,27887.9355,4692.94971,1357.91956,162.361908,-2.116940382827368,-1.4088725863451066,-0.3785780700084883,1.7600133820265365,0,1
2026-09-08 19:30:00,33971.7031,29329.6816,4735.4043,1335.91174,162.135422,-1.625123401433795,-0.8010258224698442,-0.3367520396744392,1.7961066740779814,0,1
2026-09-08 19:45:00,34924.0,30527.9746,4644.84668,1310.72571,163.115417,-1.2003556745046216,-0.4080078179662261,-0.2414569371122394,1.731856195001682,0,2
2026-09-08 20:00:00,34924.0,30527.9746,4644.84668,1310.72571,163.115417,-1.2003556745046216,-0.4080078179662261,-0.2414569371122394,1.731856195001682,0,2
2026-09-08 20:15:00,34369.52,29900.6816,4965.78271,1327.87134,164.490234,-1.4311993881310854,-0.644647188839097,-0.2273155943460401,1.9717361825619129,0,2
2026-09-08 20:30:00,37940.24,32971.6836,4825.83154,1282.56909,172.592285,-0.3749244609790447,0.7650922480296405,0.161773537856613,1.8740028112261973,1,2
2026-09-08 20:45:00,37940.24,32971.6836,4825.83154,1282.56909,172.592285,-0.3749244609790447,0.7650922480296405,0.161773537856613,1.8740028112261973,1,2
2026-09-08 21:00:00,36098.4531,33242.2422,4748.143,1251.97913,167.856476,-0.2234881841174822,0.1859375991504545,0.0607869245564172,1.8206000813058596,0,2
2026-09-08 21:15:00,35033.66,32777.6328,5285.149,1241.09644,164.11882,-0.3481988735049885,-0.1579415822270903,-0.0504628152833694,2.227146085608391,0,2
2026-09-08 21:30:00,35033.66,32777.6328,5285.149,1241.09644,164.11882,-0.3481988735049885,-0.1579415822270903,-0.0504628152833694,2.227146085608391,0,2
2026-09-08 21:45:00,37118.1,34412.3633,4552.032,1229.82153,173.535522,0.2472748465421219,0.6390600599807493,0.2900906372916513,1.6756568758751302,1,2
2026-09-08 22:00:00,36520.457,33421.7461,5320.17,1249.58887,174.271759,-0.1607226632569959,0.3500147093346982,0.2773895524863487,2.251912367030867,0,2
2026-09-08 22:15:00,36520.457,33421.7461,5320.17,1249.58887,174.271759,-0.1607226632569959,0.3500147093346982,0.2773895524863487,2.251912367030867,0,2
2026-09-08 22:30:00,37415.38,33470.8477,5046.02734,1278.32837,180.874741,-0.2069122663174029,0.5843154202685116,0.4032620779064328,2.040935228330931,1,2
2026-09-08 22:45:00,38194.5859,33830.8633,4581.94629,1277.8562,186.906784,-0.0894229793615533,0.8759237479274975,0.5175392128443485,1.6898844527250338,1,2
2026-09-08 23:00:00,38194.5859,33830.8633,4581.94629,1277.8562,186.906784,-0.0894229793615533,0.8759237479274975,0.5175392128443485,1.6898844527250338,1,2
2026-09-08 23:15:00,39204.0469,34792.9766,4300.13672,1276.24573,185.076355,0.2734963345381461,1.2581478036037352,0.4865206872802607,1.475134563002014,1,2
2026-09-08 23:30:00,38735.94,34897.36,4572.39551,1255.92834,182.389023,0.3650972850429226,1.1528491088975212,0.4588997952269382,1.6865124069348965,1,2
2026-09-08 23:45:00,38735.94,34897.36,4572.39551,1255.92834,182.389023,0.3650972850429226,1.1528491088975212,0.4588997952269382,1.6865124069348965,1,2
2026-09-09 00:00:00,38088.6367,34433.02,4813.131,1263.87354,179.34877,0.1685239277371218,0.8841966773644769,0.3889134858731083,1.8676953933138496,1,2
2026-09-09 00:15:00,38679.2227,34603.24,4589.15625,1258.25842,179.7221,0.2472879045621723,1.1236991364649191,0.403780176463651,1.6988431032209397,1,2
2026-09-09 00:30:00,38679.2227,34603.24,4589.15625,1258.25842,179.7221,0.2472879045621723,1.1236991364649191,0.403780176463651,1.6988431032209397,1,2
2026-09-09 00:45:00,37147.1367,34468.7227,5071.736,1248.12024,169.507065,0.2220715075386229,0.5875136771958361,0.1258315546000395,2.065597528578076,1,2
2026-09-09 01:00:00,36609.3125,34025.8555,5468.105,1246.02234,166.325943,0.0602435223041412,0.3950405682702064,0.0189137065225583,2.363261736039337,0,2
2026-09-09 01:15:00,36609.3125,34025.8555,5468.105,1246.02234,166.325943,0.0602435223041412,0.3950405682702064,0.0189137065225583,2.363261736039337,0,2
2026-09-09 01:30:00,36506.9336,33828.88,4727.703,1256.77869,163.112442,-0.0400483400283505,0.3206151831544543,-0.1216707892951064,1.804264603028206,0,2
2026-09-09 01:45:00,35551.3359,33303.0938,4952.419,1251.25928,159.876022,-0.2024545560869778,-0.0123708571757033,-0.2318762152336942,1.975140468839074,0,2
2026-09-09 02:00:00,35551.3359,33303.0938,4952.419,1251.25928,159.876022,-0.2024545560869778,-0.0123708571757033,-0.2318762152336942,1.975140468839074,0,2
2026-09-09 02:15:00,35767.4844,32430.4941,4928.90527,1275.538,160.467087,-0.5310184224530414,-0.0146801540205218,-0.2639254895602824,1.9531228628646229,0,2
2026-09-09 06:00:00,35831.1953,33387.02,5599.124,1242.7572,148.4398,-0.1571375879922035,0.1186256266117729,-0.6674696960892671,2.461678892745761,0,2
2026-09-09 06:15:00,35831.1953,33387.02,5599.124,1242.7572,148.4398,-0.1571375879922035,0.1186256266117729,-0.6674696960892671,2.461678892745761,0,2
2026-09-09 06:30:00,35791.0977,33146.33,5866.0293,1243.13989,143.260559,-0.2351882987511477,0.102592408207503,-0.8842448983880979,2.6603561611601703,0,2
2026-09-09 06:45:00,36001.35,33166.1328,6002.3335,1245.8125,144.97081,-0.2345917037551892,0.1709726462364041,-0.818948656657097,2.761103407725185,0,2
2026-09-09 07:00:00,36001.35,33166.1328,6002.3335,1245.8125,144.97081,-0.2345917037551892,0.1709726462364041,-0.818948656657097,2.761103407725185,0,2
2026-09-09 07:15:00,37802.77,33711.0352,5239.711,1266.9613,148.027481,-0.1047478827419094,0.7671665584889077,-0.743218016912996,2.188534299764667,1,2
2026-09-09 07:30:00,37188.7148,33538.6758,5678.693,1262.14319,147.308716,-0.1501834745039255,0.5552119736025573,-0.7613451831353996,2.517637068189156,0,2
2026-09-09 07:45:00,37188.7148,33538.6758,5678.693,1262.14319,147.308716,-0.1501834745039255,0.5552119736025573,-0.7613451831353996,2.517637068189156,0,2
2026-09-09 08:00:00,37442.2734,33507.33,6000.933,1245.2085,142.568176,-0.1235433395466903,0.7071890549351577,-0.9186300323651118,2.760168980441607,0,2
2026-09-09 08:15:00,37718.918,33611.5039,5945.428,1246.808,146.8558,-0.0930424927519326,0.804720510060793,-0.7427696992493706,2.718699166328218,1,2
2026-09-09 08:30:00,37718.918,33611.5039,5945.428,1246.808,146.8558,-0.0930424927519326,0.804720510060793,-0.7427696992493706,2.718699166328218,1,2
2026-09-09 08:45:00,38000.4648,33793.44,5973.71533,1234.958,144.914261,0.0011017185766591,0.9501182409843772,-0.7946741698662503,2.7417483650957157,1,2
2026-09-09 09:00:00,37227.7461,33273.6328,6750.62354,1241.3175,145.542252,-0.1905028927692936,0.6406546969539825,-0.7840348065706169,3.3144543936210167,0,2
2026-09-09 09:15:00,37227.7461,33273.6328,6750.62354,1241.3175,145.542252,-0.1905028927692936,0.6406546969539825,-0.7840348065706169,3.3144543936210167,0,2
2026-09-09 09:30:00,37430.15,33152.793,6987.16846,1245.29138,148.0833,-0.2377370361235277,0.7023953668986848,-0.6882825663689403,3.4874844580637023,0,2
2026-09-09 09:45:00,37531.33,33154.5234,6952.742,1234.81506,148.4079,-0.2146963818630177,0.7757942801789048,-0.6496292086876204,3.4640227253105964,0,2
2026-09-09 10:00:00,37531.33,33154.5234,6952.742,1234.81506,148.4079,-0.2146963818630177,0.7757942801789048,-0.6496292086876204,3.4640227253105964,0,2
2026-09-09 10:15:00,36767.1758,32774.95,7437.18945,1239.434,152.538437,-0.3455097143919999,0.4759754996859116,-0.4928671904920836,3.817833068624601,0,2
2026-09-09 11:15:00,36785.81,33489.2344,6987.268,1226.3562,155.759232,-0.0881059222720321,0.5273839092183967,-0.3347219837938345,3.490798061930949,0,2
2026-09-09 11:30:00,36785.81,33489.2344,6987.268,1226.3562,155.759232,-0.0881059222720321,0.5273839092183967,-0.3347219837938345,3.490798061930949,0,2
2026-09-09 11:45:00,37468.34,33691.5352,6395.6626,1238.99231,167.466583,-0.0466659131939593,0.7380919189272146,0.0738345346665241,3.05334538499722,1,2
2026-09-09 12:00:00,37468.34,33691.5352,6395.6626,1238.99231,167.466583,-0.0466659131939593,0.7380919189272146,0.0738345346665241,3.05334538499722,1,2
2026-09-09 12:15:00,36590.34,33010.5938,6645.936,1216.13208,164.158173,-0.2206328729764286,0.4896028571026061,0.0040782217234928,3.241761781352781,0,2
2026-09-09 12:30:00,37111.57,33191.22,6410.29346,1237.42322,172.420181,-0.2085494384207558,0.6107314004288089,0.2422666494750577,3.064415439998093,0,2
2026-09-09 12:45:00,36742.9961,32716.0742,6654.705,1236.95459,175.297379,-0.3589096420427602,0.475435013121825,0.3286656811348303,3.2446400278395933,0,2
2026-09-09 13:00:00,36742.9961,32716.0742,6654.705,1236.95459,175.297379,-0.3589096420427602,0.475435013121825,0.3286656811348303,3.2446400278395933,0,2
2026-09-09 13:15:00,34555.5,31742.45,7608.647,1229.16443,165.786484,-0.6495864868968724,-0.281531490812362,0.034936780857588,3.944695750715727,0,1
2026-09-09 13:30:00,34720.74,32246.7012,7059.70752,1232.81262,165.348526,-0.4985603675529689,-0.2374364784372306,0.011672274992605,3.5428045348738286,0,1
2026-09-09 13:45:00,36016.24,32754.09,6020.8667,1248.46228,169.672134,-0.3713429044786375,0.1675098998876937,0.1307719783526835,2.7743921740217488,0,2
2026-09-09 14:00:00,36016.24,32754.09,6020.8667,1248.46228,169.672134,-0.3713429044786375,0.1675098998876937,0.1307719783526835,2.7743921740217488,0,2
2026-09-09 14:15:00,33374.88,32092.57,6366.588,1230.56226,168.396881,-0.5423899125213806,-0.6787745953187897,0.1231008547289877,3.033330908970912,0,1
2026-09-09 14:30:00,34079.41,32536.5059,5841.921,1235.6355,167.24324,-0.4129888320470209,-0.4600992737713886,0.0729117263905039,2.6437373210118897,0,1
2026-09-09 14:45:00,34079.41,32536.5059,5841.921,1235.6355,167.24324,-0.4129888320470209,-0.4600992737713886,0.0729117263905039,2.6437373210118897,0,1
2026-09-09 15:00:00,32625.1152,29907.5254,6259.79639,1301.07288,167.572433,-1.3731996310601795,-1.140942420035504,-0.052858006112757,2.9422533767313794,0,1
2026-09-09 15:15:00,35849.93,30436.8672,4998.232,1352.31909,177.3993,-1.3155587938152524,-0.2260690241814214,0.1854833677452493,1.9919079184455728,0,2
2026-09-09 15:30:00,35849.93,30436.8672,4998.232,1352.31909,177.3993,-1.3155587938152524,-0.2260690241814214,0.1854833677452493,1.9919079184455728,0,2
2026-09-09 15:45:00,37391.7578,31427.4863,4898.0957,1331.69983,180.2963,-0.9637499056442488,0.3940151601027969,0.3129318856653149,1.919962505650796,0,2
2026-09-09 16:00:00,38793.34,32764.7363,4736.04834,1318.81287,184.57692,-0.5172051984179574,0.95920465934039,0.4300458900648748,1.7996190712993572,1,2
2026-09-09 16:15:00,33571.16,32602.4434,7482.512,1216.14856,167.862549,-0.3506618268206992,-0.5697362931208598,0.1337094604411599,3.8548906953969855,0,1
2026-09-09 16:30:00,36837.42,34202.79,4997.84766,1237.65552,167.173843,0.1480116481832939,0.5080970334090922,0.06632871914349,2.0117874284587973,1,2
2026-09-09 16:45:00,36837.42,34202.79,4997.84766,1237.65552,167.173843,0.1480116481832939,0.5080970334090922,0.06632871914349,2.0117874284587973,1,2
2026-09-09 17:00:00,38611.9063,34965.9961,5294.738,1251.37952,183.480637,0.4029057130006441,1.122103849710424,0.4840333577743355,2.2325365582382504,1,2
2026-09-09 17:15:00,38988.8164,34604.6133,5315.71143,1263.24084,179.719437,0.2351222089808618,1.222265239487237,0.3976106234426229,2.2461836113816496,1,2
2026-09-09 17:30:00,38988.8164,34604.6133,5315.71143,1263.24084,179.719437,0.2351222089808618,1.222265239487237,0.3976106234426229,2.2461836113816496,1,2
2026-09-09 17:45:00,38933.49,34174.77,5241.67529,1268.89038,180.072739,0.0585346445021455,1.1822600012010858,0.3980702614442842,2.189670612656041,1,2
2026-09-09 18:00:00,38151.8047,34266.9766,5522.69775,1246.42712,174.4866,0.1500209298211895,0.9673573529053574,0.2893996738758274,2.403986623952478,1,2
2026-09-09 18:15:00,38532.2,34384.9141,5066.438,1263.34485,175.870667,0.1516834861405375,1.0514235191412236,0.3009400919805481,2.058935683796505,1,2
2026-09-09 18:30:00,38532.2,34384.9141,5066.438,1263.34485,175.870667,0.1516834861405375,1.0514235191412236,0.3009400919805481,2.058935683796505,1,2
2026-09-09 18:45:00,39181.2539,34562.6563,4693.18164,1268.94348,181.478531,0.2047102799490152,1.2746376024107748,0.4266456465113453,1.7759398140375593,1,2
2026-09-09 19:00:00,39181.2539,34562.6563,4693.18164,1268.94348,181.478531,0.2047102799490152,1.2746376024107748,0.4266456465113453,1.7759398140375593,1,2
2026-09-09 19:15:00,39553.3047,35260.418,4502.314,1249.75452,183.923828,0.5195535518646046,1.4794951084876953,0.4937912346736804,1.6342687132387046,1,2
2026-09-09 19:30:00,40203.9648,34913.7148,4208.965,1271.36633,184.010651,0.3318659458771275,1.6488716686471538,0.4722417467935812,1.4060957199151256,1,2
2026-09-09 19:45:00,40203.9648,34913.7148,4208.965,1271.36633,184.010651,0.3318659458771275,1.6488716686471538,0.4722417467935812,1.4060957199151256,1,2
2026-09-09 20:00:00,40756.7344,35528.32,3716.27783,1274.33643,185.845627,0.5589483642461976,1.845710121865968,0.5023925732492845,1.0241739888109356,1,2
2026-09-09 20:15:00,40190.2969,35029.2266,4201.65674,1277.64185,183.747055,0.3598182249085215,1.6222242719943882,0.4604779389503854,1.3993592661137535,1,2
2026-09-09 20:30:00,40190.2969,35029.2266,4201.65674,1277.64185,183.747055,0.3598182249085215,1.6222242719943882,0.4604779389503854,1.3993592661137535,1,2
2026-09-09 20:45:00,40176.0078,35080.0,4034.64526,1262.44287,181.9507,0.4180751275766935,1.6690233333673623,0.443295412776347,1.2735053444711877,1,2
2026-09-09 21:00:00,37942.5078,33829.67,4343.32666,1252.65991,174.1363,-0.0295502416310028,0.8680380758691646,0.2677852407492981,1.5124016354557224,1,2
2026-09-09 21:15:00,37942.5078,33829.67,4343.32666,1252.65991,174.1363,-0.0295502416310028,0.8680380758691646,0.2677852407492981,1.5124016354557224,1,2
2026-09-09 21:30:00,37131.4258,32323.6738,4845.383,1284.55835,171.957382,-0.58372230616436,0.4576827619205255,0.1364575411887749,1.888437284367755,0,2
2026-09-09 21:45:00,36697.043,32390.3145,4479.555,1278.50659,173.784271,-0.5499546661656831,0.3172766726337934,0.2088592417472654,1.611813717848292,0,2
2026-09-09 22:00:00,36697.043,32390.3145,4479.555,1278.50659,173.784271,-0.5499546661656831,0.3172766726337934,0.2088592417472654,1.611813717848292,0,2
2026-09-09 22:15:00,36674.2773,32494.4023,4528.35547,1278.44385,170.7758,-0.5170205067285646,0.3090654849903475,0.1083383392675782,1.6490028597708586,0,2
2026-09-09 22:30:00,36501.71,32353.07,4467.196,1275.91809,170.131714,-0.5562137295637753,0.2538153500299378,0.0912007437500905,1.6028516702890403,0,2
2026-09-09 22:45:00,36501.71,32353.07,4467.196,1275.91809,170.131714,-0.5562137295637753,0.2538153500299378,0.0912007437500905,1.6028516702890403,0,2
2026-09-09 23:00:00,34908.3633,31145.0039,4641.50439,1290.96655,169.700333,-0.9665978492652832,-0.3528426597551213,0.0451360551567364,1.7328193409565982,0,2
2026-09-09 23:15:00,35622.2344,31649.4648,4460.074,1284.05554,169.221481,-0.7943117407090613,-0.0922601562627408,0.0425390814659379,1.5959724498231724,0,2
2026-09-09 23:30:00,35622.2344,31649.4648,4460.074,1284.05554,169.221481,-0.7943117407090613,-0.0922601562627408,0.0425390814659379,1.5959724498231724,0,2
2026-09-09 23:45:00,35030.05,31221.6758,4708.82666,1287.09558,168.935913,-0.9345287089238976,-0.3003717007733947,0.0260534507443825,1.7845924951152727,0,2
2026-09-10 00:00:00,35124.375,31689.9043,4279.7124,1271.41077,168.80101,-0.7550487899089285,-0.220726063778126,0.0538995685090204,1.4603526909599056,0,2
2026-09-10 00:15:00,35124.375,31689.9043,4279.7124,1271.41077,168.80101,-0.7550487899089285,-0.220726063778126,0.0538995685090204,1.4603526909599056,0,2
2026-09-10 00:30:00,34898.1133,31050.9258,4218.921,1290.99744,172.462784,-0.9960400618810722,-0.3563567282664399,0.1407808604207698,1.4102226114498169,0,2
2026-09-10 00:45:00,34340.1523,31122.1,4217.8335,1282.12329,176.107178,-0.9552141407705428,-0.5151008811221766,0.2751631380698508,1.410977351376767,0,2
2026-09-10 01:00:00,34340.1523,31122.1,4217.8335,1282.12329,176.107178,-0.9552141407705428,-0.5151008811221766,0.2751631380698508,1.410977351376767,0,2
2026-09-10 01:15:00,33500.5977,30597.0586,4184.869,1273.2218,183.5594,-1.1004171189630267,-0.7667447441162923,0.4618219189442727,1.387255575710772,0,2
2026-09-10 01:30:00,34474.2969,31338.5859,3745.23218,1283.15894,188.151459,-0.8897240025476991,-0.4736304688305119,0.5338392844660005,1.0451761359601013,0,2
2026-09-10 01:45:00,34474.2969,31338.5859,3745.23218,1283.15894,188.151459,-0.8897240025476991,-0.4736304688305119,0.5338392844660005,1.0451761359601013,0,2
2026-09-10 02:00:00,33384.5469,30652.5859,4158.707,1281.3335,188.5414,-1.100077616632055,-0.8298386282198676,0.5424228977835498,1.3656905370640409,0,2
2026-09-10 02:15:00,33193.7539,30976.2676,4217.29541,1279.578,190.401352,-0.9954223431850976,-0.8876997339276984,0.5757507452703379,1.4110201997068874,0,2
2026-09-10 02:30:00,33193.7539,30976.2676,4217.29541,1279.578,190.401352,-0.9954223431850976,-0.8876997339276984,0.5757507452703379,1.4110201997068874,0,2
2026-09-10 02:45:00,34106.23,31283.21,3869.84619,1284.38184,189.806717,-0.9096039819086688,-0.5997264505083092,0.5609757589572799,1.141959403827114,0,2
2026-09-10 03:00:00,33507.34,32764.7031,3992.78076,1250.38574,179.861481,-0.3720704823258846,-0.6951043184042126,0.4160875629014607,1.2433418766654034,0,1
2026-09-10 03:15:00,33507.34,32764.7031,3992.78076,1250.38574,179.861481,-0.3720704823258846,-0.6951043184042126,0.4160875629014607,1.2433418766654034,0,1
2026-09-10 03:30:00,34317.8125,31111.2676,3862.57446,1279.9187,183.013535,-0.9539761984876788,-0.5158110183028977,0.4440156867138848,1.1371206896054096,0,2
2026-09-10 03:45:00,34762.7773,31406.3457,3940.396,1282.42688,180.82753,-0.8669939951118629,-0.3752977070819175,0.3972388209496125,1.1970264480797022,0,2
2026-09-10 04:00:00,34762.7773,31406.3457,3940.396,1282.42688,180.82753,-0.8669939951118629,-0.3752977070819175,0.3972388209496125,1.1970264480797022,0,2
2026-09-10 04:15:00,33865.15,30557.752,4348.735,1282.52087,176.369354,-1.1321197777516383,-0.6741015225796462,0.2823735833774561,1.5112090055840448,0,2
2026-09-10 04:30:00,34213.11,31173.0,4188.54443,1288.63916,175.4773,-0.9529738149993656,-0.5771818923444576,0.2439030048893705,1.3873155155153936,0,2
2026-09-10 04:45:00,34213.11,31173.0,4188.54443,1288.63916,175.4773,-0.9529738149993656,-0.5771818923444576,0.2439030048893705,1.3873155155153936,0,2
2026-09-10 05:00:00,34483.83,31156.2871,3903.21338,1286.37122,174.616516,-0.9534400917319,-0.4802550933648679,0.2208059950358247,1.1674944173840556,0,2
2026-09-10 05:15:00,34832.82,31693.2031,4205.934,1285.818,170.112289,-0.7843153596773429,-0.3623028747456688,0.070273816075232,1.4011789554969,0,2
2026-09-10 05:30:00,34832.82,31693.2031,4205.934,1285.818,170.112289,-0.7843153596773429,-0.3623028747456688,0.070273816075232,1.4011789554969,0,2
2026-09-10 05:45:00,35675.21,31296.9063,3902.13428,1304.65112,171.49556,-0.9478350332396862,-0.1380659612193062,0.0799981564983045,1.1633488752878869,0,2
2026-09-10 06:00:00,36697.332,32356.25,3323.998,1289.46179,168.980225,-0.5838265282061555,0.2802438093570983,0.0226820009570484,0.7117830081667389,0,2
2026-09-10 06:15:00,36697.332,32356.25,3323.998,1289.46179,168.980225,-0.5838265282061555,0.2802438093570983,0.0226820009570484,0.7117830081667389,0,2
2026-09-10 06:30:00,36197.375,30788.9941,3588.04272,1334.18188,166.19371,-1.1680913632202143,-0.0529372435698829,-0.1765640119810462,0.9127074229795922,0,1
2026-09-10 06:45:00,37669.9023,32723.416,3981.28247,1308.493,170.997,-0.508395853450157,0.5761669837457666,0.0546125203329084,1.2239667824225784,0,2
2026-09-10 07:00:00,39460.8438,34950.9023,3627.84326,1261.38953,169.736,0.3715347706462616,1.4050313817845748,0.1069903353729852,0.9573100668368556,1,2
2026-09-10 07:15:00,39460.8438,34950.9023,3627.84326,1261.38953,169.736,0.3715347706462616,1.4050313817845748,0.1069903353729852,0.9573100668368556,1,2
2026-09-10 07:30:00,40092.8555,35275.0,3486.78833,1278.518,171.972946,0.4513367292950617,1.5827461328406511,0.1489650326084025,0.843118646131391,1,2
2026-09-10 07:45:00,40071.2422,34830.43,3764.404,1292.59131,166.092484,0.2460655889309641,1.5263917698353793,-0.0890113986996316,1.0584158878162255,1,2
2026-09-10 08:00:00,40330.21,34608.0742,3625.89868,1305.397,168.525421,0.129389264692948,1.579383489756249,-0.0273608756714078,0.9477276599216524,1,2
2026-09-10 08:15:00,40994.78,35111.52,3291.92041,1305.18713,173.648926,0.3207641132859918,1.8289645976422269,0.1527067468788723,0.6831946451651776,1,2
2026-09-10 08:30:00,39716.0273,34038.5078,3865.82764,1301.89148,169.516342,-0.0739498894073599,1.361656349366988,0.0157784382018039,1.135665157376142,1,2
2026-09-10 08:45:00,39516.02,33277.0352,3882.22559,1327.05151,165.316132,-0.3727608732261964,1.2007474264821782,-0.1939785159944586,1.143840929015744,1,2
2026-09-10 09:00:00,40331.1641,33441.5664,3494.423,1346.09839,167.262314,-0.3611235410679498,1.4401798455868553,-0.1626068534311041,0.8366886622994139,1,1
2026-09-10 09:15:00,40802.1445,33918.1641,3332.043,1337.43115,170.336182,-0.190661862224969,1.6461434202974343,-0.0298608898147884,0.7092684761127072,1,1
2026-09-10 09:30:00,41306.94,34113.4375,3016.38843,1338.28662,163.79921,-0.1295605586438512,1.83226604888796,-0.2774322166024272,0.4532938589735731,1,1
2026-09-10 09:45:00,40591.582,34188.81,3254.47241,1335.89258,166.240845,-0.0997850347389234,1.5726048808274329,-0.178579329973672,0.6474048237820959,1,2
2026-09-10 10:00:00,41257.2578,34108.28,2896.25415,1349.0249,162.878937,-0.1545288998774334,1.7767851979704286,-0.337765202322644,0.3509170780621574,1,1
2026-09-10 10:15:00,41257.2578,34108.28,2896.25415,1349.0249,162.878937,-0.1545288998774334,1.7767851979704286,-0.337765202322644,0.3509170780621574,1,1
2026-09-10 10:30:00,40799.4727,33829.2,3407.055,1339.41724,163.51564,-0.2234390776643395,1.638328893487058,-0.2909877620046134,0.7686685125955488,1,1
2026-09-10 10:45:00,40799.4727,33829.2,3407.055,1339.41724,163.51564,-0.2234390776643395,1.638328893487058,-0.2909877620046134,0.7686685125955488,1,1
2026-09-10 11:00:00,36686.43,29268.8164,3366.04419,1398.01416,150.3798,-1.773112391938368,-0.0855607831832569,-0.9676034104281886,0.7251267627358196,0,1
2026-09-10 11:15:00,35666.6172,28294.1289,3723.59814,1396.528,148.507034,-2.071500386301847,-0.4225803435103714,-1.0438349130589593,1.007608944074067,0,1
2026-09-10 11:30:00,34344.0273,27549.5254,4266.31641,1408.78442,148.1679,-2.326768608494584,-0.8989138218631412,-1.089273495560814,1.425503922529881,0,1
2026-09-10 11:45:00,34344.0273,27549.5254,4266.31641,1408.78442,148.1679,-2.326768608494584,-0.8989138218631412,-1.089273495560814,1.425503922529881,0,1
2026-09-10 12:00:00,36718.75,28760.2949,3403.499,1422.48352,152.398331,-1.9812590751511197,-0.1503011131330743,-0.9428426025957786,0.7504233759828276,0,1
2026-09-10 12:15:00,35982.02,28349.0918,3455.13354,1410.18347,149.537231,-2.082833196673528,-0.3591598161279337,-1.0340284675832494,0.7937323076313171,0,1
2026-09-10 12:30:00,36051.5664,28875.81,3865.51123,1402.40088,145.835,-1.9038558069799856,-0.3121392219999169,-1.1738471969026445,1.1171934165855806,0,1
2026-09-10 12:45:00,34315.4844,27908.6328,4409.068,1392.87012,146.310608,-2.182983342560137,-0.8600696355509914,-1.129079482645159,1.537649686677261,0,1
2026-09-10 13:00:00,36256.09,29397.8086,3439.04272,1390.82129,147.088074,-1.7182109752385315,-0.208209448191404,-1.0903859694591087,0.7845491176646515,0,1
2026-09-10 13:15:00,35352.1,29315.8027,3684.95947,1371.26868,149.782654,-1.7029645421573345,-0.4502294241176226,-0.9263367523036778,0.98198182669354,0,1
2026-09-10 13:30:00,34109.3125,29659.4727,4646.27148,1330.12341,143.95253,-1.5107781251665409,-0.7378252346986406,-1.0720768088776813,1.729500759848144,0,1
2026-09-10 13:45:00,33448.09,27993.7012,4427.86426,1378.66846,142.865616,-2.1272819802408374,-1.1039833166395043,-1.2423941297925114,1.5545407347660125,0,1
2026-09-10 14:00:00,34193.5664,28689.28,3941.02661,1373.63831,145.449509,-1.9018457183454969,-0.842072381201032,-1.1175434716824322,1.181024792192687,0,1
2026-09-10 14:15:00,35583.1367,30620.4727,3684.62646,1348.18945,146.439789,-1.249824135089029,-0.3026511955700258,-1.010936961779043,0.985938328573406,0,1
2026-09-10 14:45:00,34104.625,27755.4824,3808.85474,1402.163,144.7201,-2.24950989762871,-0.9580675913264486,-1.2216632964816785,1.073136925554385,0,1
2026-09-10 15:00:00,34388.61,27733.5039,3757.53174,1410.33911,151.249,-2.2732254294637197,-0.8888704785545415,-0.9613930274593908,1.0316103934885037,0,1
2026-09-10 15:15:00,35876.92,29048.0664,3455.34229,1384.74353,150.8599,-1.813883252369436,-0.3164211826273057,-0.9142022344426062,0.7986055654619809,0,1
2026-09-10 15:30:00,33822.94,26765.1172,4073.451,1434.6842,153.479126,-2.622109005241675,-1.1497613304768206,-0.9273695531019464,1.2724367690320253,0,1
2026-09-10 15:45:00,35355.082,27948.1445,3522.50659,1422.23987,153.562378,-2.2316321403215094,-0.604569603730642,-0.8929681312038823,0.8448436287570122,0,1
2026-09-10 16:00:00,36109.1875,29038.584,3326.71924,1402.24414,154.6247,-1.853168503002336,-0.2924088624315784,-0.799058423124567,0.692921692655097,0,1
2026-09-10 16:15:00,35263.5938,28619.4727,4006.647,1385.4696,156.896744,-1.9479945582758744,-0.5229826389080677,-0.6640382841228046,1.229692981627995,0,1
2026-09-10 16:30:00,35742.8242,29068.3535,3600.5415,1395.97351,158.953735,-1.8309315301617917,-0.3954936891532184,-0.6050133039020635,0.911197605948294,0,1
2026-09-10 16:45:00,35164.1563,28594.4668,3843.29419,1401.23291,162.218353,-1.988435754630028,-0.6040389535245667,-0.4853805130499694,1.100124267189254,0,1
2026-09-10 17:00:00,35143.4258,28844.7012,3804.218,1402.55347,165.382263,-1.9137953970969848,-0.6149432360367163,-0.36277023069679,1.069452356240802,0,1
2026-09-10 17:15:00,35388.7227,29089.9355,3831.92188,1392.0896,163.1647,-1.8161834818068177,-0.5015446020428174,-0.4261659044253514,1.0929335602017516,0,1
2026-09-10 17:30:00,34410.15,28265.9551,3959.85376,1381.16614,163.982361,-2.0483498628065804,-0.7931711887781293,-0.3684748438540668,1.194252203948868,0,1
2026-09-10 17:45:00,35545.88,27883.6816,3234.43066,1422.04333,164.484421,-2.251120683399495,-0.540571961928412,-0.4435905040964959,0.6150861528358439,0,1
2026-09-10 18:00:00,35968.6172,28545.38,3272.893,1423.46558,167.122757,-2.04972504265488,-0.4042138516472776,-0.342617636146684,0.6457866131033113,0,1
2026-09-10 18:15:00,36838.2344,30813.19,3235.27637,1364.1189,169.628464,-1.2231164464174074,0.0799637924516921,-0.1135444951064842,0.6266612390605499,0,1
2026-09-10 18:30:00,34775.793,28621.56,3605.5918,1364.65759,163.959824,-1.9041502037823328,-0.6216932276162088,-0.3313637049637889,0.9209154473379788,0,1
2026-09-10 18:45:00,35494.4453,28378.1113,3285.34351,1401.48755,162.302917,-2.0558349834724217,-0.4950267857976142,-0.4825878879416674,0.6599065534327583,0,1
2026-09-10 19:00:00,35154.8672,27194.6641,3019.915,1424.22888,162.641434,-2.468150047037006,-0.6770881316765041,-0.5226426661858671,0.4396346629849222,0,1
2026-09-10 19:15:00,34824.5742,26782.27,3182.88574,1436.36658,160.899948,-2.620303629534395,-0.8234814219335473,-0.6223298234093245,0.5707053809606784,0,1
2026-09-10 19:30:00,34785.5938,26349.4648,3232.94287,1449.37939,160.731308,-2.7804233731257453,-0.875893909185245,-0.660555127628633,0.608739765783032,0,1
2026-09-10 19:45:00,34644.293,26097.5039,3221.9646,1459.06982,168.942474,-2.8779447979045645,-0.9520675977496854,-0.3531786684733854,0.5980480062822772,0,1
2026-09-10 20:00:00,36337.6055,27700.5156,2806.24316,1434.39856,169.436569,-2.333218237777227,-0.3145476944125009,-0.2775067271967728,0.2559346458372687,0,1
2026-09-10 20:15:00,36749.082,28810.2832,2943.73486,1407.23547,172.153183,-1.934159087088996,-0.092958592069857,-0.1137347819112086,0.3794774825012724,0,1
2026-09-10 20:30:00,37422.9727,29369.0254,2882.81445,1394.08154,171.2926,-1.7339045601338097,0.1941214663146363,-0.1170436189095491,0.3305777418434827,0,1
2026-09-10 20:45:00,37035.375,31222.2578,3145.94922,1328.20276,166.169159,-1.0204984119389475,0.2739554026952102,-0.164234510743576,0.5612153364005014,0,1
2026-09-10 21:00:00,35392.582,29885.16,4001.544,1335.563,165.898972,-1.4520500874243116,-0.3276439456158803,-0.1908091421755871,1.2347518754540583,0,1
2026-09-10 21:15:00,35351.1836,29183.7383,3753.61914,1356.53149,164.530014,-1.7132384229841668,-0.4055467801553207,-0.2905916994853175,1.0383590673470418,0,1
2026-09-10 21:30:00,34677.1,28249.4941,4056.402,1363.15356,170.673813,-2.016077143600239,-0.6498828608471088,-0.0727275449997584,1.2721601393035884,0,1
2026-09-10 21:45:00,34466.0859,28207.6836,4350.81836,1367.89282,170.94754,-2.0388295094207933,-0.734301453611961,-0.0728875553967462,1.497562751308659,0,1
2026-09-10 22:00:00,34087.72,27774.6621,4154.268,1383.59351,172.430389,-2.2051236857259298,-0.9073357050866752,-0.0522675991781136,1.3439185306915489,0,1
2026-09-10 23:00:00,34940.0078,29002.5859,3936.79443,1352.83154,172.606567,-1.761656852483413,-0.5311179975086124,0.0194028197599737,1.181507505277542,0,1
2026-09-10 23:15:00,34940.0078,29002.5859,3936.79443,1352.83154,172.606567,-1.761656852483413,-0.5311179975086124,0.0194028197599737,1.181507505277542,0,1
2026-09-10 23:30:00,35638.418,29676.28,3674.70825,1349.94812,179.015732,-1.5468460145625187,-0.2895648019907569,0.2420543206352009,0.9778487829669036,0,1
2026-09-10 23:45:00,35638.418,29676.28,3674.70825,1349.94812,179.015732,-1.5468460145625187,-0.2895648019907569,0.2420543206352009,0.9778487829669036,0,1
2026-09-11 00:00:00,34632.57,29601.87,4029.7085,1329.231,171.642258,-1.526794996432476,-0.5614156008649216,0.0343844592652564,1.2576597909973062,0,1
2026-09-11 00:15:00,35230.7227,30077.85,3694.29932,1326.35168,177.922668,-1.372989395892504,-0.3534886485269816,0.2511813365452419,0.9974985924552752,0,1
2026-09-11 00:30:00,35702.4844,30498.9531,3482.68018,1326.5033,185.641174,-1.242349874765984,-0.1961874623656527,0.4419815225108566,0.8310179473044941,0,1
2026-09-11 00:45:00,35702.4844,30498.9531,3482.68018,1326.5033,185.641174,-1.242349874765984,-0.1961874623656527,0.4419815225108566,0.8310179473044941,0,1
2026-09-11 01:00:00,36336.0625,30944.8,3267.213,1337.14807,193.555191,-1.1257498265325037,-0.0132505126002002,0.571989650493726,0.6574036901136096,0,1
2026-09-11 01:15:00,36578.62,31446.8516,3200.32886,1324.61975,200.88179,-0.9428566117795149,0.1175866863636368,0.7020236766374324,0.6059120101053879,0,2
2026-09-11 01:30:00,35427.19,30776.16,3397.92432,1334.31677,203.954315,-1.1723708265709942,-0.3122738288711851,0.7406517927385827,0.7623557021962877,0,2
2026-09-11 01:45:00,35427.19,30776.16,3397.92432,1334.31677,203.954315,-1.1723708265709942,-0.3122738288711851,0.7406517927385827,0.7623557021962877,0,2
2026-09-11 02:00:00,36287.84,31352.0371,3169.80884,1343.92273,211.722534,-1.0129200646322416,-0.0525291503092385,0.8484850132798959,0.5775886488487831,0,2
2026-09-11 02:15:00,36287.84,31352.0371,3169.80884,1343.92273,211.722534,-1.0129200646322416,-0.0525291503092385,0.8484850132798959,0.5775886488487831,0,2
2026-09-11 02:30:00,35555.63,30591.9355,3398.95361,1335.29663,209.362854,-1.231777591141529,-0.2723517923169701,0.8211602182573857,0.7629923765701632,0,1
2026-09-11 02:45:00,36005.5,30974.1426,3243.892,1341.487,208.66124,-1.1256801151366105,-0.140523530506607,0.8053397313576558,0.6378475780442446,0,1
2026-09-11 03:00:00,36058.26,30922.123,3148.92871,1337.50793,205.516022,-1.133569325541843,-0.1104545365176379,0.7615816857521068,0.5618714109010894,0,1
2026-09-11 03:15:00,36058.26,30922.123,3148.92871,1337.50793,205.516022,-1.133569325541843,-0.1104545365176379,0.7615816857521068,0.5618714109010894,0,1
2026-09-11 03:30:00,35956.8164,31021.6875,3148.22583,1337.21265,204.292831,-1.101919404057294,-0.1437239003604126,0.7432293067618078,0.5613568072423772,0,1
2026-09-11 03:45:00,35956.8164,31021.6875,3148.22583,1337.21265,204.292831,-1.101919404057294,-0.1437239003604126,0.7432293067618078,0.5613568072423772,0,1
2026-09-11 04:00:00,36163.97,30926.79,2956.45483,1336.52,199.675568,-1.1300488844633163,-0.0716176482553004,0.6721548491221196,0.4039198209718749,0,1
2026-09-11 04:15:00,36230.6328,31477.83,2904.867,1326.25964,193.449936,-0.9366157898036006,-0.0152980745129008,0.5809311438051199,0.3626784398178366,0,1
2026-09-11 04:30:00,36230.6328,31477.83,2904.867,1326.25964,193.449936,-0.9366157898036006,-0.0152980745129008,0.5809311438051199,0.3626784398178366,0,1
2026-09-11 04:45:00,36525.79,31082.748,2935.281,1343.4729,190.713455,-1.0959812456600668,0.0348012649283869,0.5167766152247845,0.3848642587649517,0,1
2026-09-11 05:00:00,35863.22,31992.5547,3055.41357,1294.725,185.746277,-0.7092022190692139,-0.0434978252664492,0.4789602732408022,0.4937500014084069,0,2
2026-09-11 05:15:00,35863.22,31992.5547,3055.41357,1294.725,185.746277,-0.7092022190692139,-0.0434978252664492,0.4789602732408022,0.4937500014084069,0,2
2026-09-11 05:30:00,36284.59,30912.6719,3071.45459,1334.8761,183.9266,-1.1310104947402106,-0.0243623476066198,0.397695473852877,0.4992166403141104,0,1
2026-09-11 05:45:00,36534.24,31095.5313,3072.37329,1334.08777,181.096344,-1.0723555988656277,0.0694076425228168,0.3314057193027291,0.5001195818258117,0,1
2026-09-11 06:00:00,36534.24,31095.5313,3072.37329,1334.08777,181.096344,-1.0723555988656277,0.0694076425228168,0.3314057193027291,0.5001195818258117,0,1
2026-09-11 06:15:00,36303.64,30994.125,3032.814,1337.85071,174.354385,-1.1118461157409734,-0.0273315204132973,0.1115346313281859,0.4669186107207328,0,1
2026-09-11 06:30:00,36108.375,30795.3262,3103.6,1335.827,176.695,-1.1695579471345043,-0.0883118091442877,0.1941291783259657,0.5253081941354211,0,1
2026-09-11 06:45:00,36108.375,30795.3262,3103.6,1335.827,176.695,-1.1695579471345043,-0.0883118091442877,0.1941291783259657,0.5253081941354211,0,1
2026-09-11 07:00:00,36236.42,30350.84,3011.21313,1351.806,171.845078,-1.3412350673624318,-0.0945363467134821,-0.0057709734469777,0.4464138360541238,0,1
2026-09-11 07:15:00,36237.5742,30570.35,3066.269,1349.43689,175.17952,-1.268024636284519,-0.0867992596135411,0.1165224770041593,0.4921836037105999,0,1
2026-09-11 07:30:00,36237.5742,30570.35,3066.269,1349.43689,175.17952,-1.268024636284519,-0.0867992596135411,0.1165224770041593,0.4921836037105999,0,1
2026-09-11 07:45:00,36190.5273,30381.1621,3257.24585,1353.16431,175.759338,-1.3346424307620963,-0.1142401546206135,0.1288621729971362,0.6463947998225911,0,1
2026-09-11 08:00:00,35697.01,29908.873,3279.274,1362.88354,174.494431,-1.5016087643418723,-0.309597497480751,0.0653793444731086,0.6622646329952642,0,1
2026-09-11 08:15:00,35697.01,29908.873,3279.274,1362.88354,174.494431,-1.5016087643418723,-0.309597497480751,0.0653793444731086,0.6622646329952642,0,1
2026-09-11 08:30:00,36101.4258,30603.0332,3229.40674,1333.43164,176.857361,-1.224427566582121,-0.0832311438525706,0.2040075811608029,0.6277008747470979,0,1
2026-09-11 08:45:00,34506.0,29382.041,3793.766,1346.44128,173.248154,-1.630798360550071,-0.6558363782813675,0.05547853085592,1.0715106416423688,0,1
2026-09-11 09:00:00,34506.0,29382.041,3793.766,1346.44128,173.248154,-1.630798360550071,-0.6558363782813675,0.05547853085592,1.0715106416423688,0,1
2026-09-11 09:15:00,35193.7344,29948.4375,3550.48315,1337.84082,177.6165,-1.4371469069730107,-0.4009325349391235,0.220166156296874,0.8824628029114928,0,1
2026-09-11 09:30:00,33804.0625,28581.66,4234.809,1350.76709,177.0658,-1.8876551791647151,-0.9016454327174254,0.1774790003763872,1.411713109362545,0,1
2026-09-11 09:45:00,33804.0625,28581.66,4234.809,1350.76709,177.0658,-1.8876551791647151,-0.9016454327174254,0.1774790003763872,1.411713109362545,0,1
2026-09-11 10:00:00,32697.9023,28148.1133,4392.917,1333.48254,169.838531,-1.9858621148647129,-1.2150230173076846,-0.0395423347393318,1.5358968003353346,0,1
2026-09-11 10:15:00,33536.53,30236.8086,3790.77441,1302.50476,166.186615,-1.273803782101761,-0.8437669200060773,-0.1070946520612661,1.0771679769734046,0,1
2026-09-11 10:30:00,33536.53,30236.8086,3790.77441,1302.50476,166.186615,-1.273803782101761,-0.8437669200060773,-0.1070946520612661,1.0771679769734046,0,1
2026-09-11 10:45:00,31681.8535,27815.8184,4610.013,1348.57,171.750687,-2.1198350249979323,-1.595849366121361,-0.002330627030649,1.6986787761596027,0,1
2026-09-11 11:00:00,31103.5664,27564.8047,4493.9043,1338.95813,162.343445,-2.1774320181014835,-1.7573454119724257,-0.3356064193586515,1.6119995653718042,0,1
2026-09-11 11:15:00,31103.5664,27564.8047,4493.9043,1338.95813,162.343445,-2.1774320181014835,-1.7573454119724257,-0.3356064193586515,1.6119995653718042,0,1
2026-09-11 11:30:00,31923.8359,27730.8477,4349.923,1334.10242,163.895432,-2.1160906541737394,-1.472359838922786,-0.2642292030191799,1.50291060962514,0,1
2026-09-11 11:45:00,31679.1289,27138.9746,4228.415,1349.10229,164.6566,-2.329859255293414,-1.598355095648627,-0.2688204354154467,1.407102619943513,0,1
2026-09-11 12:00:00,31679.1289,27138.9746,4228.415,1349.10229,164.6566,-2.329859255293414,-1.598355095648627,-0.2688204354154467,1.407102619943513,0,1
2026-09-11 12:15:00,32054.1621,27948.2012,4082.87915,1345.266,165.376038,-2.07208874503276,-1.4631207262121897,-0.2324797150185553,1.2958093373270363,0,1
2026-09-11 12:30:00,32683.1074,27025.3516,4269.08,1364.84277,165.903961,-2.3974807481638805,-1.3148043000581056,-0.2563310431947483,1.43548904852697,0,1
2026-09-11 12:45:00,32683.1074,27025.3516,4269.08,1364.84277,165.903961,-2.3974807481638805,-1.3148043000581056,-0.2563310431947483,1.43548904852697,0,1
2026-09-11 13:00:00,32850.3,27711.5176,4344.614,1362.1908,169.495,-2.180273658676336,-1.2515831038071406,-0.1143019985641979,1.4938328290371832,0,1
2026-09-11 13:15:00,33522.7227,29344.8789,3756.04077,1305.4856,171.068527,-1.5570864742797994,-0.8573886278934318,0.0633384711610111,1.0495451952303454,0,1
2026-09-11 13:30:00,33522.7227,29344.8789,3756.04077,1305.4856,171.068527,-1.5570864742797994,-0.8573886278934318,0.0633384711610111,1.0495451952303454,0,1
2026-09-11 13:45:00,33882.9063,28197.6035,4062.20923,1354.61609,182.545883,-2.0144064725395787,-0.8872204282545726,0.3380469660251669,1.278180071265724,0,1
2026-09-11 14:00:00,33374.42,27424.4258,4347.41,1367.64465,186.792282,-2.280184326796565,-1.094939506598927,0.4171112973785066,1.4949987399326046,0,1
2026-09-11 14:15:00,33374.42,27424.4258,4347.41,1367.64465,186.792282,-2.280184326796565,-1.094939506598927,0.4171112973785066,1.4949987399326046,0,1
2026-09-11 14:30:00,34148.1,29121.7148,4460.8623,1330.13477,187.943573,-1.6775672082404034,-0.7249969967774288,0.4811505674269911,1.588372396491994,0,1
2026-09-11 14:45:00,34975.69,29789.55,4254.073,1347.17676,190.639267,-1.505927044289418,-0.5020163122759874,0.5116318029526885,1.4271395176275776,0,1
2026-09-11 15:00:00,34975.69,29789.55,4254.073,1347.17676,190.639267,-1.505927044289418,-0.5020163122759874,0.5116318029526885,1.4271395176275776,0,1
2026-09-11 15:15:00,35682.0859,30146.7246,3930.9585,1347.73022,188.373169,-1.3961693098046446,-0.2681697955107782,0.4700569507013589,1.1779064620833273,0,1
2026-09-11 15:30:00,34430.3867,29273.66,4541.23438,1353.979,184.780014,-1.680069645152286,-0.7038486496038701,0.3920170751794264,1.6453890143703922,0,1
2026-09-11 15:45:00,34430.3867,29273.66,4541.23438,1353.979,184.780014,-1.680069645152286,-0.7038486496038701,0.3920170751794264,1.6453890143703922,0,1
2026-09-11 16:00:00,33925.8945,28995.5156,4488.09229,1334.13269,180.676071,-1.7249799318289183,-0.8108023658925709,0.3196576601263886,1.608427234214128,0,1
2026-09-11 16:15:00,32636.4258,28211.6445,5183.1543,1355.5304,177.210938,-2.011963052797277,-1.302041710221864,0.1730251930438876,2.1305422710631983,0,1
2026-09-11 16:30:00,32636.4258,28211.6445,5183.1543,1355.5304,177.210938,-2.011963052797277,-1.302041710221864,0.1730251930438876,2.1305422710631983,0,1
2026-09-11 16:45:00,33804.45,28496.2363,4682.559,1374.63208,184.944962,-1.9636118440265449,-0.9739040670893508,0.3687557555664837,1.7491678235896713,0,1
2026-09-11 17:00:00,34344.418,29258.6152,4730.564,1341.25757,183.720276,-1.6582737506750511,-0.6936906779629333,0.3852452581105371,1.7914917275627225,0,2
2026-09-11 17:15:00,33301.2578,29725.48,5063.25244,1313.23743,180.6101,-1.4551090540197245,-0.954224795271988,0.3509418612918737,2.0477725555642547,0,2
2026-09-11 17:30:00,33859.3672,29421.6836,4960.08154,1328.38416,182.604034,-1.580929825882895,-0.8153892572836202,0.3772585917690113,1.967344545650392,0,2
2026-09-11 17:45:00,33802.5625,28901.332,5141.17334,1334.33936,183.081512,-1.7545809912985284,-0.8522872239026269,0.3801176999948489,2.102701091453255,0,2
2026-09-11 18:00:00,33802.5625,28901.332,5141.17334,1334.33936,183.081512,-1.7545809912985284,-0.8522872239026269,0.3801176999948489,2.102701091453255,0,2
2026-09-11 18:30:00,33581.375,28858.123,5027.79443,1336.85632,172.0401,-1.7731923236505884,-0.9331581167084884,0.0326225849951461,2.016911734018719,0,1
2026-09-11 18:45:00,33581.375,28858.123,5027.79443,1336.85632,172.0401,-1.7731923236505884,-0.9331581167084884,0.0326225849951461,2.016911734018719,0,1
2026-09-11 19:00:00,33642.8828,28732.2285,4959.92041,1344.96716,168.657562,-1.8290178935509167,-0.937403106831452,-0.1078569085394041,1.964303339159224,0,1
2026-09-11 19:15:00,33215.4453,28064.01,4976.1084,1344.73242,165.176239,-2.0351958080776145,-1.0780768775334852,-0.2389420402522052,1.976557725008351,0,1
2026-09-11 19:30:00,33215.4453,28064.01,4976.1084,1344.73242,165.176239,-2.0351958080776145,-1.0780768775334852,-0.2389420402522052,1.976557725008351,0,1
2026-09-11 19:45:00,33353.5859,28186.6777,4300.29736,1357.92065,160.9234,-2.0246380989362334,-1.0723661001527307,-0.4355714935012325,1.4606585200578126,0,1
2026-09-11 20:00:00,34746.51,28927.7324,4379.516,1335.89514,165.188141,-1.7496383689803987,-0.5438444077361226,-0.2186287858505737,1.525223316691104,0,1
2026-09-11 20:15:00,34746.51,28927.7324,4379.516,1335.89514,165.188141,-1.7496383689803987,-0.5438444077361226,-0.2186287858505737,1.525223316691104,0,1
2026-09-11 20:30:00,35556.12,29445.2715,3938.01538,1358.19946,164.684,-1.6356591142023844,-0.3423036151040705,-0.2884153328672466,1.1814830304304136,0,1
2026-09-11 20:45:00,35936.543,29530.0273,3817.96216,1353.98572,164.270477,-1.6006132715394372,-0.2021606125556024,-0.294866775291644,1.0889873811496231,0,1
2026-09-11 21:00:00,35936.543,29530.0273,3817.96216,1353.98572,164.270477,-1.6006132715394372,-0.2021606125556024,-0.294866775291644,1.0889873811496231,0,1
2026-09-11 21:15:00,35980.5039,29524.07,4036.24976,1357.74487,167.427765,-1.610283187354304,-0.1989717239439282,-0.1821871290274184,1.257573245959852,0,1
2026-09-11 21:30:00,33156.1172,28328.4473,4401.801,1355.51135,163.214081,-1.975815120670255,-1.130338835064918,-0.3395441060103266,1.538757819461037,0,1
2026-09-11 21:45:00,33156.1172,28328.4473,4401.801,1355.51135,163.214081,-1.975815120670255,-1.130338835064918,-0.3395441060103266,1.538757819461037,0,1
2026-09-11 22:00:00,32868.3242,28031.5078,4077.22827,1355.307,160.171021,-2.067169600399996,-1.2247970007453153,-0.4594620535421735,1.2896438744480432,0,1
2026-09-11 22:15:00,32944.3477,27722.1172,4362.786,1370.36182,170.898132,-2.1939314151783025,-1.2452554355980023,-0.0800496166493794,1.506278655025398,0,1
2026-09-11 22:30:00,32944.3477,27722.1172,4362.786,1370.36182,170.898132,-2.1939314151783025,-1.2452554355980023,-0.0800496166493794,1.506278655025398,0,1
2026-09-11 22:45:00,33239.1641,27860.2676,4268.1123,1371.11536,170.739243,-2.152836300958388,-1.1501524943931938,-0.087552923696096,1.433624268472272,0,1
2026-09-11 23:00:00,33239.1641,27860.2676,4268.1123,1371.11536,170.739243,-2.152836300958388,-1.1501524943931938,-0.087552923696096,1.433624268472272,0,1
2026-09-11 23:15:00,32783.74,27949.7949,4551.1333,1354.82642,170.159866,-2.0914190999804902,-1.2512751366052093,-0.0736615433937506,1.6527753460512604,0,1
2026-09-11 23:30:00,33952.7539,28016.6211,4314.53662,1374.6886,173.5203,-2.111952719281927,-0.9249973996169256,0.0061959253276694,1.4685702110263996,0,1
2026-09-11 23:45:00,34153.0273,29404.9766,4541.711,1340.86292,175.1167,-1.6120807076736885,-0.7559651928288862,0.131555752444799,1.6480822825110275,0,1
2026-09-12 00:00:00,34153.0273,29404.9766,4541.711,1340.86292,175.1167,-1.6120807076736885,-0.7559651928288862,0.131555752444799,1.6480822825110275,0,1
2026-09-12 00:15:00,34938.5156,29707.9414,4308.929,1334.29907,181.942719,-1.504432767461395,-0.4751172365078486,0.3533989533913232,1.4714937603081373,0,1
2026-09-12 00:30:00,34938.5156,29707.9414,4308.929,1334.29907,181.942719,-1.504432767461395,-0.4751172365078486,0.3533989533913232,1.4714937603081373,0,1
2026-09-12 00:45:00,35090.1758,29637.252,4290.03027,1338.90613,184.1,-1.5359635136785594,-0.4386848704759294,0.3963643416004115,1.456190676137176,0,1
2026-09-12 01:00:00,35309.9961,29911.5938,4189.972,1337.05591,189.58226,-1.4469528594809449,-0.3597698054426496,0.5034032134697268,1.3797309197306438,0,1
2026-09-12 01:15:00,34259.8945,29243.5449,4262.295,1341.7915,191.40593,-1.6640550617007852,-0.7233508407824851,0.5306151745153329,1.4344104427505746,0,1
2026-09-12 01:30:00,34259.8945,29243.5449,4262.295,1341.7915,191.40593,-1.6640550617007852,-0.7233508407824851,0.5306151745153329,1.4344104427505746,0,1
2026-09-12 01:45:00,34331.23,30148.6367,3958.66187,1321.15076,188.685516,-1.3401387745474758,-0.63691133131525,0.5040537335953801,1.2041743217104557,0,2
2026-09-12 02:00:00,34331.23,30148.6367,3958.66187,1321.15076,188.685516,-1.3401387745474758,-0.63691133131525,0.5040537335953801,1.2041743217104557,0,2
2026-09-12 02:15:00,34429.82,29534.0762,3798.681,1341.71362,195.372543,-1.5738156049514265,-0.6667397646856436,0.5977993542570377,1.0762001373223162,0,1
2026-09-12 02:30:00,34050.9727,28691.31,3734.426,1362.66077,197.778992,-1.8784260020227568,-0.8559796159500933,0.6171160465222486,1.0222510066556791,0,1
2026-09-12 02:45:00,34050.9727,28691.31,3734.426,1362.66077,197.778992,-1.8784260020227568,-0.8559796159500933,0.6171160465222486,1.0222510066556791,0,1
2026-09-12 03:00:00,34994.3828,29244.7324,3417.92822,1371.32764,200.62529,-1.725104318362248,-0.5693885766584238,0.6548089009189847,0.7713923107520365,0,1
2026-09-12 03:15:00,34561.8047,29026.3145,3516.89526,1360.98572,205.139465,-1.771254807684984,-0.6815528261020575,0.7348375998092187,0.8517020551907454,0,1
2026-09-12 03:30:00,34561.8047,29026.3145,3516.89526,1360.98572,205.139465,-1.771254807684984,-0.6815528261020575,0.7348375998092187,0.8517020551907454,0,1
2026-09-12 03:45:00,34400.5156,28737.9648,3572.96924,1374.23877,200.537262,-1.888031244845167,-0.7753223551037991,0.6506755734136874,0.8934872791213648,0,1
2026-09-12 04:00:00,35045.5859,29358.0938,3370.791,1355.54565,207.238815,-1.6571610267242036,-0.5042791839014834,0.7716343495449787,0.7368126208166634,0,1
2026-09-12 04:15:00,35045.5859,29358.0938,3370.791,1355.54565,207.238815,-1.6571610267242036,-0.5042791839014834,0.7716343495449787,0.7368126208166634,0,1
2026-09-12 04:30:00,34157.1523,28354.6016,3820.17529,1375.47192,205.191086,-2.009141573211431,-0.8596993867737227,0.7225613559014479,1.08680685481729,0,1
2026-09-12 04:45:00,34691.1133,28486.0176,3889.85132,1363.96375,211.963654,-1.944632328033889,-0.6476959786195278,0.8347378451815893,1.143074368345999,0,1
2026-09-12 05:00:00,34691.1133,28486.0176,3889.85132,1363.96375,211.963654,-1.944632328033889,-0.6476959786195278,0.8347378451815893,1.143074368345999,0,1
2026-09-12 05:15:00,33424.4961,28604.252,4096.50537,1352.66541,205.267532,-1.88460710200657,-1.0329936309832934,0.7442684043136311,1.3049843818158473,0,1
2026-09-12 05:30:00,33182.6055,28356.0957,4397.764,1351.23657,206.71347,-1.9583958835441435,-1.1086365770820874,0.7675163845211225,1.5364350755608265,0,1
2026-09-12 05:45:00,33182.6055,28356.0957,4397.764,1351.23657,206.71347,-1.9583958835441435,-1.1086365770820874,0.7675163845211225,1.5364350755608265,0,1
2026-09-12 06:00:00,33603.1445,28827.8867,4323.508,1340.37671,208.80217,-1.7898694222539948,-0.9366313014491316,0.8084087181693572,1.481572494951729,0,2
2026-09-12 06:15:00,33531.2852,28580.0137,4569.21631,1354.9043,209.275909,-1.8967540788684425,-1.0044602812948176,0.8027668543808978,1.6665250658862298,0,2
2026-09-12 06:30:00,33531.2852,28580.0137,4569.21631,1354.9043,209.275909,-1.8967540788684425,-1.0044602812948176,0.8027668543808978,1.6665250658862298,0,2
2026-09-12 06:45:00,32669.8574,27797.9238,4666.78,1360.22852,202.703033,-2.149526233636456,-1.305219078284048,0.6978459971007652,1.7397403430067528,0,1
2026-09-12 07:00:00,34853.3125,29089.22,4439.394,1359.75208,208.784775,-1.7492104404439828,-0.581012467342863,0.7911731118625991,1.5667149462275898,0,1
2026-09-12 07:15:00,34853.3125,29089.22,4439.394,1359.75208,208.784775,-1.7492104404439828,-0.581012467342863,0.7911731118625991,1.5667149462275898,0,1
2026-09-12 07:30:00,34299.99,29198.457,4962.80664,1335.70032,197.492889,-1.6653596746949273,-0.6915332710425437,0.6381105310795029,1.9681126156026036,0,2
2026-09-12 07:45:00,35520.2422,29924.9648,5480.42139,1338.716,200.909149,-1.4462603642965703,-0.2946565830372871,0.6895352857404348,2.3562994314304317,0,2
2026-09-12 08:00:00,35520.2422,29924.9648,5480.42139,1338.716,200.909149,-1.4462603642965703,-0.2946565830372871,0.6895352857404348,2.3562994314304317,0,2
2026-09-12 08:15:00,38020.5625,31744.08,4491.57471,1322.3623,201.299423,-0.8451779056711638,0.6592717247166113,0.7105702991555908,1.6131756056772837,0,2
2026-09-12 08:30:00,36317.4648,30674.293,5941.81445,1319.31384,201.9023,-1.1727387023047646,0.0395894948153526,0.7226575846966515,2.703453816916283,0,2
2026-09-12 08:45:00,36317.4648,30674.293,5941.81445,1319.31384,201.9023,-1.1727387023047646,0.0395894948153526,0.7226575846966515,2.703453816916283,0,2
2026-09-12 09:45:00,34732.1875,29388.1387,6019.634,1316.16516,196.144257,-1.5658997791704237,-0.4884725960715012,0.6348480654072877,2.7617597395225486,0,2
2026-09-12 10:00:00,33547.3945,30456.7246,5479.53271,1277.26953,180.187912,-1.152617304781944,-0.7635290547771063,0.3900590934585247,2.3663541269252195,0,2
2026-09-12 10:15:00,33547.3945,30456.7246,5479.53271,1277.26953,180.187912,-1.152617304781944,-0.7635290547771063,0.3900590934585247,2.3663541269252195,0,2
2026-09-12 12:00:00,35714.52,30531.82,5093.996,1321.6134,199.238968,-1.2219062258817703,-0.1771095695482505,0.679064727090569,2.069444472048909,0,2
2026-09-12 13:45:00,34153.3,31202.584,5579.533,1282.85864,194.701859,-0.9316091688268098,-0.579452198891061,0.6430854322891101,2.44007677904022,0,2
2026-09-12 14:00:00,34153.3,31202.584,5579.533,1282.85864,194.701859,-0.9316091688268098,-0.579452198891061,0.6430854322891101,2.44007677904022,0,2
2026-09-12 14:15:00,35234.5039,30174.0234,5166.222,1327.23816,197.167465,-1.3449467152925594,-0.3549376342392785,0.6408631245136731,2.1227782580867496,0,2
2026-09-12 15:00:00,34708.63,29439.2539,4689.86963,1340.6322,196.347488,-1.6009719975231622,-0.5708629588220024,0.6148479723279383,1.7607370462081122,0,2
2026-09-12 15:15:00,35037.54,30607.0469,5250.96,1299.99963,198.5092,-1.1533093183004093,-0.3373620348490743,0.687524616609048,2.1911908466448144,0,2
2026-09-12 15:30:00,35037.54,30607.0469,5250.96,1299.99963,198.5092,-1.1533093183004093,-0.3373620348490743,0.687524616609048,2.1911908466448144,0,2
2026-09-12 15:45:00,36054.14,30956.3516,5031.621,1298.64551,205.658981,-1.0415753974565818,0.0125799802755811,0.7980494188432865,2.0265128306002667,0,2
2026-09-12 16:00:00,35834.64,31795.0039,4819.74463,1291.167,203.6786,-0.7636641655867382,-0.0420958632140463,0.7749107515355146,1.8678808092359636,0,2
2026-09-12 16:15:00,35834.64,31795.0039,4819.74463,1291.167,203.6786,-0.7636641655867382,-0.0420958632140463,0.7749107515355146,1.8678808092359636,0,2
2026-09-12 16:30:00,36521.8672,31769.2754,4374.45361,1295.51428,210.8906,-0.7808690777893126,0.1949471131291137,0.8778047203400443,1.5285562737667495,0,2
2026-09-12 16:45:00,36416.9375,31782.457,4473.716,1290.54553,217.777817,-0.7662893452619276,0.1730446141166262,0.9804556565876535,1.605220629621462,0,2
2026-09-12 17:00:00,36416.9375,31782.457,4473.716,1290.54553,217.777817,-0.7662893452619276,0.1730446141166262,0.9804556565876535,1.605220629621462,0,2
2026-09-12 17:15:00,36378.4023,31529.4277,4141.721,1293.80347,222.9975,-0.8523726737227428,0.1478435879571196,1.050638480036079,1.3503861227747955,0,2
2026-09-12 17:30:00,35056.2461,30575.9238,4555.396,1300.36743,222.283508,-1.1637737097356762,-0.3322433016485259,1.0354065075169503,1.6656918595824768,0,2
2026-09-12 17:45:00,35056.2461,30575.9238,4555.396,1300.36743,222.283508,-1.1637737097356762,-0.3322433016485259,1.0354065075169503,1.6656918595824768,0,2
2026-09-12 18:00:00,35969.92,31178.752,4029.97656,1310.16968,234.873764,-0.99630239286885,-0.0554634300953223,1.1990326876885082,1.2613021046546034,0,2
2026-09-12 18:15:00,35452.19,31282.3867,4188.88525,1304.15649,234.779129,-0.9513341232792898,-0.211440579888124,1.20248488002939,1.3847952495932268,0,2
2026-09-12 18:30:00,35452.19,31282.3867,4188.88525,1304.15649,234.779129,-0.9513341232792898,-0.211440579888124,1.20248488002939,1.3847952495932268,0,2
2026-09-12 18:45:00,35717.67,30849.4238,4012.82886,1316.18835,239.345154,-1.1116351954444152,-0.1593493049286024,1.2538136219813751,1.246969662596666,0,2
2026-09-12 19:00:00,35717.67,30849.4238,4012.82886,1316.18835,239.345154,-1.1116351954444152,-0.1593493049286024,1.2538136219813751,1.246969662596666,0,2
2026-09-12 19:15:00,36089.2773,31394.9473,3819.89,1307.39807,237.919052,-0.9229593782995548,-0.0038472285879071,1.2417555148333186,1.0989498363192551,0,2
2026-09-12 19:30:00,35185.9023,30724.8086,4083.10571,1304.01135,232.012878,-1.125004412011661,-0.3000965261556667,1.1654819102297482,1.3034063766994624,0,2
2026-09-12 19:45:00,35185.9023,30724.8086,4083.10571,1304.01135,232.012878,-1.125004412011661,-0.3000965261556667,1.1654819102297482,1.3034063766994624,0,2
2026-09-12 20:00:00,36326.2734,31576.084,3641.5603,1314.82227,235.338684,-0.881904759687999,0.0578926140852008,1.2015992748535964,0.958289936298088,0,2
2026-09-12 20:15:00,32761.2773,28876.2148,4128.945,1335.97144,217.718445,-1.765751188939521,-1.2016245362978577,0.9418619684294194,1.332978365989898,0,2
2026-09-12 20:30:00,32761.2773,28876.2148,4128.945,1335.97144,217.718445,-1.765751188939521,-1.2016245362978577,0.9418619684294194,1.332978365989898,0,2
2026-09-12 20:45:00,32664.59,28303.041,3746.50513,1364.05713,214.451981,-2.001399783069127,-1.3185398225342695,0.8711101260846937,1.0314328118775933,0,1
2026-09-12 21:00:00,33975.59,29388.5039,3568.07471,1348.44812,218.832428,-1.6329700212832623,-0.8378041166449702,0.9472974104210202,0.8943719544486566,0,1
2026-09-12 21:15:00,33975.59,29388.5039,3568.07471,1348.44812,218.832428,-1.6329700212832623,-0.8378041166449702,0.9472974104210202,0.8943719544486566,0,1
2026-09-12 21:30:00,32701.8652,28384.373,4083.47827,1338.58215,213.485657,-1.92338742290753,-1.2291498135761223,0.8787937057263245,1.2974740275479653,0,1
2026-09-12 21:45:00,32349.2773,27686.57,3835.126,1362.28638,214.833069,-2.188174218281283,-1.41723048023729,0.8781631521187753,1.1008397205277274,0,1
2026-09-12 22:00:00,32349.2773,27686.57,3835.126,1362.28638,214.833069,-2.188174218281283,-1.41723048023729,0.8781631521187753,1.1008397205277274,0,1
2026-09-12 22:15:00,33495.2148,29380.61,3435.49365,1339.29541,219.224731,-1.616374023961775,-0.9690679938381652,0.9604878522361788,0.7912737379329535,0,1
2026-09-12 22:30:00,31558.0879,27969.5254,3872.19556,1345.72937,211.1756,-2.066460832452764,-1.6280570941690944,0.8388895836600287,1.1326657452646538,0,1
2026-09-12 22:45:00,31558.0879,27969.5254,3872.19556,1345.72937,211.1756,-2.066460832452764,-1.6280570941690944,0.8388895836600287,1.1326657452646538,0,1
2026-09-12 23:00:00,32967.57,28714.373,3520.628,1349.67969,214.5663,-1.8443322112240408,-1.1749791789032058,0.8850250790662137,0.856732961431099,0,1
2026-09-12 23:15:00,32044.625,29186.5918,3721.846,1319.791,205.206421,-1.6359435020451136,-1.3892518622939798,0.7726227837843377,1.0202372347730435,0,1
2026-09-12 23:30:00,32044.625,29186.5918,3721.846,1319.791,205.206421,-1.6359435020451136,-1.3892518622939798,0.7726227837843377,1.0202372347730435,0,1
2026-09-12 23:45:00,30743.9375,28083.05,3384.18579,1327.12244,203.3047,-1.9927809326643224,-1.8400441910849152,0.7371693864031839,0.7527617462948049,0,1
2026-09-13 00:00:00,31058.123,28542.4922,3857.954,1312.11621,199.841278,-1.8195064934274268,-1.6912866135416234,0.6972405210813504,1.1276942007108242,0,1
2026-09-13 00:15:00,31058.123,28542.4922,3857.954,1312.11621,199.841278,-1.8195064934274268,-1.6912866135416234,0.6972405210813504,1.1276942007108242,0,1
2026-09-13 00:45:00,31441.7813,28109.875,3454.50977,1347.89,201.231125,-2.027570002737583,-1.6729035147326914,0.6861443237525,0.8047625077833972,0,1
2026-09-13 01:00:00,31441.7813,28109.875,3454.50977,1347.89,201.231125,-2.027570002737583,-1.6729035147326914,0.6861443237525,0.8047625077833972,0,1
2026-09-13 01:15:00,31588.4785,29001.4727,3567.92114,1318.80542,196.5507,-1.6912665494716392,-1.5367112895563797,0.6389010211051666,0.8996970585393859,0,1
2026-09-13 02:00:00,31749.7227,28390.457,3353.948,1329.46936,199.712677,-1.9025886263929053,-1.5157718864721588,0.679265761315388,0.7282357258750228,0,1
2026-09-13 02:15:00,31272.06,28768.4883,3382.75732,1320.71045,189.9162,-1.7673951143278568,-1.646752223392283,0.5262118898567046,0.7528156057017102,0,1
2026-09-13 02:30:00,31272.06,28768.4883,3382.75732,1320.71045,189.9162,-1.7673951143278568,-1.646752223392283,0.5262118898567046,0.7528156057017102,0,1
2026-09-13 02:45:00,30982.07,29168.623,3127.47632,1323.67957,186.437683,-1.6496028418932007,-1.7512436169339272,0.460279091406297,0.547063666474744,0,1
2026-09-13 03:00:00,30613.9316,28092.043,3262.49683,1327.05115,183.607269,-1.9898528823525583,-1.8826247467154664,0.4006302038944891,0.6555085904507268,0,1
2026-09-13 03:15:00,30613.9316,28092.043,3262.49683,1327.05115,183.607269,-1.9898528823525583,-1.8826247467154664,0.4006302038944891,0.6555085904507268,0,1
2026-09-13 03:30:00,31322.3379,28383.2285,3168.493,1331.40527,186.671646,-1.9088435522551916,-1.6624809444618711,0.4561504654633756,0.5788886412936275,0,1
2026-09-13 03:45:00,30927.0039,28954.6563,3177.79541,1313.46277,181.531616,-1.6946629334437509,-1.7385412471934818,0.3728017591049291,0.5898066045342668,0,1
2026-09-13 04:00:00,30927.0039,28954.6563,3177.79541,1313.46277,181.531616,-1.6946629334437509,-1.7385412471934818,0.3728017591049291,0.5898066045342668,0,1
2026-09-13 04:15:00,31310.2344,28526.9473,3133.35449,1337.30908,181.020065,-1.8766393549622613,-1.684294318508723,0.3240758965093209,0.5492574620436905,0,1
2026-09-13 04:30:00,31159.5137,29172.2188,3169.56177,1319.47791,175.040909,-1.6397476766214332,-1.6801112661154938,0.171208769340399,0.5820077893678884,0,1
2026-09-13 04:45:00,31159.5137,29172.2188,3169.56177,1319.47791,175.040909,-1.6397476766214332,-1.6801112661154938,0.171208769340399,0.5820077893678884,0,1
2026-09-13 05:00:00,31020.7266,30015.084,3121.98682,1293.68665,173.8823,-1.3243571792858626,-1.6479605554440109,0.1829526205805932,0.548290711980375,0,1
2026-09-13 05:15:00,30968.1367,28979.8867,3135.1123,1323.169,173.354736,-1.7070278356035409,-1.754291313837453,0.1067795139198691,0.55336795287783,0,1
2026-09-13 05:30:00,30968.1367,28979.8867,3135.1123,1323.169,173.354736,-1.7070278356035409,-1.754291313837453,0.1067795139198691,0.55336795287783,0,1
2026-09-13 05:45:00,31243.6855,28882.3223,3090.12378,1319.61853,176.329636,-1.729870306252563,-1.6528041115167111,0.2131626597955679,0.5173957472657297,0,1
2026-09-13 06:00:00,31352.834,28778.39,3126.17188,1320.76978,175.86557,-1.7644522030431005,-1.6203149572226363,0.1958967353936481,0.5465549671124794,0,1
2026-09-13 06:15:00,31352.834,28778.39,3126.17188,1320.76978,175.86557,-1.7644522030431005,-1.6203149572226363,0.1958967353936481,0.5465549671124794,0,1
2026-09-13 06:30:00,31246.6641,27449.7363,2932.93262,1358.68347,180.308365,-2.253815547969381,-1.7697542016557624,0.2662910750549648,0.379919392501192,0,1
2026-09-13 06:45:00,31003.6465,28226.38,2935.92969,1345.3512,187.4609,-1.9862902497844537,-1.809541709013364,0.4556025918373425,0.385040565460273,0,1
2026-09-13 07:00:00,31003.6465,28226.38,2935.92969,1345.3512,187.4609,-1.9862902497844537,-1.809541709013364,0.4556025918373425,0.385040565460273,0,1
2026-09-13 07:30:00,32353.3711,27818.5039,2864.35425,1358.69934,211.6857,-2.1400012516501548,-1.40503488922313,0.8351937900630162,0.3218665388733689,0,1
2026-09-13 07:45:00,32353.3711,27818.5039,2864.35425,1358.69934,211.6857,-2.1400012516501548,-1.40503488922313,0.8351937900630162,0.3218665388733689,0,1
2026-09-13 08:00:00,31359.7988,28076.3652,3090.915,1348.29333,215.70755,-2.038762947833287,-1.7011291100260124,0.9026950471644998,0.5125759234658999,0,1
2026-09-13 08:15:00,32039.06,28156.4121,2951.26685,1350.80969,226.80777,-2.0192426084132657,-1.484856218030688,1.0570718049121155,0.3968064201394483,0,1
2026-09-13 08:30:00,32039.06,28156.4121,2951.26685,1350.80969,226.80777,-2.0192426084132657,-1.484856218030688,1.0570718049121155,0.3968064201394483,0,1
2026-09-13 08:45:00,30695.2383,28359.0781,3084.857,1334.87134,224.253235,-1.9235084657979864,-1.87945278770096,1.0346460971984628,0.5101840361455761,0,1
2026-09-13 09:00:00,31457.8242,27964.4863,3031.33,1349.80823,229.499847,-2.076475550546689,-1.6734099491684382,1.0948869340925182,0.4633983403213838,0,1
2026-09-13 09:15:00,31457.8242,27964.4863,3031.33,1349.80823,229.499847,-2.076475550546689,-1.6734099491684382,1.0948869340925182,0.4633983403213838,0,1
2026-09-13 09:30:00,32915.8,29012.5137,2776.20166,1333.04688,237.427414,-1.7174569937469597,-1.141718537514193,1.2152086633324106,0.2502231035033259,0,1
2026-09-13 09:45:00,33688.5664,29244.6641,2536.75635,1350.57007,246.682037,-1.6819655765021768,-0.9392782032198508,1.323728081153674,-0.0459656122896466,2,0
2026-09-13 10:00:00,33688.5664,29244.6641,2536.75635,1350.57007,246.682037,-1.6819655765021768,-0.9392782032198508,1.323728081153674,-0.0459656122896466,2,0
2026-09-13 10:15:00,31429.5273,28573.0313,3092.13623,1347.54211,236.902771,-1.8836287714081548,-1.675890236885254,1.1968413938315694,0.5137171490915176,0,1
2026-09-13 10:30:00,31429.5273,28573.0313,3092.13623,1347.54211,236.902771,-1.8836287714081548,-1.675890236885254,1.1968413938315694,0.5137171490915176,0,1
2026-09-13 10:45:00,31659.9238,28520.4551,2954.242,1341.50732,235.638718,-1.8873649303460505,-1.581743638297187,1.184648920540361,0.4011029170698243,0,1
2026-09-13 11:00:00,31750.3867,28106.2,3154.0022,1353.15942,234.684235,-2.039635044983725,-1.5871244909830364,1.162620397515674,0.5630250727758207,0,1
2026-09-13 11:15:00,31750.3867,28106.2,3154.0022,1353.15942,234.684235,-2.039635044983725,-1.5871244909830364,1.162620397515674,0.5630250727758207,0,1
2026-09-13 12:45:00,29143.0586,26277.3242,2956.9502,1361.96863,202.332413,-2.622045215234229,-2.4714481705476063,0.6904582392408842,0.3993782872217954,0,1
2026-09-13 13:30:00,29860.1582,26309.0977,3027.98022,1379.09851,204.184967,-2.6476622017030778,-2.2874212785067614,0.7036839138313787,0.4550012988125352,0,1
2026-09-13 13:45:00,31842.127,27668.6113,2716.8064,1352.33557,205.355057,-2.1731001922639974,-1.554396464114385,0.7459000831579671,0.1853069366203742,0,1
2026-09-13 14:00:00,31842.127,27668.6113,2716.8064,1352.33557,205.355057,-2.1731001922639974,-1.554396464114385,0.7459000831579671,0.1853069366203742,0,1
2026-09-13 14:15:00,30548.9219,26993.25,2787.04565,1359.38586,203.442886,-2.396086953670615,-2.0015352367595267,0.7101227273643591,0.254424143505802,0,1
2026-09-13 14:30:00,31739.75,27112.4512,2238.52783,1365.08435,196.247025,-2.3711215863331216,-1.6266471525494752,0.5895749068651089,-0.455621185383378,0,0
2026-09-13 14:45:00,31739.75,27112.4512,2238.52783,1365.08435,196.247025,-2.3711215863331216,-1.6266471525494752,0.5895749068651089,-0.455621185383378,0,0
2026-09-13 15:15:00,29636.7852,25810.543,2749.13428,1383.92334,197.784775,-2.8110823270241183,-2.3753537011832866,0.5967359565593594,0.2140933533218756,0,1
2026-09-13 15:30:00,29636.7852,25810.543,2749.13428,1383.92334,197.784775,-2.8110823270241183,-2.3753537011832866,0.5967359565593594,0.2140933533218756,0,1
2026-09-13 15:45:00,30599.252,26718.7461,2637.147,1368.85132,197.3422,-2.500287203502325,-2.0135164784587927,0.6040169972710305,0.080086594498002,0,1
2026-09-13 16:00:00,29809.8359,26970.5117,2648.54028,1359.65479,190.4099,-2.4036546892466206,-2.2453916440398403,0.4944716381823607,0.097520109095189,0,1
2026-09-13 16:15:00,29809.8359,26970.5117,2648.54028,1359.65479,190.4099,-2.4036546892466206,-2.2453916440398403,0.4944716381823607,0.097520109095189,0,1
2026-09-13 16:30:00,29328.6934,27025.11,2689.48242,1350.961,191.937988,-2.368826562462643,-2.3773251904761743,0.5305116655301018,0.1520316296072819,0,1
2026-09-13 16:45:00,29328.6934,27025.11,2689.48242,1350.961,191.937988,-2.368826562462643,-2.3773251904761743,0.5305116655301018,0.1520316296072819,0,1
2026-09-13 19:15:00,31977.5723,28889.1836,3497.68848,1313.22607,189.495224,-1.714455448922092,-1.3915240480947455,0.5265288239682455,0.8453325136996797,0,1
2026-09-13 19:30:00,30868.2031,27766.6055,3888.565,1350.78833,187.7416,-2.139632799716918,-1.870535857434099,0.4548782967619766,1.1444626945222374,0,1
2026-09-13 19:45:00,33025.84,28546.98,3227.1543,1343.13928,187.854782,-1.8825470155717885,-1.1359205092595932,0.4654288932438669,0.6240618151753966,0,1
2026-09-13 20:00:00,32436.26,28264.8027,3741.25732,1348.80139,192.830612,-1.981569912902556,-1.3477535348572354,0.548097759407802,1.0301143369004613,0,1
2026-09-13 20:15:00,33639.2461,29144.44,3619.54761,1329.40833,190.373581,-1.669013865873739,-0.8914047424814302,0.5252872800288179,0.9383432416747924,0,1
2026-09-13 20:30:00,33360.9023,28910.7715,3649.8396,1339.50037,187.412216,-1.7623839154551015,-1.0141219657436844,0.4611468984731027,0.9602671175576384,0,1
2026-09-13 20:45:00,33691.48,28932.6641,3574.3335,1334.60364,183.91185,-1.745426597080162,-0.8898749992333729,0.397721526406789,0.9018429655533772,0,1
2026-09-13 21:00:00,33325.3945,28818.2578,3918.279,1345.12231,181.781815,-1.802710334053276,-1.0429048902442954,0.3324448457336206,1.168546794994827,0,1
2026-09-13 21:15:00,34098.9961,29612.0957,3766.93481,1316.71643,183.458572,-1.497557105425739,-0.7004944281187938,0.4100953088058202,1.055999363176626,0,1
2026-09-13 21:30:00,34175.793,29212.4,3343.58472,1334.43,175.680954,-1.6583961204588775,-0.7288677664542078,0.1633032451509682,0.7190439485265748,0,1
2026-09-13 22:15:00,32316.1055,27544.4727,2498.8064,1401.264,166.524933,-2.312757789629294,-1.5459698889504037,-0.315076542116057,-0.1123814971550952,0,1
2026-09-13 22:45:00,32502.8672,24210.7715,2323.51318,1498.75159,162.54213,-3.539184472581205,-1.778805225253123,-0.7053260759768675,-0.3815012660156318,0,1
2026-09-13 23:00:00,32273.9336,23118.7,2357.73267,1525.74512,168.003281,-3.929396354006931,-1.9356051226114352,-0.5466697952672874,-0.3431801685169821,0,1
2026-09-14 03:00:00,32437.1133,24245.89,2385.711,1511.31067,177.170731,-3.5542633155468497,-1.838352696662888,-0.1545156397628035,-0.3002886055924771,0,1
2026-09-14 03:15:00,32996.69,26728.5039,3397.3418,1407.23291,179.085648,-2.576643121189487,-1.3395293455221913,0.1340963871683994,0.7483546309049244,0,1
2026-09-14 04:00:00,31638.2266,25513.64,3916.798,1440.396,181.707443,-3.018932552031344,-1.8873913052095763,0.1569118858062032,1.150148918275583,0,1
2026-09-14 04:15:00,33107.4336,27717.166,3778.56421,1403.77966,186.642014,-2.2646828506924006,-1.2925292645039432,0.3684499161689958,1.04922368247278,0,1
2026-09-14 04:30:00,33745.23,28247.5469,3484.321,1406.8938,183.166641,-2.107382876721583,-1.0912697634493322,0.2671974218748387,0.8174716390471755,0,1
2026-09-14 04:45:00,35353.61,29703.07,3273.96631,1370.62854,186.278152,-1.5815870519550714,-0.4477733235600139,0.4030080136004118,0.6565535202530063,0,1
2026-09-14 05:00:00,36611.4531,30709.8516,3279.09546,1354.7688,190.147781,-1.2357500074840402,0.0282696870493829,0.4949138579373244,0.6636407068455659,0,1
2026-09-14 05:15:00,37757.2344,32255.2656,3092.399,1332.06946,196.566147,-0.7054089058150113,0.5283455108254834,0.6265797045738334,0.5168811999717048,0,1
2026-09-14 05:30:00,33489.7461,31799.0469,4090.73853,1284.60217,182.020874,-0.7485864615620353,-0.8049088349369358,0.4191437221234586,1.312780438069895,0,1
2026-09-14 05:45:00,31408.2344,31793.1211,4352.73828,1251.92444,166.7883,-0.6816441104716057,-1.3940065028975588,0.0230583833481867,1.519730345209501,0,1
2026-09-14 06:00:00,31763.2051,30797.74,3767.83,1280.01453,166.750092,-1.052050749514416,-1.361825086426831,-0.0377655651637684,1.0633756554373044,0,1
2026-09-14 06:15:00,33659.5859,31047.916,3009.967,1312.81763,171.94426,-1.042681686225308,-0.8343125213349163,0.0789355560148927,0.4528987965253092,0,1
2026-09-14 06:30:00,34659.5977,31191.875,2808.64136,1301.68909,177.34111,-0.9744334891566434,-0.4684795097679427,0.2777649581728753,0.285291300558999,0,1
2026-09-14 06:45:00,34850.5977,31215.9922,2790.41626,1301.34277,172.648361,-0.96617537079067,-0.4038123939686724,0.1264629424008179,0.2694087853352863,0,1
2026-09-14 07:00:00,35072.7227,31064.1348,2785.95825,1307.24951,178.561279,-1.0259610245565618,-0.3477943516756567,0.3042763368077156,0.2642605073310174,0,1
2026-09-14 07:15:00,35181.1055,31083.2188,2711.288,1307.19214,176.134827,-1.0198851571137597,-0.3114369173502874,0.2302795943981554,0.1913434715354479,0,1
2026-09-14 07:30:00,35181.1055,31083.2188,2711.288,1307.19214,176.134827,-1.0198851571137597,-0.3114369173502874,0.2302795943981554,0.1913434715354479,0,1
2026-09-14 07:45:00,35179.3555,31426.0371,2685.2998,1308.45581,179.548035,-0.9154605825638138,-0.3158892425654414,0.3301893724851133,0.1591830827947272,0,1
2026-09-14 08:00:00,35089.57,31265.7656,2695.50684,1304.461,179.754547,-0.9571648562118656,-0.3336428123055555,0.3420832575754137,0.1729547898400728,0,1
2026-09-14 08:15:00,35300.0625,31766.8066,2544.192,1302.94531,178.999939,-0.797265157197281,-0.2586637949760502,0.3239681993475599,-0.0213899532228032,0,2
2026-09-14 08:30:00,34882.7344,32270.45,2681.5896,1282.51843,181.967361,-0.5961612847100751,-0.3355579556856934,0.4205219591088304,0.1620921552322192,0,2
2026-09-14 08:45:00,34748.1,31807.7949,2726.179,1289.80652,181.678711,-0.7567931610405195,-0.4027362919361233,0.4059653876062183,0.2130885646197655,0,2
2026-09-14 09:00:00,34952.5273,31300.4414,2575.3,1319.78223,185.954224,-0.9784489495140004,-0.4261561697670563,0.4554809388903511,0.0144253890219178,0,1
2026-09-14 09:15:00,34752.4648,31287.2559,2512.2124,1303.31445,191.256943,-0.9480474497530073,-0.4425218954775314,0.5667159434585322,-0.0639377479459155,2,1
2026-09-14 09:30:00,34679.18,32165.9688,2403.85718,1280.20862,190.441132,-0.6241437030980668,-0.3963898600991729,0.575797332924211,-0.2022585415468847,2,2
2026-09-14 09:45:00,34400.8867,32598.8086,2388.904,1290.20642,183.261612,-0.5089902144218545,-0.5195390362677811,0.4371450698205019,-0.2256909238554539,2,2
2026-09-14 10:00:00,33796.91,31680.7813,2458.88867,1291.79407,189.625488,-0.8007694641439542,-0.7249331006153377,0.5504884201073903,-0.1316715010618054,2,2
2026-09-14 10:15:00,34318.6328,31780.15,2317.65356,1289.46863,192.575653,-0.7647473293348029,-0.5446389489611251,0.6022264182222385,-0.3225656856297529,2,0
2026-09-14 10:30:00,33431.72,31604.1563,2582.96143,1298.082,194.375717,-0.8379723085347521,-0.8650557958375098,0.6233951552622933,0.0311041248993929,0,2
2026-09-14 10:45:00,33431.72,31604.1563,2582.96143,1298.082,194.375717,-0.8379723085347521,-0.8650557958375098,0.6233951552622933,0.0311041248993929,0,2
2026-09-14 11:00:00,33958.52,32387.4629,2426.339,1280.58752,198.537521,-0.5552513058715403,-0.6372294890798416,0.7057456643575253,-0.1719848105513274,2,2
2026-09-14 11:15:00,31316.8066,30084.1387,2606.30664,1304.61292,191.919144,-1.3256855633705655,-1.583388173679376,0.5765701362939339,0.0595547792481713,0,1
2026-09-14 11:30:00,31316.8066,30084.1387,2606.30664,1304.61292,191.919144,-1.3256855633705655,-1.583388173679376,0.5765701362939339,0.0595547792481713,0,1
2026-09-14 11:45:00,31498.5977,29357.4121,2485.953,1324.04053,197.2799,-1.591821980194077,-1.5821548003030292,0.6456802026431311,-0.1054609457212414,0,1
2026-09-14 12:00:00,32553.3027,29708.2656,2354.97363,1334.82837,201.6961,-1.5054346098163875,-1.2668470300394985,0.705373334870771,-0.2860328524101782,0,0
2026-09-14 12:15:00,30645.7637,28377.1719,2490.93823,1350.13757,202.070328,-1.949597854809931,-1.941782514402037,0.6972121142250219,-0.1069396858590762,0,1
2026-09-14 12:30:00,30645.7637,28377.1719,2490.93823,1350.13757,202.070328,-1.949597854809931,-1.941782514402037,0.6972121142250219,-0.1069396858590762,0,1
2026-09-14 12:45:00,31742.0234,29428.8223,2335.916,1327.7384,203.242264,-1.5773716256441734,-1.5130799478128665,0.7356587490489797,-0.3098010216007902,0,0
2026-09-14 13:00:00,31742.0234,29428.8223,2335.916,1327.7384,203.242264,-1.5773716256441734,-1.5130799478128665,0.7356587490489797,-0.3098010216007902,0,0
2026-09-14 13:15:00,32556.1523,28567.4883,2260.65063,1363.51746,214.22821,-1.9185090095196744,-1.3526959841565072,0.868311826430256,-0.4245928423052246,2,0
2026-09-14 13:30:00,31896.7871,30620.2813,2109.9707,1310.78333,203.619263,-1.1717304054102575,-1.4107903665642711,0.7565929416969129,-0.6164168480219473,2,0
2026-09-14 13:45:00,31896.7871,30620.2813,2109.9707,1310.78333,203.619263,-1.1717304054102575,-1.4107903665642711,0.7565929416969129,-0.6164168480219473,2,0
2026-09-14 14:00:00,32252.7676,28628.416,2379.854,1343.88074,210.866409,-1.858889123872052,-1.3934201110272333,0.8359332931326381,-0.2550090768101409,0,0
2026-09-14 14:15:00,32238.38,29597.8828,2288.544,1311.277,211.576492,-1.4906379365229463,-1.299557583625702,0.87433104155952,-0.3694458602390224,2,0
2026-09-14 14:30:00,32238.38,29597.8828,2288.544,1311.277,211.576492,-1.4906379365229463,-1.299557583625702,0.87433104155952,-0.3694458602390224,2,0
2026-09-14 14:45:00,31633.3281,29926.5957,2258.047,1305.38818,208.160019,-1.3762730594069927,-1.481378973682027,0.8293257876075233,-0.4094933510685796,2,0
2026-09-14 15:00:00,31633.3281,29926.5957,2258.047,1305.38818,208.160019,-1.3762730594069927,-1.481378973682027,0.8293257876075233,-0.4094933510685796,2,0
2026-09-14 15:15:00,30743.79,29172.0117,2436.29175,1314.56274,210.8367,-1.6295861520047814,-1.8021953239959485,0.8607368212476596,-0.1692518074507299,0,0
2026-09-14 15:30:00,31798.832,29309.2852,2239.95215,1333.244,217.742508,-1.625896288383435,-1.510985855162837,0.9444830042493428,-0.4433978529291408,2,0
2026-09-14 15:45:00,31798.832,29309.2852,2239.95215,1333.244,217.742508,-1.625896288383435,-1.510985855162837,0.9444830042493428,-0.4433978529291408,2,0
2026-09-14 16:00:00,31071.7324,29319.0918,2293.16772,1317.14343,212.314835,-1.5893513445682246,-1.7019808290464729,0.8800580532092188,-0.3649769905774661,2,0
2026-09-14 16:15:00,31071.7324,29319.0918,2293.16772,1317.14343,212.314835,-1.5893513445682246,-1.7019808290464729,0.8800580532092188,-0.3649769905774661,2,0
2026-09-14 16:30:00,29289.5137,28124.6484,2358.39185,1338.57178,204.106079,-2.003674400071185,-2.352891273357568,0.7391538956284812,-0.2825613061632374,0,0
2026-09-14 16:45:00,30385.1543,28394.9473,2312.849,1329.76086,211.974457,-1.9018047449314328,-1.966087413148073,0.864329051394229,-0.342020117067089,0,0
2026-09-14 17:00:00,30385.1543,28394.9473,2312.849,1329.76086,211.974457,-1.9018047449314328,-1.966087413148073,0.864329051394229,-0.342020117067089,0,0
2026-09-14 17:15:00,29909.84,28223.373,2157.761,1342.62988,206.506668,-1.981573682278137,-2.16122049408356,0.7720219655393039,-0.5602555937491408,0,0
2026-09-14 17:30:00,29909.84,28223.373,2157.761,1342.62988,206.506668,-1.981573682278137,-2.16122049408356,0.7720219655393039,-0.5602555937491408,0,0
2026-09-14 17:45:00,30859.1367,28263.5938,2122.91113,1349.01685,208.130676,-1.9823907075490708,-1.8681761089545883,0.7908102425844479,-0.610816750125581,2,0
2026-09-14 18:00:00,32150.6953,28882.2949,1934.10632,1347.60754,200.687973,-1.788048455347209,-1.4383596972229808,0.6778647893311505,-0.8749833633138846,2,0
2026-09-14 18:15:00,32150.6953,28882.2949,1934.10632,1347.60754,200.687973,-1.788048455347209,-1.4383596972229808,0.6778647893311505,-0.8749833633138846,2,0
2026-09-14 18:30:00,31615.2344,28138.9141,2097.6543,1365.962,204.018768,-2.0560767298108265,-1.6703245617092208,0.71306786097294,-0.6515527095259969,2,0
2026-09-14 18:45:00,31846.8613,28581.9688,1976.0918,1362.12732,196.898422,-1.911144280030922,-1.5824158577090337,0.60320694289418,-0.8206432801480343,2,0
2026-09-14 19:00:00,31846.8613,28581.9688,1976.0918,1362.12732,196.898422,-1.911144280030922,-1.5824158577090337,0.60320694289418,-0.8206432801480343,2,0
2026-09-14 19:15:00,31495.2871,28446.6621,2095.00537,1346.47278,200.4175,-1.920500295836931,-1.6509954501108122,0.674649510048784,-0.6489025407607982,2,0
2026-09-14 19:30:00,31495.2871,28446.6621,2095.00537,1346.47278,200.4175,-1.920500295836931,-1.6509954501108122,0.674649510048784,-0.6489025407607982,2,0
2026-09-14 19:45:00,31703.2715,29086.04,1981.186,1333.77771,193.343948,-1.6961971232137132,-1.5441038410306478,0.5717628484303034,-0.8041815228162161,2,0
2026-09-14 20:00:00,30599.1445,29070.6035,2034.72375,1319.73352,191.3253,-1.6717745338652366,-1.865416968653326,0.5515218910385447,-0.7244668073504636,2,0
2026-09-14 20:15:00,30599.1445,29070.6035,2034.72375,1319.73352,191.3253,-1.6717745338652366,-1.865416968653326,0.5515218910385447,-0.7244668073504636,2,0
2026-09-14 20:30:00,30874.3086,28298.582,1908.92053,1344.09924,189.629028,-1.9613688206993132,-1.8483457455401875,0.4968427665757736,-0.9093476651932756,2,0
2026-09-14 20:45:00,30175.9121,28922.0547,1995.54761,1316.19324,184.28479,-1.7104410230978926,-1.994021028883061,0.4273165171976931,-0.7782448437102819,0,0
2026-09-14 21:00:00,30175.9121,28922.0547,1995.54761,1316.19324,184.28479,-1.7104410230978926,-1.994021028883061,0.4273165171976931,-0.7782448437102819,0,0
2026-09-14 21:15:00,30076.5039,28777.5547,1943.56384,1325.62366,184.458313,-1.774797834426168,-2.0551548134936954,0.419756404801229,-0.8544330451820767,0,0
2026-09-14 21:30:00,31321.77,29061.2363,1808.36707,1328.759,188.862488,-1.69344655709818,-1.6546774221966596,0.4992383534871714,-1.0465300073257433,2,0
2026-09-14 21:45:00,31321.77,29061.2363,1808.36707,1328.759,188.862488,-1.69344655709818,-1.6546774221966596,0.4992383534871714,-1.0465300073257433,2,0
2026-09-14 22:00:00,30542.0176,29015.7422,1912.70117,1323.21619,189.930588,-1.6960169746911855,-1.8947266030509584,0.5238947876684391,-0.8971389530084942,2,0
2026-09-14 22:15:00,31847.9531,29971.834,1802.16724,1317.51343,190.422058,-1.3875016300306449,-1.4472446691076533,0.5382487240154651,-1.0516008334885498,2,0
2026-09-14 22:30:00,31847.9531,29971.834,1802.16724,1317.51343,190.422058,-1.3875016300306449,-1.4472446691076533,0.5382487240154651,-1.0516008334885498,2,0
2026-09-14 22:45:00,31489.67,29712.32,1945.87488,1320.35339,184.140091,-1.4740222944511057,-1.5739594710126334,0.4195760495419118,-0.8494472724429041,2,0
2026-09-14 23:00:00,33801.0625,31790.6719,1860.21777,1293.41187,196.752762,-0.7697433485710782,-0.7284730845515982,0.6659265527224524,-0.9614351538007432,2,0
2026-09-14 23:15:00,33801.0625,31790.6719,1860.21777,1293.41187,196.752762,-0.7697433485710782,-0.7284730845515982,0.6659265527224524,-0.9614351538007432,2,0
2026-09-14 23:30:00,32284.07,29172.01,2075.163,1331.51843,194.584351,-1.6648582214877397,-1.345706153007616,0.5946592069416979,-0.6717399452768994,2,0
2026-09-14 23:45:00,33076.9531,29545.3359,2000.52161,1332.56445,196.756348,-1.5512764530034877,-1.0869946864442432,0.6291903173436925,-0.776624772532933,2,0
2026-09-15 00:00:00,33076.9531,29545.3359,2000.52161,1332.56445,196.756348,-1.5512764530034877,-1.0869946864442432,0.6291903173436925,-0.776624772532933,2,0
2026-09-15 00:15:00,32957.2227,29771.1367,2034.87158,1330.83984,193.28183,-1.4776106782598135,-1.1213452469477636,0.5736154749726724,-0.7278898000932287,2,0
2026-09-15 00:30:00,32957.2227,29771.1367,2034.87158,1330.83984,193.28183,-1.4776106782598135,-1.1213452469477636,0.5736154749726724,-0.7278898000932287,2,0
2026-09-15 00:45:00,31791.2344,29459.8984,2184.33179,1330.83984,192.480072,-1.574188726589391,-1.506226012623434,0.5600850304900281,-0.5195589121049172,0,0
2026-09-15 01:00:00,31791.2344,29459.8984,2184.33179,1324.75256,192.480072,-1.5615170511715224,-1.4878302311336915,0.5661296036824187,-0.517589868205734,2,0
2026-09-15 01:15:00,33025.82,30458.5059,2020.81335,1306.12769,194.077225,-1.2123767957219844,-1.0237896742800336,0.6108301846715761,-0.7395087507567687,2,0
2026-09-15 01:30:00,33025.82,30458.5059,2020.81335,1306.12769,194.077225,-1.2123767957219844,-1.0237896742800336,0.6108301846715761,-0.7395087507567687,2,0
2026-09-15 01:45:00,33126.3672,30365.25,2064.92725,1325.66589,194.480453,-1.2822014129422106,-1.0497545326025324,0.5986163178250542,-0.6841376547875305,2,0
2026-09-15 02:00:00,33952.8867,30765.25,1979.43433,1304.43372,191.313736,-1.1132833213254274,-0.7116206822783154,0.5665660777031295,-0.7970215229348112,2,0
2026-09-15 02:15:00,33952.8867,30765.25,1979.43433,1304.43372,191.313736,-1.1132833213254274,-0.7116206822783154,0.5665660777031295,-0.7970215229348112,2,0
2026-09-15 02:30:00,32915.06,31311.0527,2070.36914,1292.47656,184.811218,-0.9178819108561264,-1.0190438993087092,0.4641047273500988,-0.665710123190156,2,0
2026-09-15 02:45:00,33426.0273,31078.1289,2016.13452,1308.03186,188.933319,-1.0232323700666028,-0.8971355062700542,0.5220334467936052,-0.7466903668672887,2,0
2026-09-15 03:00:00,33426.0273,31078.1289,2016.13452,1308.03186,188.933319,-1.0232323700666028,-0.8971355062700542,0.5220334467936052,-0.7466903668672887,2,0
2026-09-15 03:15:00,32739.0938,29483.8379,2064.18237,1341.81372,188.702911,-1.5896050974583555,-1.2266358761897258,0.4825038459179206,-0.6904478132407192,2,0
2026-09-15 03:30:00,33990.332,30517.77,2047.08887,1320.7865,188.871475,-1.2245522724579287,-0.7489032949513301,0.5077430832505324,-0.7074981339709291,2,0
2026-09-15 03:45:00,33990.332,30517.77,2047.08887,1320.7865,188.871475,-1.2245522724579287,-0.7489032949513301,0.5077430832505324,-0.7074981339709291,2,0
2026-09-15 04:00:00,32602.8047,29733.1738,2138.86035,1323.69763,185.849609,-1.4745158111909396,-1.2168136090327144,0.4491344481259578,-0.5803903371735046,2,0
2026-09-15 04:15:00,33246.9453,30860.5313,2049.81348,1293.93811,185.963379,-1.0616117649865893,-0.9136605409281486,0.4837719319134435,-0.6949204056527967,2,0
2026-09-15 04:30:00,33246.9453,30860.5313,2049.81348,1293.93811,185.963379,-1.0616117649865893,-0.9136605409281486,0.4837719319134435,-0.6949204056527967,2,0
2026-09-15 04:45:00,32650.8574,30485.4922,2254.45044,1308.88049,182.638611,-1.2097268129573178,-1.1560802555961245,0.4026641883999574,-0.4155691394208133,0,0
2026-09-15 05:00:00,32980.74,29995.9258,2144.04272,1309.52563,189.222885,-1.3633561695107852,-1.0489959399213094,0.5255650301166267,-0.5685858219928482,2,0
2026-09-15 05:15:00,32980.74,29995.9258,2144.04272,1309.52563,189.222885,-1.3633561695107852,-1.0489959399213094,0.5255650301166267,-0.5685858219928482,2,0
2026-09-15 05:30:00,33504.6133,30851.209,2178.86768,1306.8894,184.113586,-1.0916238925157014,-0.8676469610550875,0.434674351969863,-0.5193864763739485,2,0
2026-09-15 05:45:00,33504.6133,30851.209,2178.86768,1306.8894,184.113586,-1.0916238925157014,-0.8676469610550875,0.434674351969863,-0.5193864763739485,2,0
2026-09-15 06:00:00,32969.92,30354.834,2279.94775,1315.163,183.667816,-1.2635136658398023,-1.069656077123531,0.4162003666497696,-0.3825013888313253,0,0
2026-09-15 06:15:00,32800.6758,31302.1426,2227.6145,1284.35413,182.562225,-0.9036269994375542,-1.0322544884993805,0.4301863461213931,-0.4446812082697952,2,0
2026-09-15 06:30:00,32800.6758,31302.1426,2227.6145,1284.35413,182.562225,-0.9036269994375542,-1.0322544884993805,0.4301863461213931,-0.4446812082697952,2,0
2026-09-15 06:45:00,33800.4258,30745.9141,2318.21436,1302.23071,184.86058,-1.1147019453734863,-0.7554835474618851,0.4542739349879091,-0.3258736302692456,2,0
2026-09-15 07:00:00,33673.34,30661.0859,2377.609,1315.451,185.648422,-1.1687777857617696,-0.8377510731748096,0.4545039249529153,-0.2490387404838746,0,1
2026-09-15 07:15:00,33673.34,30661.0859,2377.609,1315.451,185.648422,-1.1687777857617696,-0.8377510731748096,0.4545039249529153,-0.2490387404838746,0,1
2026-09-15 07:30:00,34039.125,30467.0762,2429.12573,1314.279,187.887573,-1.226737824984955,-0.7129445198570374,0.4969904391480726,-0.1788369007431661,0,1
2026-09-15 07:45:00,34039.125,30467.0762,2429.12573,1314.279,187.887573,-1.226737824984955,-0.7129445198570374,0.4969904391480726,-0.1788369007431661,0,1
2026-09-15 08:00:00,33682.5,29373.4277,2486.442,1347.0957,195.426285,-1.6348300390718808,-0.930747368729894,0.5934667003676023,-0.1120129202344916,0,1
2026-09-15 08:15:00,33682.5,29373.4277,2486.442,1347.0957,195.426285,-1.6348300390718808,-0.930747368729894,0.5934667003676023,-0.1120129202344916,0,1
2026-09-15 08:30:00,31384.11,30658.7617,2460.90186,1289.16907,190.778458,-1.1145444367042918,-1.5145423593010623,0.5726349328233726,-0.1281444902327469,0,1
2026-09-15 08:45:00,32940.9023,30073.627,2401.42627,1304.33044,193.3326,-1.3283644029574349,-1.046425018753275,0.6003312105349323,-0.213176933178135,0,1
2026-09-15 09:00:00,32940.9023,30073.627,2401.42627,1304.33044,193.3326,-1.3283644029574349,-1.046425018753275,0.6003312105349323,-0.213176933178135,0,1
2026-09-15 09:15:00,30323.459,30755.3,2404.816,1287.40442,193.748474,-1.0807554030240916,-1.8586350476942088,0.6233830503648666,-0.2032337677072861,0,0
2026-09-15 09:30:00,31566.17,28853.2129,2317.795,1318.3208,199.760147,-1.7361892089132165,-1.5426015278767742,0.6902818225589983,-0.3315877656692279,0,0
2026-09-15 09:45:00,31566.17,28853.2129,2317.795,1318.3208,199.760147,-1.7361892089132165,-1.5426015278767742,0.6902818225589983,-0.3315877656692279,0,0
2026-09-15 10:00:00,32229.77,29540.7285,2245.71851,1313.18445,193.329117,-1.512350154591177,-1.3081703138347982,0.5916863850510676,-0.4289872267682365,2,0
2026-09-15 10:15:00,31853.9941,32599.0586,2044.52307,1238.78638,183.287872,-0.3998833922528145,-1.2071099623531438,0.4939280110168031,-0.6843223364992186,2,0
2026-09-15 10:30:00,31853.9941,32599.0586,2044.52307,1238.78638,183.287872,-0.3998833922528145,-1.2071099623531438,0.4939280110168031,-0.6843223364992186,2,0
2026-09-15 10:45:00,32262.4063,29431.0449,2169.58862,1312.59937,195.500885,-1.5451659121947574,-1.295626896758588,0.6278296296117313,-0.5341036375707988,2,0
2026-09-15 11:00:00,29250.03,31027.2813,2081.736,1265.05872,180.068924,-0.9490588406982438,-2.144415090422146,0.4026957678191262,-0.6409099368194927,2,0
2026-09-15 11:15:00,29250.03,31027.2813,2081.736,1265.05872,180.068924,-0.9490588406982438,-2.144415090422146,0.4026957678191262,-0.6409099368194927,2,0
2026-09-15 11:30:00,31771.7539,28541.55,2126.48071,1337.28125,185.618988,-1.8720633918957117,-1.5321125476208488,0.4292280720037857,-0.6020308722823877,0,0
2026-09-15 11:45:00,31851.6,30839.2129,1987.93054,1275.8512,183.003326,-1.0303938617573665,-1.320059895607332,0.448391539517174,-0.7757233300903194,2,0
2026-09-15 12:00:00,31851.6,30839.2129,1987.93054,1275.8512,183.003326,-1.0303938617573665,-1.320059895607332,0.448391539517174,-0.7757233300903194,2,0
2026-09-15 12:15:00,33518.98,30613.748,1984.86987,1299.86987,183.48468,-1.150950325853312,-0.8415813413566947,0.4304238895039592,-0.787890101070477,2,0
2026-09-15 12:30:00,33518.98,30613.748,1984.86987,1299.86987,183.48468,-1.150950325853312,-0.8415813413566947,0.4304238895039592,-0.787890101070477,2,0
2026-09-15 12:45:00,32478.7227,30500.9453,1994.84607,1292.94617,180.64888,-1.1716149629321182,-1.1647040247091596,0.3800305585439414,-0.7716153592405086,2,0
2026-09-15 13:00:00,32507.9512,30178.2617,2008.85229,1311.30237,183.359711,-1.3103778155923405,-1.2106221090187317,0.4145500039330673,-0.7579728504845314,2,0
2026-09-15 13:15:00,32507.9512,30178.2617,2008.85229,1311.30237,183.359711,-1.3103778155923405,-1.2106221090187317,0.4145500039330673,-0.7579728504845314,2,0
2026-09-15 13:30:00,33097.38,30992.7422,1935.933,1279.08459,179.488434,-0.9892448608983934,-0.9181083766908,0.3722057486656181,-0.8498871216162521,2,0
2026-09-15 13:45:00,33097.38,30992.7422,1935.933,1279.08459,179.488434,-0.9892448608983934,-0.9181083766908,0.3722057486656181,-0.8498871216162521,2,0
2026-09-15 14:00:00,32576.2266,29974.7441,2039.87854,1319.65259,185.022446,-1.3910580537283843,-1.2133477329472793,0.437788034520298,-0.7172214548721288,2,0
2026-09-15 14:15:00,33831.37,30387.9063,1919.31433,1323.59949,192.495651,-1.270839209714635,-0.8101364991551657,0.5675342565936595,-0.887938598580163,2,0
2026-09-15 14:30:00,33831.37,30387.9063,1919.31433,1323.59949,192.495651,-1.270839209714635,-0.8101364991551657,0.5675342565936595,-0.887938598580163,2,0
2026-09-15 14:45:00,29912.2949,28294.3262,2381.82739,1322.27893,185.10321,-1.9173976540205728,-2.099081396203095,0.4363628365789326,-0.2454689690483195,0,1
2026-09-15 15:00:00,33863.793,30531.7871,1885.67725,1303.53455,184.87207,-1.1841405884567413,-0.7384351838432459,0.4530423230437804,-0.9287979695854868,2,0
2026-09-15 15:15:00,33863.793,30531.7871,1885.67725,1303.53455,184.87207,-1.1841405884567413,-0.7384351838432459,0.4530423230437804,-0.9287979695854868,2,0
2026-09-15 15:30:00,33410.1328,30138.3418,1977.79272,1319.7395,194.937912,-1.3403948770121328,-0.937914435533597,0.6118452511908912,-0.8043468921289535,2,0
2026-09-15 15:45:00,33410.1328,30138.3418,1977.79272,1319.7395,194.937912,-1.3403948770121328,-0.937914435533597,0.6118452511908912,-0.8043468921289535,2,0
2026-09-15 16:00:00,33396.0547,29673.8828,1960.50378,1327.16443,194.455017,-1.5001426598958625,-0.9650917326241844,0.5967445798046754,-0.8310945820614996,2,0
2026-09-15 16:15:00,33396.0547,29673.8828,1960.50378,1327.16443,194.455017,-1.5001426598958625,-0.9650917326241844,0.5967445798046754,-0.8310945820614996,2,0
2026-09-15 16:30:00,33265.207,30031.5449,2021.733,1321.20886,188.911591,-1.376653633336154,-0.9903246150071104,0.5080154060244473,-0.7431522018861213,2,0
2026-09-15 16:45:00,33359.34,30431.3965,2090.44971,1312.45764,191.508667,-1.2340386645305672,-0.9326376140855946,0.5619014275027452,-0.6441835995226042,2,0
2026-09-15 17:00:00,33359.34,30431.3965,2090.44971,1312.45764,191.508667,-1.2340386645305672,-0.9326376140855946,0.5619014275027452,-0.6441835995226042,2,0
2026-09-15 17:15:00,33563.21,29880.4023,1983.06763,1331.02087,189.446884,-1.4440616935277897,-0.9214690350333524,0.5072974608728985,-0.8006332497982599,2,0
2026-09-15 17:30:00,33573.5742,30123.502,2019.80518,1323.49719,193.144,-1.352846953152749,-0.8952115522270357,0.5785263735061721,-0.7466033753222937,2,0
2026-09-15 17:45:00,33573.5742,30123.502,2019.80518,1323.49719,193.144,-1.352846953152749,-0.8952115522270357,0.5785263735061721,-0.7466033753222937,2,0
2026-09-15 18:00:00,33267.6523,29344.248,2104.27466,1351.76221,196.819122,-1.6535826444855242,-1.0821164343261456,0.6118829636505239,-0.637690504039691,2,0
2026-09-15 18:15:00,33267.6523,29344.248,2104.27466,1351.76221,196.819122,-1.6535826444855242,-1.0821164343261456,0.6118829636505239,-0.637690504039691,2,0
2026-09-15 18:30:00,33876.67,29703.1465,2034.76135,1337.07117,199.5837,-1.5116946288104454,-0.8360329154294507,0.670190974251025,-0.7300811690463578,2,0
2026-09-15 18:45:00,33815.43,30742.73,1934.95972,1310.06677,197.7631,-1.1320838744221118,-0.7743165864701869,0.6664516973237402,-0.8614387688463716,2,0
2026-09-15 19:00:00,33815.43,30742.73,1934.95972,1310.06677,197.7631,-1.1320838744221118,-0.7743165864701869,0.6664516973237402,-0.8614387688463716,2,0
2026-09-15 19:15:00,34108.125,30313.2676,2008.40344,1331.27917,202.804489,-1.3100855130111937,-0.7417312904404486,0.7257412994306744,-0.7651419543657837,2,0
2026-09-15 20:15:00,33941.29,29879.375,2254.02124,1335.86755,218.229141,-1.4544810715879526,-0.8109693796868486,0.9492147515012328,-0.4248377550437031,2,0
2026-09-15 20:30:00,33147.01,30359.59,2282.25122,1317.28772,212.934479,-1.2664703702284168,-1.0175350104253131,0.8889178119564892,-0.3800169888743432,2,0
2026-09-15 20:45:00,33147.01,30359.59,2282.25122,1317.28772,212.934479,-1.2664703702284168,-1.0175350104253131,0.8889178119564892,-0.3800169888743432,2,0
2026-09-15 21:00:00,32891.3359,31178.8184,2245.07715,1292.67981,213.107712,-0.9596271979829146,-1.0275062848414394,0.9122398626816512,-0.4232759064472961,2,0
2026-09-15 21:15:00,32158.2617,30022.0742,2459.261,1301.78088,218.187881,-1.339072366956818,-1.2972761226337717,0.9769438035825122,-0.1343025272591028,2,0
2026-09-15 21:30:00,32158.2617,30022.0742,2459.261,1301.78088,218.187881,-1.339072366956818,-1.2972761226337717,0.9769438035825122,-0.1343025272591028,2,0
2026-09-15 21:45:00,32599.7051,29677.082,2387.4646,1319.881,214.464783,-1.4839773648771968,-1.2062843271209085,0.9088045337667472,-0.2370471636927438,2,0
2026-09-15 22:00:00,31679.55,29130.99,2701.84082,1306.69312,217.460159,-1.6259304141876176,-1.4700799237615771,0.962588712269822,0.1800673445581632,0,1
2026-09-15 22:15:00,31679.55,29130.99,2701.84082,1306.69312,217.460159,-1.6259304141876176,-1.4700799237615771,0.962588712269822,0.1800673445581632,0,1
2026-09-15 22:30:00,31347.95,29128.9063,2831.345,1308.91907,210.48436,-1.6312076002907367,-1.5861308553651228,0.8604270322431073,0.3034985740108668,0,1
2026-09-15 22:45:00,31197.4844,27938.5039,2836.81543,1353.54358,216.502762,-2.0922475839404293,-1.7704371693049927,0.9097086119162864,0.2992330043132405,0,1
2026-09-15 23:00:00,31197.4844,27938.5039,2836.81543,1353.54358,216.502762,-2.0922475839404293,-1.7704371693049927,0.9097086119162864,0.2992330043132405,0,1
2026-09-15 23:15:00,32446.5781,29250.627,2832.112,1337.4635,211.9696,-1.6528577257386448,-1.3100528648972551,0.8576556533272729,0.2984107994925951,0,1
2026-09-15 23:30:00,33066.6328,31049.95,2772.73682,1297.81433,213.950348,-1.0106258773889871,-0.9850874391592934,0.9200101683609918,0.2544758896673821,0,2
2026-09-15 23:45:00,33066.6328,31049.95,2772.73682,1297.81433,213.950348,-1.0106258773889871,-0.9850874391592934,0.9200101683609918,0.2544758896673821,0,2
2026-09-16 00:00:00,33745.37,30169.88,3056.86548,1318.57031,211.370422,-1.3281504740601924,-0.8233593861488252,0.8650959496419464,0.4903786216641889,0,2
2026-09-16 00:15:00,33745.37,30169.88,3056.86548,1318.57031,211.370422,-1.3281504740601924,-0.8233593861488252,0.8650959496419464,0.4903786216641889,0,2
2026-09-16 00:30:00,33579.58,30013.75,3013.962,1326.34082,212.436737,-1.392884801537295,-0.9018513588434866,0.8739876100124795,0.4535917835668989,0,2
2026-09-16 00:45:00,31616.9512,28848.6133,3067.54883,1334.06433,202.308,-1.7703349992585669,-1.57342419263274,0.7155567899360104,0.4961724284657043,0,1
2026-09-16 01:00:00,31616.9512,28848.6133,3067.54883,1334.06433,202.308,-1.7703349992585669,-1.57342419263274,0.7155567899360104,0.4961724284657043,0,1
2026-09-16 01:15:00,33197.66,29360.2715,2984.93677,1349.35742,208.352676,-1.643613507406688,-1.0979680937205452,0.7938355169954109,0.4251239699797319,0,1
2026-09-16 01:30:00,34349.7578,29922.2813,3012.83252,1325.17834,213.429352,-1.4188769870671452,-0.6430144386749005,0.8893795147219636,0.4528833815889445,0,1
2026-09-16 01:45:00,34349.7578,29922.2813,3012.83252,1325.17834,213.429352,-1.4188769870671452,-0.6430144386749005,0.8893795147219636,0.4528833815889445,0,1
2026-09-16 02:00:00,35323.1758,30421.7676,2775.91162,1342.90576,219.065964,-1.3006087415524714,-0.3732551883667267,0.9552337055798346,0.2478981609125531,0,1
2026-09-16 02:15:00,35323.1758,30421.7676,2775.91162,1342.90576,219.065964,-1.3006087415524714,-0.3732551883667267,0.9552337055798346,0.2478981609125531,0,1
2026-09-16 02:30:00,34843.38,29941.2129,2788.51245,1344.8584,218.223282,-1.454015435682812,-0.5389496190405036,0.9416255593529116,0.2587476283727585,0,1
2026-09-16 02:45:00,35512.8125,30568.4063,2715.16919,1333.14758,216.974579,-1.234611987819647,-0.2800827318717706,0.9336169934258056,0.1887329927212628,2,1
2026-09-16 03:00:00,35512.8125,30568.4063,2715.16919,1333.14758,216.974579,-1.234611987819647,-0.2800827318717706,0.9336169934258056,0.1887329927212628,2,1
2026-09-16 03:15:00,36004.67,31584.1074,2709.50684,1315.27441,211.213654,-0.8803443954762422,-0.0595700798339615,0.8656300868581789,0.1869355975125633,2,2
2026-09-16 03:30:00,36004.67,31584.1074,2709.50684,1315.27441,211.213654,-0.8803443954762422,-0.0595700798339615,0.8656300868581789,0.1869355975125633,2,2
2026-09-16 03:45:00,35369.9258,30753.7441,2679.24731,1330.71863,208.478485,-1.1718315167418032,-0.3203849325944147,0.8120230091797762,0.1451256579925063,2,1
2026-09-16 04:00:00,35837.3672,31263.59,2569.96558,1320.73315,210.326721,-0.991948437264562,-0.1330932182285246,0.8479687639919485,0.0071240009483914,2,1
2026-09-16 04:15:00,35837.3672,31263.59,2569.96558,1320.73315,210.326721,-0.991948437264562,-0.1330932182285246,0.8479687639919485,0.0071240009483914,2,1
2026-09-16 04:30:00,35680.6523,29508.36,2572.45435,1370.45618,207.675171,-1.6416008090039511,-0.3382311093131894,0.7650046592911492,-0.0048748617421408,0,1
2026-09-16 04:45:00,35724.2773,32015.66,2423.95435,1301.526,196.86142,-0.716272941795285,-0.1118777936009821,0.6600917992300874,-0.1818031229791616,2,2
2026-09-16 05:00:00,35724.2773,32015.66,2423.95435,1301.526,196.86142,-0.716272941795285,-0.1118777936009821,0.6600917992300874,-0.1818031229791616,2,2
2026-09-16 05:15:00,36645.9766,32540.8848,2418.59619,1295.7981,197.813065,-0.5390780220835334,0.239802440720608,0.680462343350751,-0.1872385680853026,2,0
2026-09-16 05:30:00,35992.3633,31126.3281,2394.84961,1326.67566,197.435287,-1.0472335981202592,-0.0991823942840594,0.6456925958581263,-0.2291710581213309,2,0
2026-09-16 05:45:00,35992.3633,31126.3281,2394.84961,1326.67566,197.435287,-1.0472335981202592,-0.0991823942840594,0.6456925958581263,-0.2291710581213309,2,0
2026-09-16 06:00:00,36201.3867,31321.6582,2310.55371,1323.20544,200.089859,-0.9789975114897688,-0.015753586095984,0.6909567272572394,-0.3430694770314131,2,0
2026-09-16 06:15:00,36201.3867,31321.6582,2310.55371,1323.20544,200.089859,-0.9789975114897688,-0.015753586095984,0.6909567272572394,-0.3430694770314131,2,0
2026-09-16 06:30:00,35529.3438,30532.1445,2228.62817,1337.74329,200.340118,-1.2554946692742446,-0.2886356987977853,0.6814999110455948,-0.4604834197471431,2,0
2026-09-16 06:45:00,36203.3867,32206.2539,1854.00439,1311.305,200.084213,-0.6770523277083693,0.0247127244239445,0.7017691842760269,-0.9761266427022284,2,0
2026-09-16 07:00:00,36203.3867,32206.2539,1854.00439,1311.305,200.084213,-0.6770523277083693,0.0247127244239445,0.7017691842760269,-0.9761266427022284,2,0
2026-09-16 07:15:00,34973.2578,30388.2285,2188.76758,1338.29968,200.338547,-1.301425848209906,-0.4757569867859105,0.680961703344044,-0.5158228755434421,2,0
2026-09-16 07:30:00,34931.9336,31162.6113,2161.44336,1309.66235,196.779,-1.000278422295876,-0.4021164204044505,0.6511663711605565,-0.5444572263809372,2,0
2026-09-16 07:45:00,34931.9336,31162.6113,2161.44336,1309.66235,196.779,-1.000278422295876,-0.4021164204044505,0.6511663711605565,-0.5444572263809372,2,0
2026-09-16 08:00:00,33647.45,28827.9238,2169.291,1358.41479,204.796234,-1.8273319180337035,-0.9766742447980068,0.7318854448561752,-0.5493558158709341,2,0
2026-09-16 08:15:00,33647.45,28827.9238,2169.291,1358.41479,204.796234,-1.8273319180337035,-0.9766742447980068,0.7318854448561752,-0.5493558158709341,2,0
2026-09-16 08:30:00,33327.125,29564.2266,2309.462,1329.86731,214.173721,-1.5398000158931784,-0.9960921176679576,0.8961637954927305,-0.3466966739235135,2,0
2026-09-16 09:15:00,30430.1211,28704.002,2387.67432,1323.07959,194.326233,-1.7922850473030922,-1.9311410827689128,0.5985755420444573,-0.2377762182173816,0,0
2026-09-16 09:30:00,33351.2,29157.02,2246.75024,1352.33826,201.674316,-1.7127976407548826,-1.056239581149914,0.6890009630783641,-0.4401651337333394,2,0
2026-09-16 09:45:00,33351.2,29157.02,2246.75024,1352.33826,201.674316,-1.7127976407548826,-1.056239581149914,0.6890009630783641,-0.4401651337333394,2,0
2026-09-16 10:00:00,33956.082,28922.21,2434.436,1360.43652,206.860641,-1.8023458747684864,-0.8806533887211786,0.7615711311281894,-0.1862147170150468,0,0
2026-09-16 12:30:00,33216.97,31617.9023,2870.30249,1278.22485,201.408081,-0.791941201796683,-0.8759059683709601,0.7520180819319324,0.3429256211020387,0,2
2026-09-16 12:45:00,33216.97,31617.9023,2870.30249,1278.22485,201.408081,-0.791941201796683,-0.8759059683709601,0.7520180819319324,0.3429256211020387,0,2
2026-09-16 13:00:00,34037.29,31316.0332,2703.27173,1307.63818,201.621536,-0.9481223080322608,-0.6933638668750375,0.7288826596227465,0.1815406770758841,0,2
2026-09-16 13:15:00,34533.41,31527.9336,2673.533,1300.16077,200.828445,-0.8661886618820714,-0.5058051767166456,0.7234273983239103,0.1469026428440601,2,2
2026-09-16 13:30:00,31648.9863,28511.5332,2974.38428,1334.19067,193.709366,-1.8749333644126391,-1.5632463709540705,0.5774875561765916,0.4192987744581903,0,1
2026-09-16 13:45:00,33379.8164,29887.2715,2639.691,1323.09033,197.513336,-1.4253988828018092,-0.9581099128263942,0.6503104595382502,0.0971124911164447,0,1
2026-09-16 14:00:00,33379.8164,29887.2715,2639.691,1323.09033,197.513336,-1.4253988828018092,-0.9581099128263942,0.6503104595382502,0.0971124911164447,0,1
2026-09-16 14:15:00,32469.3477,29095.9277,2799.27075,1343.41187,193.951218,-1.7131652360103795,-1.3205313907424614,0.5724687501231612,0.2685618849180974,0,1
2026-09-16 14:30:00,32104.582,29194.1738,2771.083,1328.71155,193.164276,-1.6521504574273955,-1.3964434999725717,0.5737384065853792,0.2465339635944474,0,1
2026-09-16 14:45:00,32164.6289,29478.0977,2695.184,1321.23218,193.029373,-1.5485421821531615,-1.3540125892724777,0.5788320312047984,0.1677376504068381,0,1
2026-09-16 15:00:00,32316.6484,28710.67,2659.10669,1341.77747,193.300568,-1.8290650106006416,-1.3659822716523755,0.5631134693807024,0.1163723139252779,0,1
2026-09-16 15:15:00,31163.123,30665.7988,2573.97974,1285.98657,191.370621,-1.1056933742087625,-1.577777647620249,0.5856613247964845,0.0230384875339176,0,1
2026-09-16 15:30:00,31163.123,30665.7988,2573.97974,1285.98657,191.370621,-1.1056933742087625,-1.577777647620249,0.5856613247964845,0.0230384875339176,0,1
2026-09-16 15:45:00,31776.502,29402.8145,2531.37817,1320.66589,190.247284,-1.5707165835010592,-1.480337686519177,0.5320202183006996,-0.0438423296817901,0,1
2026-09-16 16:00:00,31193.0,30860.2031,2774.56616,1271.07007,194.849884,-1.0138295375090525,-1.5228632332965075,0.6565167409450213,0.2616496854202634,0,1
2026-09-16 16:15:00,31193.0,30860.2031,2774.56616,1271.07007,194.849884,-1.0138295375090525,-1.5228632332965075,0.6565167409450213,0.2616496854202634,0,1
2026-09-16 16:30:00,34375.46,33263.1172,2354.95459,1246.53687,190.556625,-0.2051097925950319,-0.3947656646951861,0.6104346205251883,-0.2579835686341594,2,2
2026-09-16 16:45:00,32707.9727,32366.1445,2551.4353,1244.04016,194.076492,-0.4846469860004346,-0.940692853750612,0.66942050915138,0.0062887749472808,2,1
2026-09-16 17:00:00,32707.9727,32366.1445,2551.4353,1244.04016,194.076492,-0.4846469860004346,-0.940692853750612,0.66942050915138,0.0062887749472808,2,1
2026-09-16 17:15:00,32953.7266,31439.7031,2512.942,1291.98633,198.368149,-0.8766274484655058,-1.004768426647472,0.692678495580985,-0.0594487212901421,2,1
2026-09-16 17:30:00,33837.76,31648.2871,2402.041,1294.961,207.441742,-0.8176005645573562,-0.7210110124779612,0.8277527107803163,-0.2093810289967108,2,0
2026-09-16 17:45:00,33837.76,31648.2871,2402.041,1294.961,207.441742,-0.8176005645573562,-0.7210110124779612,0.8277527107803163,-0.2093810289967108,2,0
2026-09-16 18:00:00,32941.05,31675.5918,2635.96948,1279.39612,203.73114,-0.7763299837934882,-0.9707895898083456,0.7860919155267077,0.1054121255306108,2,2
2026-09-16 18:15:00,32375.4551,30032.99,2541.67944,1306.8457,198.946045,-1.3462454462323463,-1.2408910914177411,0.6880757985725635,-0.0259171038645505,0,1
2026-09-16 18:30:00,32375.4551,30032.99,2541.67944,1306.8457,198.946045,-1.3462454462323463,-1.2408910914177411,0.6880757985725635,-0.0259171038645505,0,1
2026-09-16 18:45:00,32655.6348,30277.1074,2422.10034,1304.47363,195.333176,-1.2653771377062062,-1.1411563513803311,0.6328288582621346,-0.1852381306893671,0,1
2026-09-16 19:00:00,32655.6348,30277.1074,2422.10034,1304.47363,195.333176,-1.2653771377062062,-1.1411563513803311,0.6328288582621346,-0.1852381306893671,0,1
2026-09-16 19:15:00,33639.457,30847.9355,2468.67041,1308.73315,194.8145,-1.0965022705380474,-0.8285799541435797,0.6203684835287387,-0.1238433181826714,2,1
2026-09-16 19:30:00,33035.9023,30017.2051,2508.347,1312.28442,196.8545,-1.3624968635519938,-1.039115672549496,0.6499137146906027,-0.0718753443111415,0,1
2026-09-16 19:45:00,33035.9023,30017.2051,2508.347,1312.28442,196.8545,-1.3624968635519938,-1.039115672549496,0.6499137146906027,-0.0718753443111415,0,1
2026-09-16 20:00:00,33337.6641,29430.2813,2481.16626,1331.82056,195.91629,-1.5854157815450167,-0.9985274418899568,0.6162486732062238,-0.1143071452609188,0,1
2026-09-16 20:15:00,33033.84,30220.8848,2439.883,1311.45483,193.395,-1.2974404889557898,-1.0372834029346325,0.5944583964482164,-0.163429276519966,0,1
2026-09-16 20:30:00,33033.84,30220.8848,2439.883,1311.45483,193.395,-1.2974404889557898,-1.0372834029346325,0.5944583964482164,-0.163429276519966,0,1
2026-09-16 20:45:00,33970.64,29619.3711,2583.18213,1316.73718,199.249756,-1.495342137210634,-0.7431277114193009,0.6837343228724596,0.0256946499815944,0,1
2026-09-16 21:00:00,34148.4063,29245.502,2549.28979,1334.00159,203.90535,-1.647244917452075,-0.7366476309648687,0.7401856425741861,-0.0242316786668881,0,1
2026-09-16 21:15:00,34148.4063,29245.502,2549.28979,1334.00159,203.90535,-1.647244917452075,-0.7366476309648687,0.7401856425741861,-0.0242316786668881,0,1
2026-09-16 21:30:00,32023.21,30576.6777,2479.37964,1279.50232,187.1682,-1.119908376816485,-1.274455284520057,0.5204350477218447,-0.1003484968540207,0,1
2026-09-16 21:45:00,33302.4648,30797.709,2276.188,1309.89917,195.920776,-1.1145987009071912,-0.9437007853001532,0.6371723025920534,-0.3859812832109506,2,0
2026-09-16 22:00:00,33302.4648,30797.709,2276.188,1309.89917,195.920776,-1.1145987009071912,-0.9437007853001532,0.6371723025920534,-0.3859812832109506,2,0
2026-09-16 22:15:00,36148.72,31785.3789,2453.26782,1325.26892,213.777527,-0.8383576091440126,-0.0415527728972992,0.8943379517499119,-0.1497370948196239,2,0
2026-09-16 22:30:00,36148.72,31785.3789,2453.26782,1325.26892,213.777527,-0.8383576091440126,-0.0415527728972992,0.8943379517499119,-0.1497370948196239,2,0
2026-09-16 22:45:00,36673.2852,32067.2129,2493.38062,1315.42676,212.380386,-0.7293645877694341,0.18348549400899,0.882470923444578,-0.092833343413593,2,0
2026-09-16 23:00:00,35486.2734,31776.1563,2833.1333,1307.56384,208.998413,-0.8040445473730591,-0.2104833232343859,0.8398042018573098,0.3053122990739724,2,2
2026-09-16 23:15:00,35486.2734,31776.1563,2833.1333,1307.56384,208.998413,-0.8040445473730591,-0.2104833232343859,0.8398042018573098,0.3053122990739724,2,2
2026-09-16 23:30:00,36397.37,32424.2051,2732.23926,1293.90466,213.082672,-0.5718226765798795,0.1544886302494061,0.9108470055679184,0.2181305333554896,2,2
2026-09-16 23:45:00,36397.37,32424.2051,2732.23926,1293.90466,213.082672,-0.5718226765798795,0.1544886302494061,0.9108470055679184,0.2181305333554896,2,2
2026-09-17 00:00:00,35814.26,31230.67,2791.84229,1311.61926,209.309891,-0.983129565225934,-0.1127278974006662,0.8408860401999634,0.2685529778932805,2,2
2026-09-17 00:15:00,35417.4141,31172.709,2773.19873,1308.29541,207.06813,-0.99426202977398,-0.2357979389756739,0.8106151427421423,0.2527045326905234,2,2
2026-09-17 00:30:00,35417.4141,31172.709,2773.19873,1308.29541,207.06813,-0.99426202977398,-0.2357979389756739,0.8106151427421423,0.2527045326905234,2,2
2026-09-17 00:45:00,35213.54,32232.2168,2640.54761,1294.54236,201.74942,-0.6335570683683137,-0.2618457498682734,0.7426216032495516,0.1067480738039002,2,2
2026-09-17 01:00:00,34488.48,30766.1953,2634.425,1335.46631,202.398,-1.1778771710085103,-0.6282618718621709,0.7156765207221687,0.0866240988709831,0,1
2026-09-17 01:15:00,34488.48,30766.1953,2634.425,1335.46631,202.398,-1.1778771710085103,-0.6282618718621709,0.7156765207221687,0.0866240988709831,0,1
2026-09-17 01:30:00,34971.1445,31454.31,2610.4978,1307.654,197.32843,-0.9049400615611244,-0.3829108780112384,0.6618000582293848,0.0640747698695062,2,2
2026-09-17 01:45:00,34971.1445,31454.31,2610.4978,1307.654,197.32843,-0.9049400615611244,-0.3829108780112384,0.6618000582293848,0.0640747698695062,2,2
2026-09-17 02:00:00,33949.8047,32770.92,2434.89648,1258.3092,186.45137,-0.386949758761403,-0.5723104537951234,0.5296359649598961,-0.1534368103481295,2,2
2026-09-17 02:15:00,34960.9648,32832.36,2429.07886,1266.95984,188.086945,-0.3858775488584549,-0.2617749969399442,0.549096038204083,-0.163998186260755,2,2
2026-09-17 02:30:00,34960.9648,32832.36,2429.07886,1266.95984,188.086945,-0.3858775488584549,-0.2617749969399442,0.549096038204083,-0.163998186260755,2,2
2026-09-17 02:45:00,34785.81,32842.24,2241.04541,1276.83569,186.290024,-0.4037361647474251,-0.3505230238881054,0.5076955660305131,-0.4237372740276703,2,0
2026-09-17 03:00:00,35450.91,33104.83,2219.06055,1292.35059,187.449478,-0.3535208223716337,-0.1755730509933352,0.5121109797886705,-0.4590686493523206,2,0
2026-09-17 03:15:00,35450.91,33104.83,2219.06055,1292.35059,187.449478,-0.3535208223716337,-0.1755730509933352,0.5121109797886705,-0.4590686493523206,2,0
2026-09-17 03:30:00,35410.59,33516.2852,2351.89063,1274.08118,189.875488,-0.1831900679227358,-0.1328318515064049,0.5723374656675976,-0.2709092919159487,2,2
2026-09-17 03:45:00,35752.8242,33329.8477,2563.13159,1275.946,189.692,-0.246894733061435,-0.0213525442951505,0.5674056616973838,0.0118775256722371,2,2
2026-09-17 04:00:00,35752.8242,33329.8477,2563.13159,1275.946,189.692,-0.246894733061435,-0.0213525442951505,0.5674056616973838,0.0118775256722371,2,2
2026-09-17 04:15:00,35941.0742,33243.4648,2642.05884,1287.377,192.213,-0.2988745382201576,0.0090076910144615,0.5982716478584114,0.1108171476122653,2,2
2026-09-17 04:30:00,35941.0742,33243.4648,2642.05884,1287.377,192.213,-0.2988745382201576,0.0090076910144615,0.5982716478584114,0.1108171476122653,2,2
2026-09-17 04:45:00,35504.3828,32497.4043,2736.89526,1293.45239,193.155624,-0.5478167132550441,-0.1610022062287872,0.6079153494555214,0.22268174899294,2,2
2026-09-17 05:00:00,35536.582,31045.1875,2542.277,1352.35364,195.836365,-1.1262666379119337,-0.3309428762479875,0.5951476267255664,-0.0391922770802454,2,1
2026-09-17 05:15:00,35536.582,31045.1875,2542.277,1352.35364,195.836365,-1.1262666379119337,-0.3309428762479875,0.5951476267255664,-0.0391922770802454,2,1
2026-09-17 05:30:00,34844.01,34447.875,2683.357,1243.28381,181.60376,0.2264733648193474,-0.2282929898319965,0.4580840065259025,0.1755614286983064,2,2
2026-09-17 05:45:00,34844.01,34447.875,2683.357,1243.28381,181.60376,0.2264733648193474,-0.2282929898319965,0.4580840065259025,0.1755614286983064,2,2
2026-09-17 06:00:00,35490.582,34018.32,2774.476,1255.56543,189.591537,0.0334232579647182,-0.0482390820333133,0.5857587083691047,0.2647708890818021,2,2
2026-09-17 06:15:00,35901.58,34777.3477,2576.86328,1238.27551,192.35498,0.3645094158145458,0.1596601923336141,0.6473991064266731,0.0413708843808939,2,2
2026-09-17 06:30:00,35901.58,34777.3477,2576.86328,1238.27551,192.35498,0.3645094158145458,0.1596601923336141,0.6473991064266731,0.0413708843808939,2,2
2026-09-17 06:45:00,35908.6563,34167.99,2641.60034,1248.18237,193.46524,0.1082356464466012,0.1288320264817979,0.6558516525750054,0.1218867998874821,2,2
2026-09-17 07:00:00,35912.4727,34200.9648,2645.75781,1253.01379,194.206818,0.1084431211469871,0.11394667944009,0.6631399881300959,0.1257352090357256,2,2
2026-09-17 07:15:00,35912.4727,34200.9648,2645.75781,1253.01379,194.206818,0.1084431211469871,0.11394667944009,0.6631399881300959,0.1257352090357256,2,2
2026-09-17 07:30:00,35382.79,34403.2656,2751.107,1228.27515,190.5615,0.2477606966049446,0.0029452918234344,0.6279635247661257,0.2496424062044391,2,2
2026-09-17 07:45:00,36106.8242,33343.57,2727.76636,1274.95264,200.200851,-0.2403830960244276,0.1114783042561784,0.7365131462206743,0.2180814720237008,2,2
2026-09-17 08:00:00,36106.8242,33343.57,2727.76636,1274.95264,200.200851,-0.2403830960244276,0.1114783042561784,0.7365131462206743,0.2180814720237008,2,2
2026-09-17 08:15:00,36412.6,33232.0664,2759.86426,1279.48914,203.886917,-0.2856532729349227,0.2088207040694553,0.7883474651999641,0.2467739425845215,2,2
2026-09-17 08:30:00,36716.5664,32870.3125,2825.83032,1287.21521,200.770081,-0.4168960258457188,0.2949714632057303,0.7342093385254413,0.303110204534781,2,2
2026-09-17 08:45:00,36716.5664,32870.3125,2825.83032,1287.21521,200.770081,-0.4168960258457188,0.2949714632057303,0.7342093385254413,0.303110204534781,2,2
2026-09-17 09:00:00,36929.2031,34159.582,2882.19556,1261.13208,196.108246,0.072378816191561,0.4623101229650038,0.6856353707306,0.3563702650269785,1,2
2026-09-17 09:15:00,36929.2031,34159.582,2882.19556,1261.13208,196.108246,0.072378816191561,0.4623101229650038,0.6856353707306,0.3563702650269785,1,2
2026-09-17 09:30:00,35256.3828,33422.1328,2900.40552,1264.22632,189.420212,-0.1921856434106137,-0.1543298356929854,0.5744022910244851,0.3711101896662822,2,2
2026-09-17 09:45:00,35908.7656,34006.3359,2717.815,1250.08142,188.389191,0.0427139750090914,0.1224682708799881,0.5710236799906244,0.2140038688697083,2,2
2026-09-17 10:00:00,35908.7656,34006.3359,2717.815,1250.08142,188.389191,0.0427139750090914,0.1224682708799881,0.5710236799906244,0.2140038688697083,2,2
2026-09-17 10:15:00,35357.4922,34405.79,2806.19775,1233.78516,188.456924,0.2346883359048935,-0.0245885889867688,0.5881425275100686,0.2969213601264387,2,2
2026-09-17 10:30:00,35357.4922,34405.79,2806.19775,1233.78516,188.456924,0.2346883359048935,-0.0245885889867688,0.5881425275100686,0.2969213601264387,2,2
2026-09-17 10:45:00,36072.3633,33992.832,2600.6936,1262.58459,190.985031,0.006312842905175,0.1405059985132624,0.6020087100359357,0.0649985645253054,2,2
2026-09-17 11:00:00,35231.9023,33815.2969,2834.44287,1245.88477,184.048965,-0.0180314901996044,-0.1059496279019547,0.5001167928179543,0.3187965093500057,2,2
2026-09-17 11:15:00,35231.9023,33815.2969,2834.44287,1245.88477,184.048965,-0.0180314901996044,-0.1059496279019547,0.5001167928179543,0.3187965093500057,2,2
2026-09-17 11:30:00,35207.0469,34239.0,2803.77612,1248.17053,182.634659,0.135040526902279,-0.1214026407727725,0.4719645364731523,0.2919159680185781,2,2
2026-09-17 12:30:00,34897.6953,34164.543,3284.209,1234.94849,180.438461,0.1404294749526682,-0.1846836109268808,0.445235224573359,0.6901416817923817,0,2
2026-09-17 12:45:00,35883.9063,33936.6055,3753.18872,1246.84961,186.14119,0.0247400428983415,0.1242193303406822,0.535919982160442,1.0579931085675944,1,2
2026-09-17 13:00:00,35883.9063,33936.6055,3753.18872,1246.84961,186.14119,0.0247400428983415,0.1242193303406822,0.535919982160442,1.0579931085675944,1,2
2026-09-17 13:15:00,36168.9336,34085.33,4201.643,1245.48779,182.0769,0.0839310099901934,0.2339067677363405,0.4645286401768215,1.4051101395994068,1,2
2026-09-17 13:30:00,36168.9336,34085.33,4201.643,1245.48779,182.0769,0.0839310099901934,0.2339067677363405,0.4645286401768215,1.4051101395994068,1,2
2026-09-17 13:45:00,36815.9141,35030.4063,4451.06641,1220.78137,182.479614,0.5059474387050744,0.5575410455640675,0.4983890645228447,1.6003625510888833,1,2
2026-09-17 14:00:00,36932.42,33986.8125,4728.43555,1238.58948,181.5112,0.0643114641989587,0.5401943771542814,0.4615188205267347,1.808036043884297,1,2
2026-09-17 14:15:00,36932.42,33986.8125,4728.43555,1238.58948,181.5112,0.0643114641989587,0.5401943771542814,0.4615188205267347,1.808036043884297,1,2
2026-09-17 14:30:00,37025.9141,33717.63,5204.042,1244.42261,179.062256,-0.0504657906597597,0.5550648197694268,0.4069226032135337,2.1657067526737976,1,2
2026-09-17 14:45:00,37640.7969,33727.7227,5490.003,1250.64563,182.7533,-0.0620389113588961,0.7625334594803755,0.4714729723007115,2.378823384168925,1,2
2026-09-17 15:00:00,37640.7969,33727.7227,5490.003,1250.64563,182.7533,-0.0620389113588961,0.7625334594803755,0.4714729723007115,2.378823384168925,1,2
2026-09-17 15:15:00,37177.9258,34021.0625,5827.272,1227.27393,176.3288,0.1057460770140275,0.6699924610831849,0.3694504005883392,2.634296253596302,1,2
2026-09-17 15:30:00,37539.0938,33895.19,5963.431,1231.43335,178.373352,0.0479599709733976,0.7902260693200743,0.4084288392403457,2.7347261009458848,1,2
2026-09-17 15:45:00,37539.0938,33895.19,5963.431,1231.43335,178.373352,0.0479599709733976,0.7902260693200743,0.4084288392403457,2.7347261009458848,1,2
2026-09-17 16:00:00,37951.8477,33573.8,6303.261,1243.56677,183.178955,-0.0982791672953882,0.902578395204738,0.4868841439406705,2.984306650288226,1,2
2026-09-17 16:15:00,37951.8477,33573.8,6303.261,1243.56677,183.178955,-0.0982791672953882,0.902578395204738,0.4868841439406705,2.984306650288226,1,2
2026-09-17 16:30:00,37343.6953,33992.918,6009.424,1238.5553,183.382568,0.0666895937187172,0.6931977359097524,0.4958765898230014,2.7676194162907533,1,2
2026-09-17 16:45:00,37776.35,33741.6133,5683.75928,1243.45313,189.802475,-0.0392512886603429,0.8375668941747012,0.6010199856174391,2.524662236983364,1,2
2026-09-17 17:00:00,37776.35,33741.6133,5683.75928,1243.45313,189.802475,-0.0392512886603429,0.8375668941747012,0.6010199856174391,2.524662236983364,1,2
2026-09-17 17:15:00,37007.957,33717.2656,5622.90967,1231.78027,188.854874,-0.0192832595372297,0.5914424948071578,0.596685763006742,2.481331786569222,1,2
2026-09-17 17:30:00,37109.957,34628.0469,5181.195,1228.32239,188.404373,0.3330854555812603,0.6411409757466653,0.5925890155497622,2.151370275678021,1,2
2026-09-17 17:45:00,37109.957,34628.0469,5181.195,1228.32239,188.404373,0.3330854555812603,0.6411409757466653,0.5925890155497622,2.151370275678021,1,2
2026-09-17 18:00:00,37447.457,33925.2539,5092.69043,1247.05615,191.650391,0.019981287694894,0.7028170662535109,0.6277518327537968,2.0815526873297303,1,2
2026-09-17 18:15:00,37447.457,33925.2539,5092.69043,1247.05615,191.650391,0.019981287694894,0.7028170662535109,0.6277518327537968,2.0815526873297303,1,2
2026-09-17 18:30:00,38224.91,34395.2266,5297.043,1240.39563,193.627167,0.2138631982136345,1.0152441407226056,0.6656900912118097,2.236185972682214,1,2
2026-09-17 18:45:00,38468.9258,34508.76,5317.943,1245.87927,190.425217,0.2429608886228557,1.0875473235632815,0.6089139277467498,2.250892120930093,1,2
2026-09-17 19:00:00,38468.9258,34508.76,5317.943,1245.87927,190.425217,0.2429608886228557,1.0875473235632815,0.6089139277467498,2.250892120930093,1,2
2026-09-17 19:15:00,40072.01,34937.41,5182.235,1268.51086,187.987137,0.3481852499476582,1.609271214760088,0.545826535467886,2.145107511082936,1,2
2026-09-17 19:30:00,40072.01,34937.41,5182.235,1268.51086,187.987137,0.3481852499476582,1.609271214760088,0.545826535467886,2.145107511082936,1,2
2026-09-17 19:45:00,40330.72,35004.625,6154.022,1246.73682,184.808914,0.4295371202111808,1.780870529063725,0.5127436250520032,2.873364312700172,1,2
2026-09-17 20:00:00,40660.2852,35178.97,6369.90234,1246.47107,179.014526,0.496829951585292,1.905266484291737,0.403448750017519,3.0330371866543846,1,2
2026-09-17 20:15:00,40660.2852,35178.97,6369.90234,1246.47107,179.014526,0.496829951585292,1.905266484291737,0.403448750017519,3.0330371866543846,1,2
2026-09-17 20:30:00,40358.0078,34683.43,6648.92,1247.10229,180.884216,0.3062015833842907,1.7898378146214056,0.4400858413313198,3.2386389602569654,1,2
2026-09-17 20:45:00,40358.0078,34683.43,6648.92,1247.10229,180.884216,0.3062015833842907,1.7898378146214056,0.4400858413313198,3.2386389602569654,1,2
2026-09-17 21:00:00,40479.96,34588.168,6527.9585,1246.8186,175.34166,0.2707153245236616,1.8365001953588929,0.3136654920125005,3.1495872755832317,1,2
2026-09-17 21:15:00,40772.43,35038.7461,6647.1,1248.49316,172.6687,0.438064061446603,1.9403528340450955,0.2295792314663016,3.237060333842587,1,2
2026-09-17 21:30:00,40772.43,35038.7461,6647.1,1248.49316,172.6687,0.438064061446603,1.9403528340450955,0.2295792314663016,3.237060333842587,1,2
2026-09-17 21:45:00,38980.7266,33881.8867,8174.888,1239.6698,176.05394,0.0222983948132631,1.299959374355998,0.3447419778192698,4.35479009042915,1,2
2026-09-17 22:00:00,39865.4023,34922.168,6903.296,1240.6438,173.483658,0.413672622908123,1.6275335580900228,0.2693872674414625,3.4267359670293214,1,2
2026-09-17 22:15:00,39865.4023,34922.168,6903.296,1240.6438,173.483658,0.413672622908123,1.6275335580900228,0.2693872674414625,3.4267359670293214,1,2
2026-09-17 22:30:00,39910.5859,34971.4,6337.46143,1237.80554,171.147064,0.4397362844437845,1.65418686311544,0.2007700006964076,3.010570037119142,1,2
2026-09-17 22:45:00,39910.5859,34971.4,6337.46143,1237.80554,171.147064,0.4397362844437845,1.65418686311544,0.2007700006964076,3.010570037119142,1,2
2026-09-17 23:00:00,39643.7656,34707.0352,6799.88135,1240.70166,171.404449,0.3315284834205751,1.5443821562451163,0.2036156357497481,3.350768753951445,1,2
2026-09-17 23:15:00,39542.8633,34890.75,6717.79,1243.76929,175.652542,0.393685374587458,1.4961095336488246,0.3274319085446804,3.289887466779508,1,2
2026-09-17 23:30:00,39542.8633,34890.75,6717.79,1243.76929,175.652542,0.393685374587458,1.4961095336488246,0.3274319085446804,3.289887466779508,1,2
2026-09-17 23:45:00,39724.7539,35422.8672,6607.452,1228.49072,173.974854,0.6364365628914895,1.6165772824216806,0.3052825795652889,3.211305234622886,1,2
2026-09-18 00:00:00,40085.5039,35306.9453,6271.49854,1238.0249,171.296219,0.5674932868082169,1.7189308718905485,0.2052016797571479,2.961784399441959,1,2
2026-09-18 00:15:00,40085.5039,35306.9453,6271.49854,1238.0249,171.296219,0.5674932868082169,1.7189308718905485,0.2052016797571479,2.961784399441959,1,2
2026-09-18 00:30:00,39999.375,35722.9023,6166.972,1231.25183,170.9306,0.7444871815081467,1.7099223973506,0.2062331348904023,2.885626603133391,1,2
2026-09-18 00:45:00,39114.2031,35466.875,6332.204,1220.13452,166.757339,0.6748300776445472,1.4167926110674596,0.0876822083029752,3.0097322053619204,1,2
2026-09-18 01:00:00,39114.2031,35466.875,6332.204,1220.13452,166.757339,0.6748300776445472,1.4167926110674596,0.0876822083029752,3.0097322053619204,1,2
2026-09-18 01:15:00,39213.5547,35459.2773,5968.655,1228.37976,169.293091,0.6506861011735768,1.425688027664603,0.1577673029946417,2.73913205679491,1,2
2026-09-18 01:30:00,39050.98,35622.0469,6017.659,1231.81421,167.536438,0.70430381936479,1.3531298947499906,0.0909398318025337,2.7748942086357977,1,2
2026-09-18 01:45:00,39050.98,35622.0469,6017.659,1231.81421,167.536438,0.70430381936479,1.3531298947499906,0.0909398318025337,2.7748942086357977,1,2
2026-09-18 02:00:00,40027.8555,35441.85,4732.908,1243.23035,172.069916,0.6057923642511082,1.679479282846623,0.2203138278065239,1.8106044739404987,1,2
2026-09-18 02:15:00,40027.8555,35441.85,4732.908,1243.23035,172.069916,0.6057923642511082,1.679479282846623,0.2203138278065239,1.8106044739404987,1,2
2026-09-18 02:30:00,39169.3945,34795.22,5690.94629,1249.28918,172.288742,0.3431613165534855,1.3375267222913834,0.2159220002635895,2.529002679655929,1,2
2026-09-18 02:45:00,39169.3945,34795.22,5690.94629,1249.28918,172.288742,0.3431613165534855,1.3375267222913834,0.2159220002635895,2.529002679655929,1,2
2026-09-18 03:00:00,39093.6523,35140.97,4908.714,1240.88745,170.404221,0.496628108579804,1.3379967882489845,0.170362273016907,1.9439842356418344,1,2
2026-09-18 03:15:00,39075.3,35246.01,4944.075,1247.08826,167.768143,0.5208870101996501,1.3098953873857122,0.0677610269578041,1.969579866458775,1,2
2026-09-18 03:30:00,39576.7656,35463.25,5001.31152,1236.54,169.981613,0.6312076169739803,1.533583163696742,0.1647813005499752,2.0145940629876256,1,2
2026-09-18 03:45:00,39201.7266,35044.543,5050.224,1247.40039,175.2728,0.4430780394788203,1.3560844899236764,0.3107181845438854,2.049529740537821,1,2
2026-09-18 04:00:00,39822.2227,35416.81,4801.391,1246.69714,176.234482,0.5872825637038676,1.5906048810575883,0.3386004551478198,1.8618454612904105,1,2
2026-09-18 04:15:00,39291.793,34802.375,5296.09131,1258.34155,176.134262,0.3227579988746746,1.352268843393032,0.3169782563653661,2.2323332502401017,1,2
2026-09-18 04:30:00,39847.06,35340.5273,5221.332,1244.43469,179.980881,0.5638803623036385,1.6076623836876378,0.4254645249230614,2.1786850426713427,1,2
2026-09-18 04:45:00,40114.3438,35429.9375,4956.99561,1258.075,178.596558,0.5630643340574549,1.660923550116053,0.3798908447924407,1.9773931200046528,1,2
2026-09-18 05:00:00,40211.8125,35405.59,4853.81152,1253.96643,178.395477,0.5642994468977948,1.7115191983698557,0.3807783828936539,1.9002051942498857,1,2
2026-09-18 05:15:00,40211.8125,35405.59,4853.81152,1253.96643,178.395477,0.5642994468977948,1.7115191983698557,0.3807783828936539,1.9002051942498857,1,2
2026-09-18 05:30:00,40217.043,35484.91,5122.38428,1247.6543,180.93605,0.6109168321348006,1.7351426160220345,0.4404617808028605,2.103782157760324,1,2
2026-09-18 05:45:00,39380.56,35447.42,5669.742,1233.69287,179.022858,0.6324642602275198,1.469939780485372,0.4189237177624574,2.515913645481631,1,2
2026-09-18 06:00:00,39707.668,35211.6172,5450.2583,1250.16211,182.60849,0.4998417549441625,1.5358504483274078,0.4693162355109237,2.3491955371271533,1,2
2026-09-18 06:15:00,39850.3633,35022.9023,4840.903,1244.80615,179.713608,0.4414625141544462,1.607624564923838,0.4197001095541561,1.8920629994143063,1,2
2026-09-18 06:30:00,39850.3633,35022.9023,4840.903,1244.80615,179.713608,0.4414625141544462,1.607624564923838,0.4197001095541561,1.8920629994143063,1,2
2026-09-18 06:45:00,39244.957,35110.79,5176.63232,1234.76489,178.266342,0.5007996011232376,1.4155474239467578,0.402172731528174,2.146813841243644,1,2
2026-09-18 07:00:00,38644.2578,34913.57,5452.78857,1232.17944,178.362778,0.4320722977604894,1.19989429326639,0.4073114213706754,2.354225239499534,1,2
2026-09-18 07:15:00,38644.2578,34913.57,5452.78857,1232.17944,178.362778,0.4320722977604894,1.19989429326639,0.4073114213706754,2.354225239499534,1,2
2026-09-18 07:30:00,38744.7227,34928.59,5095.554,1229.937,179.585159,0.4435535731358138,1.245101908796784,0.4344145543713014,2.086712103588696,1,2
2026-09-18 07:45:00,38744.7227,34928.59,5095.554,1229.937,179.585159,0.4435535731358138,1.245101908796784,0.4344145543713014,2.086712103588696,1,2
2026-09-18 08:00:00,38778.207,35806.91,4699.841,1222.44031,165.412537,0.7995031609596933,1.2832857734317684,0.0356679736232929,1.7892182468158888,1,2
2026-09-18 08:15:00,39545.32,34662.2148,5107.38428,1256.73328,177.974182,0.273567697832475,1.452584017468699,0.3675171920784106,2.0909078413105986,1,2
2026-09-18 08:30:00,39545.32,34662.2148,5107.38428,1256.73328,177.974182,0.273567697832475,1.452584017468699,0.3675171920784106,2.0909078413105986,1,2
2026-09-18 08:45:00,39655.47,35891.9063,4703.379,1232.7926,177.208176,0.8054714312755968,1.57588814983338,0.3819959966640561,1.7900692496841912,1,2
2026-09-18 09:00:00,39655.47,35891.9063,4703.379,1232.7926,177.208176,0.8054714312755968,1.57588814983338,0.3819959966640561,1.7900692496841912,1,2
2026-09-18 09:15:00,39084.457,34429.27,4867.34,1249.446,179.876862,0.2037492192290021,1.3052418096112777,0.4175099071822274,1.9112262779357636,1,2
2026-09-18 09:30:00,38796.9531,34440.3633,5066.496,1257.39319,179.979736,0.1877548417606203,1.1706198776082346,0.4101342540892304,2.0600247339974644,1,2
2026-09-18 09:45:00,38796.9531,34440.3633,5066.496,1257.39319,179.979736,0.1877548417606203,1.1706198776082346,0.4101342540892304,2.0600247339974644,1,2
2026-09-18 10:00:00,38423.58,35000.7148,4258.29834,1231.76111,178.518341,0.4664284744324144,1.1189198529499444,0.4110037240247597,1.451031592872354,1,2
2026-09-18 10:15:00,38423.58,35000.7148,4258.29834,1231.76111,178.518341,0.4664284744324144,1.1189198529499444,0.4110037240247597,1.451031592872354,1,2
2026-09-18 10:30:00,38081.0078,34358.3477,4951.715,1248.59424,184.292313,0.1790644858191905,0.933552010882449,0.5016259129269269,1.9750784971584767,1,2
2026-09-18 10:45:00,37374.24,34069.3555,4901.85254,1250.28162,179.602753,0.0658415777640152,0.6645822947508319,0.4109575200200634,1.937148533491346,1,2
2026-09-18 11:00:00,37374.24,34069.3555,4901.85254,1250.28162,179.602753,0.0658415777640152,0.6645822947508319,0.4109575200200634,1.937148533491346,1,2
2026-09-18 11:15:00,36591.7773,34683.7656,4223.03369,1230.56921,174.738358,0.3485604516175702,0.4410458794220461,0.3235502604991016,1.424200530590276,1,2
2026-09-18 11:30:00,36591.7773,34683.7656,4223.03369,1230.56921,174.738358,0.3485604516175702,0.4410458794220461,0.3235502604991016,1.424200530590276,1,2
2026-09-18 11:45:00,37149.0938,34635.9023,4732.998,1239.76123,176.256287,0.3068629229173961,0.6167150045488611,0.349850289439543,1.8112860110463929,1,2
2026-09-18 12:00:00,37240.33,34965.86,4465.335,1232.24927,172.819519,0.4518612491702971,0.6762440371670055,0.2641289887902876,1.6092016009368602,1,2
2026-09-18 12:15:00,37240.33,34965.86,4465.335,1232.24927,172.819519,0.4518612491702971,0.6762440371670055,0.2641289887902876,1.6092016009368602,1,2
2026-09-18 12:30:00,37162.54,34670.3,4495.041,1223.88745,175.683624,0.360513021020342,0.6758139967779685,0.3588435938698968,1.6333262027062214,1,2
2026-09-18 12:45:00,37162.54,34670.3,4495.041,1223.88745,175.683624,0.360513021020342,0.6758139967779685,0.3588435938698968,1.6333262027062214,1,2
2026-09-18 13:00:00,38705.1445,35342.5469,4033.47021,1231.45667,181.755585,0.5980172478358599,1.225112528154564,0.473840442696663,1.2781788833836552,1,2
2026-09-18 13:15:00,38705.1445,35342.5469,4033.47021,1231.45667,181.755585,0.5980172478358599,1.225112528154564,0.473840442696663,1.2781788833836552,1,2
2026-09-18 13:30:00,38395.1875,35513.8359,4170.538,1237.844,183.196289,0.647250707845739,1.0875110753255457,0.4932738763610104,1.3825865509057265,1,2
2026-09-18 13:45:00,38395.1875,35513.8359,4170.538,1237.844,183.196289,0.647250707845739,1.0875110753255457,0.4932738763610104,1.3825865509057265,1,2
2026-09-18 14:00:00,38700.65,35576.24,3692.215,1233.84973,186.891983,0.6814771324850942,1.2152406906936188,0.5618263352559575,1.012750597010715,1,2
2026-09-18 14:15:00,38930.5742,35754.08,3885.03979,1232.45239,189.753433,0.7533702727183171,1.3059367018169104,0.6108145096044282,1.163156524550977,1,2
2026-09-18 14:30:00,38930.5742,35754.08,3885.03979,1232.45239,189.753433,0.7533702727183171,1.3059367018169104,0.6108145096044282,1.163156524550977,1,2
2026-09-18 14:45:00,39097.1055,35789.28,3329.74585,1242.05042,193.267639,0.7421466077144195,1.3353034518160545,0.6584353227512082,0.7252013968799688,1,2
2026-09-18 15:00:00,38987.56,36059.26,3349.37524,1244.14563,195.263962,0.8405361082265603,1.287183232296354,0.6880254704262289,0.7404602434087998,1,2
2026-09-18 15:15:00,38146.71,35625.21,3801.92773,1230.21484,194.225586,0.70963932727798,1.0208791572461866,0.6845581655823603,1.0989866673265691,1,2
2026-09-18 15:30:00,38146.71,35625.21,3801.92773,1230.21484,194.225586,0.70963932727798,1.0208791572461866,0.6845581655823603,1.0989866673265691,1,2
2026-09-18 15:45:00,38042.69,35047.1836,3232.563,1233.19043,197.451416,0.4805213767785987,0.9719058181359136,0.7319255673071099,0.6490559891497574,1,2
2026-09-18 16:00:00,38134.0938,35384.6172,3287.94019,1239.03845,197.189392,0.5946408246487522,0.9860070645789268,0.7226141187675725,0.6923637430777023,1,2
2026-09-18 16:15:00,38134.0938,35384.6172,3287.94019,1239.03845,197.189392,0.5946408246487522,0.9860070645789268,0.7226141187675725,0.6923637430777023,1,2
2026-09-18 16:30:00,37963.88,35375.0977,3193.14771,1232.84924,195.12175,0.6069099943421753,0.9436828912907655,0.6961696552228865,0.6173946700653826,1,2
2026-09-18 16:45:00,37963.88,35375.0977,3193.14771,1232.84924,195.12175,0.6069099943421753,0.9436828912907655,0.6961696552228865,0.6173946700653826,1,2
2026-09-18 17:00:00,35933.05,34469.6367,3486.07739,1229.10767,189.494461,0.2708399949082475,0.2022458028084363,0.6097873496090144,0.8516657060298989,1,2
2026-09-18 17:15:00,37701.49,35247.99,3047.437,1235.41052,190.166718,0.5516376172329919,0.8371378848541677,0.6147340085351941,0.4985543037902403,1,2
2026-09-18 17:30:00,37701.49,35247.99,3047.437,1235.41052,190.166718,0.5516376172329919,0.8371378848541677,0.6147340085351941,0.4985543037902403,1,2
2026-09-18 17:45:00,37000.14,34427.668,3130.223,1248.712,190.773819,0.2050083345832702,0.5308912285990056,0.6119006141406735,0.5635055831101404,1,2
2026-09-18 18:00:00,32368.16,30887.3242,3203.10352,1268.52356,176.735809,-1.0000290894024582,-1.1272774640519794,0.317095170139633,0.6187102103413146,0,1
2026-09-18 18:15:00,34805.15,32809.3164,2852.854,1245.01819,184.08606,-0.3464965527634991,-0.2466258121113413,0.5016896911019585,0.3346835267904637,0,2
2026-09-18 18:30:00,33866.8242,30853.7715,2711.976,1295.06116,184.12175,-1.066070928092394,-0.7116755431761929,0.4482253524481095,0.195537797479242,0,1
2026-09-18 18:45:00,34377.7266,32263.49,2776.521,1265.75269,178.453354,-0.5629396972996538,-0.4526753392329239,0.3663451781551308,0.2644774504171634,0,2
2026-09-18 19:00:00,34377.7266,32263.49,2776.521,1265.75269,178.453354,-0.5629396972996538,-0.4526753392329239,0.3663451781551308,0.2644774504171634,0,2
2026-09-18 19:15:00,36951.582,34314.2266,2772.65869,1246.80151,185.060822,0.1669277151378965,0.5193619170134971,0.517119460596587,0.2649720030405467,1,2
2026-09-18 19:30:00,35814.03,33145.043,2878.38,1259.39124,185.676254,-0.2704073514495611,0.0563414551817926,0.5149478977432278,0.3534889517573715,2,2
2026-09-18 19:45:00,35814.03,33145.043,2878.38,1259.39124,185.676254,-0.2704073514495611,0.0563414551817926,0.5149478977432278,0.3534889517573715,2,2
2026-09-18 20:00:00,35499.8867,32629.21,2642.51758,1264.17761,179.529755,-0.4442464488996653,-0.0719857417008651,0.3924183024719722,0.1183055056148033,2,2
2026-09-18 20:15:00,34655.2031,31148.7637,2892.03784,1286.42114,179.366257,-0.955894996436644,-0.4233508571354535,0.3591738068140634,0.3596980330983768,0,2
2026-09-18 20:30:00,34655.2031,31148.7637,2892.03784,1286.42114,179.366257,-0.955894996436644,-0.4233508571354535,0.3591738068140634,0.3596980330983768,0,2
2026-09-18 20:45:00,34368.3555,31756.37,3069.73413,1268.958,180.479965,-0.7290469557979053,-0.4655738441590281,0.4064714764490604,0.51039419522828,0,2
2026-09-18 21:00:00,34368.3555,31756.37,3069.73413,1268.958,180.479965,-0.7290469557979053,-0.4655738441590281,0.4064714764490604,0.51039419522828,0,2
2026-09-18 21:15:00,35957.35,32316.4688,2667.73853,1277.03589,181.706055,-0.5701002795627326,0.0496039986164117,0.4217293185935396,0.1464025854769287,0,2
2026-09-18 21:30:00,32576.707,30158.6367,3039.26367,1285.09619,170.772308,-1.261776429419408,-1.1085502814310264,0.0947397524053331,0.4823436379184332,0,1
2026-09-18 21:45:00,32576.707,30158.6367,3039.26367,1285.09619,170.772308,-1.261776429419408,-1.1085502814310264,0.0947397524053331,0.4823436379184332,0,1
2026-09-18 22:00:00,30481.12,28328.2246,3113.90454,1287.3949,167.850586,-1.83447503493564,-1.806700851490524,-0.0135410281893928,0.5429105662399831,0,1
2026-09-19 01:15:00,36701.2148,34878.4336,2963.45874,1250.77808,195.329926,0.3710566785873826,0.4129498089301645,0.6829528302783385,0.4263888279027782,1,2
2026-09-19 01:30:00,36787.9141,35070.07,2792.127,1236.75171,198.800354,0.4801339358214103,0.492794985009424,0.749363063376933,0.2841047143459584,1,2
2026-09-19 01:45:00,36787.9141,35070.07,2792.127,1236.75171,198.800354,0.4801339358214103,0.492794985009424,0.749363063376933,0.2841047143459584,1,2
2026-09-19 02:00:00,38296.1836,36506.9961,2758.58813,1231.41443,192.868134,1.0459494905892608,1.0725524827413178,0.6620065359621802,0.2556748551556749,1,2
2026-09-19 02:15:00,38230.668,37115.8242,2842.732,1222.95557,193.43396,1.3030669429247832,1.077033974983198,0.6788073261452775,0.330447632147895,1,2
2026-09-19 02:30:00,38647.0977,37077.98,2633.81348,1227.70251,197.706909,1.2761098925076837,1.2162811781833862,0.7407755875360666,0.1180595567978736,1,2
2026-09-19 02:45:00,38647.0977,37077.98,2633.81348,1227.70251,197.706909,1.2761098925076837,1.2162811781833862,0.7407755875360666,0.1180595567978736,1,2
2026-09-19 03:00:00,36413.2578,35225.5664,2518.15649,1241.36035,190.111282,0.5277727702765814,0.3382452814384095,0.6081140084850079,-0.0368345072530305,1,2
2026-09-19 03:15:00,36073.17,35894.83,2689.65381,1220.57556,186.837875,0.838131802260036,0.2828923238084894,0.5740470422141472,0.1896365166968049,1,2
2026-09-19 03:30:00,36073.17,35894.83,2689.65381,1220.57556,186.837875,0.838131802260036,0.2828923238084894,0.5740470422141472,0.1896365166968049,1,2
2026-09-19 03:45:00,36783.02,35548.6641,2748.79,1233.03,188.582611,0.6730060267003645,0.5036391684411771,0.59096484528157,0.2465635953611312,1,2
2026-09-19 04:00:00,36982.1875,35962.98,2534.65625,1237.55969,188.971725,0.8205014495070229,0.5621863537528413,0.5930091410397665,-0.0138308798750424,1,2
2026-09-19 04:15:00,36982.1875,35962.98,2534.65625,1237.55969,188.971725,0.8205014495070229,0.5621863537528413,0.5930091410397665,-0.0138308798750424,1,2
2026-09-19 04:30:00,37486.5977,36318.3438,2404.76245,1231.04858,190.832733,0.97415342084913,0.7719913760478226,0.6297201916474524,-0.1855155069079925,1,2
2026-09-19 04:45:00,37486.5977,36318.3438,2404.76245,1231.04858,190.832733,0.97415342084913,0.7719913760478226,0.6297201916474524,-0.1855155069079925,1,2
2026-09-19 05:00:00,37286.6641,36909.09,2511.09766,1211.33118,186.66098,1.2532890848464504,0.7648320925236983,0.5801688260312431,-0.0369033833177435,1,2
2026-09-19 05:15:00,37692.46,35426.1563,2411.4917,1249.09143,193.064911,0.5847073775424179,0.7870735623674476,0.6486050059132832,-0.1821109188200857,1,2
2026-09-19 05:30:00,37692.46,35426.1563,2411.4917,1249.09143,193.064911,0.5847073775424179,0.7870735623674476,0.6486050059132832,-0.1821109188200857,1,2
2026-09-19 05:45:00,37036.1445,35527.7148,2500.96924,1239.44287,187.9732,0.6484584071978161,0.5758210173846893,0.5745220294308588,-0.0590662192506153,1,2
2026-09-19 06:00:00,36863.19,35390.78,2524.25537,1250.11768,184.470139,0.5685192649341064,0.4752708365679013,0.5032052517336301,-0.0314606305141783,1,2
2026-09-19 06:15:00,36863.19,35390.78,2524.25537,1250.11768,184.470139,0.5685192649341064,0.4752708365679013,0.5032052517336301,-0.0314606305141783,1,2
2026-09-19 06:30:00,36017.9258,33726.6836,2584.68726,1270.71228,180.999039,-0.1078580484357507,0.0930879343225195,0.4149736504190155,0.0417041058653649,2,2
2026-09-19 06:45:00,36500.0039,33888.5156,2544.1123,1265.7771,182.06044,-0.040326030257612,0.2875419810575671,0.4416406118749106,-0.0100402065008484,2,2
2026-09-19 07:00:00,36500.0039,33888.5156,2544.1123,1265.7771,182.06044,-0.040326030257612,0.2875419810575671,0.4416406118749106,-0.0100402065008484,2,2
2026-09-19 07:15:00,36674.28,33747.082,2588.681,1279.54846,182.326889,-0.1205246234232805,0.3053209909676048,0.4311026088821046,0.0442245764004801,2,2
2026-09-19 07:30:00,36611.2539,33487.9,2687.30542,1272.89026,183.1289,-0.1897389701410534,0.3045790634910887,0.45408170692579,0.1719287516214275,2,2
2026-09-19 07:45:00,36611.2539,33487.9,2687.30542,1272.89026,183.1289,-0.1897389701410534,0.3045790634910887,0.45408170692579,0.1719287516214275,2,2
2026-09-19 08:00:00,36390.66,33762.1133,2833.02,1271.85645,189.833725,-0.0987842180808917,0.2265447187507963,0.5738286106564284,0.3123803813277064,2,2
2026-09-19 08:15:00,36390.66,33762.1133,2833.02,1271.85645,189.833725,-0.0987842180808917,0.2265447187507963,0.5738286106564284,0.3123803813277064,2,2
2026-09-19 08:30:00,36839.918,34044.082,2901.70386,1246.74536,188.18399,0.0652629411708093,0.4781038255344266,0.5708645141439387,0.3756298797727437,1,2
2026-09-19 08:45:00,35138.94,33169.67,3436.371,1262.50879,181.840363,-0.2692263927366975,-0.1884885484201195,0.4410942119776567,0.8061761038723267,0,2
2026-09-19 09:00:00,35138.94,33169.67,3436.371,1262.50879,181.840363,-0.2692263927366975,-0.1884885484201195,0.4410942119776567,0.8061761038723267,0,2
2026-09-19 09:15:00,36431.5469,33727.78,3320.8,1261.66455,188.167267,-0.0875814105282875,0.2761653662526901,0.5557690746078142,0.7144088589520248,1,2
2026-09-19 09:30:00,36826.7031,34799.07,3223.06982,1242.62988,186.267212,0.361651513616369,0.4871969560548996,0.5423663464192283,0.6396532627910895,1,2
2026-09-19 09:45:00,36826.7031,34799.07,3223.06982,1242.62988,186.267212,0.361651513616369,0.4871969560548996,0.5423663464192283,0.6396532627910895,1,2
2026-09-19 10:00:00,37177.8945,34146.2031,3210.97046,1257.197,190.7388,0.0772743382661229,0.5680325948430424,0.603158801955922,0.6271789600409603,1,2
2026-09-19 10:15:00,37177.8945,34146.2031,3210.97046,1257.197,190.7388,0.0772743382661229,0.5680325948430424,0.603158801955922,0.6271789600409603,1,2
2026-09-19 10:30:00,36500.832,34392.9648,3313.24414,1239.35645,190.777435,0.2156490542810108,0.3774805787802727,0.6209144034337024,0.7125317556832291,1,2
2026-09-19 10:45:00,36500.832,34392.9648,3313.24414,1239.35645,190.777435,0.2156490542810108,0.3774805787802727,0.6209144034337024,0.7125317556832291,1,2
2026-09-19 11:00:00,33401.5156,34444.543,3987.24878,1204.09033,182.203339,0.3251374954717803,-0.5893834773711991,0.5109157689827664,1.2474150825461616,0,1
2026-09-19 11:15:00,36377.5742,33900.0859,3294.02637,1260.09473,195.917969,-0.021952699556207,0.2615321654815572,0.6836032978803132,0.6933022462931812,1,2
2026-09-19 11:30:00,36377.5742,33900.0859,3294.02637,1260.09473,195.917969,-0.021952699556207,0.2615321654815572,0.6836032978803132,0.6933022462931812,1,2
2026-09-19 11:45:00,37764.3047,33907.9961,2923.00684,1294.66345,194.525055,-0.101134533227147,0.6583772787434368,0.6290691635963422,0.3841224833378544,1,2
2026-09-19 12:00:00,36447.5664,33800.4375,3214.719,1269.32227,186.62146,-0.0805276530041316,0.2561453993267044,0.5213218333580389,0.6279193378984899,1,2
2026-09-19 12:15:00,37394.2148,34225.9258,3028.38428,1270.032,188.50502,0.0748642014388079,0.6047074135246455,0.5531588454037837,0.4762930297673508,1,2
2026-09-19 12:30:00,37394.2148,34225.9258,3028.38428,1270.032,188.50502,0.0748642014388079,0.6047074135246455,0.5531588454037837,0.4762930297673508,1,2
2026-09-19 12:45:00,36988.457,33766.0078,3084.429,1273.741,185.501343,-0.1016502900190451,0.441424676002681,0.4968521763889308,0.5214861363241017,1,2
2026-09-19 13:00:00,35452.15,32942.9453,3290.49536,1258.98083,183.999329,-0.333822541582369,-0.0720229424986551,0.4853567624944683,0.6906848727001007,0,2
2026-09-19 13:15:00,35452.15,32942.9453,3290.49536,1258.98083,183.999329,-0.333822541582369,-0.0720229424986551,0.4853567624944683,0.6906848727001007,0,2
2026-09-19 13:30:00,35654.7734,31808.8789,3236.66675,1313.1571,189.3074,-0.8055522426062041,-0.1711478574301329,0.5233178738653873,0.6373529009419032,0,2
2026-09-19 13:45:00,35615.85,31566.4941,3163.84937,1293.72375,188.960449,-0.8406056163418594,-0.1243284893584529,0.5371124987437866,0.5822482145898047,0,2
2026-09-19 14:00:00,35870.9453,32271.4629,3328.97974,1290.96936,189.41037,-0.6136807506392462,-0.0284293590524416,0.5476353188257791,0.7154803025405687,0,2
2026-09-19 14:15:00,35870.9453,32271.4629,3328.97974,1290.96936,189.41037,-0.6136807506392462,-0.0284293590524416,0.5476353188257791,0.7154803025405687,0,2
2026-09-19 14:30:00,38403.5547,34299.72,3010.548,1270.51453,203.624084,0.1014026494018983,0.9789170278140772,0.7923001858685211,0.4615196031842395,1,2
2026-09-19 14:45:00,37591.1836,34929.33,3501.9502,1230.60974,198.710358,0.4421120578346962,0.8124372760179513,0.7534796986811353,0.8639202557057294,1,2
2026-09-19 15:00:00,37591.1836,34929.33,3501.9502,1230.60974,198.710358,0.4421120578346962,0.8124372760179513,0.7534796986811353,0.8639202557057294,1,2
2026-09-19 15:15:00,38157.6367,35285.3438,3486.824,1248.96362,205.572037,0.5311214414328292,0.9608630635673568,0.8399799200108413,0.8485957464563669,1,2
2026-09-19 15:30:00,39319.875,35272.6953,3168.88379,1267.491,212.173279,0.4787317325039982,1.3314208163824937,0.9200406487473164,0.5912747474474711,1,2
2026-09-19 15:45:00,38906.9922,34948.03,3552.07617,1266.81677,215.404648,0.356561328634964,1.179461309282829,0.9666102169472262,0.8967728570455354,1,2
2026-09-19 16:00:00,38906.9922,34948.03,3552.07617,1266.81677,215.404648,0.356561328634964,1.179461309282829,0.9666102169472262,0.8967728570455354,1,2
2026-09-19 16:15:00,39319.72,35089.58,3397.1543,1281.70276,223.794312,0.3724319616820949,1.2826833256047254,1.0714272355901122,0.7715025710968557,1,2
2026-09-19 16:30:00,39551.668,35290.082,3327.385,1272.41089,231.151443,0.4727577594719835,1.4012232707330714,1.1788349406811758,0.7176642666199623,1,2
2026-09-19 16:45:00,39718.49,35515.7,3289.028,1270.45288,231.996613,0.5640957605916372,1.4703265490146649,1.1917132280408314,0.6873679558579464,1,2
2026-09-19 17:00:00,39303.625,35208.1641,3531.169,1260.23181,230.35672,0.4726877867918173,1.3502158189155402,1.1777585442604082,0.8815129042244276,1,2
2026-09-19 17:15:00,39192.5469,34786.7734,3458.257,1279.87915,235.561615,0.2618787051387628,1.2414095851204825,1.2318955641250713,0.8203004263570948,1,2
2026-09-19 17:30:00,39192.5469,34786.7734,3458.257,1279.87915,235.561615,0.2618787051387628,1.2414095851204825,1.2318955641250713,0.8203004263570948,1,2
2026-09-19 17:45:00,38228.6953,35457.8477,3715.139,1230.55908,224.349686,0.644528183447382,1.0502922742184184,1.1200852549581588,1.0312638951773097,1,2
2026-09-19 18:00:00,37788.06,35717.1172,3484.9624,1231.65967,227.307556,0.7412132379829023,0.8822046873514854,1.15927934863064,0.8503146849598401,1,2
2026-09-19 18:15:00,37788.06,35717.1172,3484.9624,1231.65967,227.307556,0.7412132379829023,0.8822046873514854,1.15927934863064,0.8503146849598401,1,2
2026-09-19 18:30:00,37209.0273,34845.9844,3528.75635,1249.25122,226.598877,0.362595725750605,0.6066636635093987,1.1357377019619048,0.8816307483610973,1,2
2026-09-19 18:45:00,37454.06,34525.6,3171.24048,1265.46423,231.351059,0.1995186728274542,0.6425196365914333,1.1869840977998032,0.5935627962304455,1,2
2026-09-19 19:00:00,37454.06,34525.6,3171.24048,1265.46423,231.351059,0.1995186728274542,0.6425196365914333,1.1869840977998032,0.5935627962304455,1,2
2026-09-19 19:15:00,38000.54,34499.34,3201.90649,1272.54041,237.518265,0.1716081126771561,0.8217764562114029,1.2635170103016482,0.6169894332254917,1,2
2026-09-19 19:30:00,38000.54,34499.34,3201.90649,1272.54041,237.518265,0.1716081126771561,0.8217764562114029,1.2635170103016482,0.6169894332254917,1,2
2026-09-19 19:45:00,37783.0469,34133.6641,3316.17114,1260.29626,245.743317,0.0647527565585361,0.7825668518615705,1.380352368872623,0.7109671138489668,1,2
2026-09-19 20:00:00,38164.6328,34193.9922,3199.02148,1273.53064,245.193283,0.054064221016989,0.8795348109797397,1.363175544493681,0.6144765190481768,1,2
2026-09-19 20:15:00,38164.6328,34193.9922,3199.02148,1273.53064,245.193283,0.054064221016989,0.8795348109797397,1.363175544493681,0.6144765190481768,1,2
2026-09-19 20:30:00,38566.04,34328.11,3012.56421,1281.7804,247.962753,0.083636720975608,1.0010121162705423,1.392737022639892,0.4610147643528646,1,2
2026-09-19 20:45:00,37969.5977,33966.4023,3265.60352,1282.86755,251.5853,-0.0538501410127702,0.7750045234103233,1.4384789799245357,0.6662762543410821,1,2
2026-09-19 21:00:00,37969.5977,33966.4023,3265.60352,1282.86755,251.5853,-0.0538501410127702,0.7750045234103233,1.4384789799245357,0.6662762543410821,1,2
2026-09-19 21:15:00,38157.5039,34207.1055,3037.85034,1275.01917,240.285553,0.0552356099894808,0.8717941235790031,1.2980265831904845,0.4831138597314461,1,2
2026-09-19 21:30:00,38389.25,33924.38,2743.46851,1271.0188,234.017715,-0.040072865302698,0.971858344955406,1.2182706096246725,0.2336730355178262,1,2
2026-09-19 21:45:00,38389.25,33924.38,2743.46851,1271.0188,234.017715,-0.040072865302698,0.971858344955406,1.2182706096246725,0.2336730355178262,1,2
2026-09-19 22:00:00,38262.0,33896.7344,2681.99316,1273.0957,233.7142,-0.0553461156165388,0.9173130583933178,1.2125998859366565,0.165316442011031,1,2
2026-09-19 22:15:00,35776.48,32582.4883,3635.732,1274.1698,227.217087,-0.4801835517868049,-0.0068553579325876,1.1242817665441291,0.96115825455894,0,2
2026-09-19 22:30:00,38045.18,33420.3242,2615.996,1288.95886,229.344727,-0.2458901610138579,0.7823612046449785,1.1413749068192225,0.0768447188878951,2,0
2026-09-19 22:45:00,38045.18,33420.3242,2615.996,1288.95886,229.344727,-0.2458901610138579,0.7823612046449785,1.1413749068192225,0.0768447188878951,2,0
2026-09-19 23:00:00,37694.96,33257.8,2795.46655,1286.65149,233.086945,-0.2927632706759582,0.659895769838784,1.1935868778167296,0.2768517103871662,2,2
2026-09-19 23:15:00,37694.96,33257.8,2795.46655,1286.65149,233.086945,-0.2927632706759582,0.659895769838784,1.1935868778167296,0.2768517103871662,2,2
2026-09-19 23:30:00,35626.6953,32122.4141,3200.68872,1283.148,220.24614,-0.6440326892196433,-0.0879361490937674,1.021120237632421,0.6140112614589013,2,2
2026-09-19 23:45:00,36128.7656,32162.3086,2899.797,1292.13757,223.470764,-0.6504533925337616,0.0617020058523316,1.058528899273513,0.3651157523692376,2,2
2026-09-20 00:00:00,35835.9453,31884.4355,3039.452,1293.804,220.441544,-0.7411762616255457,-0.0499837326918287,1.015125568568345,0.4808295783619157,2,2
2026-09-20 00:15:00,35835.9453,31884.4355,3039.452,1293.804,220.441544,-0.7411762616255457,-0.0499837326918287,1.015125568568345,0.4808295783619157,2,2
2026-09-20 00:30:00,34185.332,30776.0938,3023.14673,1302.60657,214.609573,-1.106080907453053,-0.6289249089684964,0.9254253778976456,0.4657299077942207,0,2
2026-09-20 00:45:00,34185.332,30776.0938,3023.14673,1302.60657,214.609573,-1.106080907453053,-0.6289249089684964,0.9254253778976456,0.4657299077942207,0,2
2026-09-20 01:00:00,33698.43,30013.4277,2702.04321,1313.553,214.1095,-1.3663168091415268,-0.8236766582193092,0.9090347896208446,0.1783619042597084,0,1
2026-09-20 01:15:00,35085.42,31386.8457,2637.01855,1290.93115,214.8697,-0.8909436144274977,-0.2936160969082784,0.9389260077019708,0.1033089060449497,2,2
2026-09-20 01:30:00,36047.5,32052.2031,2504.3396,1283.30713,214.44574,-0.666424218718661,0.0615784927431241,0.9392591765714566,-0.068205353971954,2,0
2026-09-20 01:45:00,36047.5,32052.2031,2504.3396,1283.30713,214.44574,-0.666424218718661,0.0615784927431241,0.9392591765714566,-0.068205353971954,2,0
2026-09-20 02:00:00,36121.3633,31407.39,2625.38281,1310.35229,223.142334,-0.9252669576876082,-0.0020232593766507,1.0391948859032996,0.0825207326189467,2,0
2026-09-20 02:15:00,36121.3633,31407.39,2625.38281,1310.35229,223.142334,-0.9252669576876082,-0.0020232593766507,1.0391948859032996,0.0825207326189467,2,0
2026-09-20 02:30:00,36722.6758,32556.8789,2251.06738,1302.84082,222.968216,-0.5489292578022809,0.2442924196025937,1.042891477377691,-0.4182883931491958,2,0
2026-09-20 02:45:00,35730.16,31462.55,2680.469,1304.37427,215.107712,-0.8954819414033189,-0.1186985933007624,0.931065787665048,0.1543510817554754,2,2
2026-09-20 03:00:00,35730.16,31462.55,2680.469,1304.37427,215.107712,-0.8954819414033189,-0.1186985933007624,0.931065787665048,0.1543510817554754,2,2
2026-09-20 03:15:00,37497.42,32649.7012,2452.225,1297.5625,224.946136,-0.5085091721909613,0.5493044222910346,1.0744711193167502,-0.1424398212735939,2,0
2026-09-20 03:30:00,37268.9258,31699.6953,2559.3855,1316.22632,226.060272,-0.8461810978608285,0.4010490548533513,1.074733112387242,-0.0054220464816634,2,0
2026-09-20 03:45:00,37268.9258,31699.6953,2559.3855,1316.22632,226.060272,-0.8461810978608285,0.4010490548533513,1.074733112387242,-0.0054220464816634,2,0
2026-09-20 04:00:00,38705.9766,33241.07,2053.72119,1296.87317,229.468811,-0.3199003852085246,1.0016146471922538,1.1367647163121413,-0.6904127786825933,2,0
2026-09-20 04:15:00,37763.2969,33543.1875,2457.44849,1285.51013,222.855118,-0.1991735017447127,0.6892066928404296,1.055396916551264,-0.1316364517153581,2,0
2026-09-20 04:30:00,37763.2969,33543.1875,2457.44849,1285.51013,222.855118,-0.1991735017447127,0.6892066928404296,1.055396916551264,-0.1316364517153581,2,0
2026-09-20 04:45:00,38835.4648,33629.14,2341.96875,1283.48218,225.933212,-0.1671861933540025,1.0957284495176405,1.0993321233618485,-0.287430055678493,2,0
2026-09-20 05:00:00,38555.332,34823.457,2331.76782,1262.56067,215.961746,0.3200055855255209,1.062737714367712,0.9780023516159956,-0.2946905787954268,1,0
2026-09-20 05:15:00,38555.332,34823.457,2331.76782,1262.56067,215.961746,0.3200055855255209,1.062737714367712,0.9780023516159956,-0.2946905787954268,1,0
2026-09-20 05:30:00,38544.793,32742.8477,2391.68115,1303.28491,226.386475,-0.4912403164601014,0.9195933274863316,1.0896333244827174,-0.2260634927591169,2,0
2026-09-20 05:45:00,38490.34,33069.7734,2594.22754,1296.32471,221.608292,-0.3730942257604089,0.92307363349301,1.0293200394141,0.0463525681177387,2,0
2026-09-20 06:00:00,38490.34,33069.7734,2594.22754,1296.32471,221.608292,-0.3730942257604089,0.92307363349301,1.0293200394141,0.0463525681177387,2,0
2026-09-20 06:15:00,38480.07,33249.3164,2549.33765,1290.44775,222.353012,-0.3035689135302821,0.9393257780739196,1.044442634705269,-0.0107411298199869,2,0
2026-09-20 06:30:00,38166.5977,33393.77,3094.4353,1286.05334,228.011032,-0.2481427455813607,0.8375027113790638,1.1255958595379234,0.5273058589909413,1,2
2026-09-20 06:45:00,38166.5977,33393.77,3094.4353,1286.05334,228.011032,-0.2481427455813607,0.8375027113790638,1.1255958595379234,0.5273058589909413,1,2
2026-09-20 07:00:00,38300.418,33645.37,3119.45,1281.965,225.724121,-0.1586776064501608,0.9013335587728172,1.0976903204112871,0.5484519200572932,1,2
2026-09-20 07:15:00,37951.5352,33046.1445,3575.552,1281.19739,221.522842,-0.3483921386596999,0.7739783764887346,1.0404590300026804,0.912607095531392,1,2
2026-09-20 07:30:00,37951.5352,33046.1445,3575.552,1281.19739,221.522842,-0.3483921386596999,0.7739783764887346,1.0404590300026804,0.912607095531392,1,2
2026-09-20 07:45:00,37304.0352,32380.6641,4120.253,1303.28931,223.272171,-0.6053402930813412,0.4580333219515384,1.0467373466986571,1.3321574558459,0,2
2026-09-20 08:00:00,37304.0352,32380.6641,4120.253,1303.28931,223.272171,-0.6053402930813412,0.4580333219515384,1.0467373466986571,1.3321574558459,0,2
2026-09-20 08:15:00,38020.4023,33506.19,4165.529,1274.95032,220.518784,-0.188305600440637,0.8209480521994736,1.0316085893197309,1.3720812255866977,1,2
2026-09-20 08:30:00,34893.55,31731.5684,4682.949,1280.09338,208.96608,-0.7602539095579645,-0.3245280537902777,0.862954399968321,1.766203988958176,0,2
2026-09-20 08:45:00,35355.7148,32769.5156,4845.39453,1250.06714,202.468216,-0.3698672436731193,-0.077026689162906,0.7929569992204313,1.8945305074173064,0,2
2026-09-20 09:00:00,35355.7148,32769.5156,4845.39453,1250.06714,202.468216,-0.3698672436731193,-0.077026689162906,0.7929569992204313,1.8945305074173064,0,2
2026-09-20 09:15:00,37531.24,33080.4531,4598.243,1262.576,213.450653,-0.2977832388389949,0.6810700507342521,0.942412016547362,1.7049845022877994,1,2
2026-09-20 09:30:00,37609.81,32743.1758,4646.22363,1277.43433,209.772415,-0.4363445062509351,0.659643942986603,0.876971306096312,1.738800698514428,1,2
2026-09-20 09:45:00,37609.81,32743.1758,4646.22363,1277.43433,209.772415,-0.4363445062509351,0.659643942986603,0.876971306096312,1.738800698514428,1,2
2026-09-20 10:00:00,37027.9844,33205.39,4858.325,1257.27417,202.741959,-0.2466231803204307,0.5120933960323845,0.7907234139169852,1.9030332141517237,1,2
2026-09-20 10:15:00,37157.957,32352.7441,4776.831,1271.35852,204.872528,-0.546678414132078,0.5124249911554116,0.810193318089412,1.8389012841661576,0,2
2026-09-20 10:30:00,37157.957,32352.7441,4776.831,1271.35852,204.872528,-0.546678414132078,0.5124249911554116,0.810193318089412,1.8389012841661576,0,2
2026-09-20 10:45:00,36875.7539,33478.8359,4588.485,1256.4502,201.338776,-0.1571630418803312,0.458399518445977,0.7703400873697208,1.6986535609995308,1,2
2026-09-20 11:00:00,36802.6758,32387.4512,4982.63037,1275.568,201.716431,-0.5446443421605273,0.3663574529129264,0.7590740241360885,1.9936475441045889,0,2
2026-09-20 11:15:00,36802.6758,32387.4512,4982.63037,1275.568,201.716431,-0.5446443421605273,0.3663574529129264,0.7590740241360885,1.9936475441045889,0,2
2026-09-20 11:30:00,36872.07,32918.6523,4917.55859,1275.29932,195.807968,-0.3762692297064885,0.3929806033578572,0.6677956403445389,1.944599587897693,0,2
2026-09-20 11:45:00,37101.5469,32815.5742,4742.542,1272.35046,192.174622,-0.4026488492343598,0.4881108168361851,0.6121269596358668,1.812755750995288,0,2
2026-09-20 12:00:00,37101.5469,32815.5742,4742.542,1272.35046,192.174622,-0.4026488492343598,0.4881108168361851,0.6121269596358668,1.812755750995288,0,2
2026-09-20 12:15:00,36864.18,33234.4648,4659.611,1262.83777,194.212662,-0.2492612625554363,0.4323936544811601,0.6540578072697029,1.751549377880541,0,2
2026-09-20 12:30:00,36119.7422,32927.9023,4745.179,1265.73523,190.60228,-0.352984629233642,0.1473199158532368,0.5926344271650228,1.8159231064531445,0,2
2026-09-20 12:45:00,36119.7422,32927.9023,4745.179,1265.73523,190.60228,-0.352984629233642,0.1473199158532368,0.5926344271650228,1.8159231064531445,0,2
2026-09-20 13:00:00,35210.87,32359.875,4620.94727,1267.53918,190.522842,-0.5363562097636091,-0.1798201245266677,0.5895615497123593,1.7213570251031034,0,2
2026-09-20 13:15:00,35659.4375,33247.2,4215.218,1253.66858,187.370728,-0.2255291286060754,0.0189678605585347,0.5501844820027786,1.4140662337112044,0,2
2026-09-20 13:30:00,35659.4375,33247.2,4215.218,1253.66858,187.370728,-0.2255291286060754,0.0189678605585347,0.5501844820027786,1.4140662337112044,0,2
2026-09-20 13:45:00,35019.67,32640.1133,4166.635,1262.5481,190.284485,-0.4373434185216687,-0.228591840539594,0.5904659288510237,1.3751561810684996,0,2
2026-09-20 14:00:00,35019.67,32640.1133,4166.635,1262.5481,190.284485,-0.4373434185216687,-0.228591840539594,0.5904659288510237,1.3751561810684996,0,2
2026-09-20 14:15:00,35376.64,33174.7344,3877.38452,1255.7926,185.078613,-0.253235015352129,-0.0877161472263433,0.5081088802088772,1.1529905917037302,0,2
2026-09-20 14:30:00,35253.55,32767.17,3824.3252,1266.4342,185.606,-0.4054026031759211,-0.1620836737579137,0.5063851743417066,1.1098368033070034,0,2
2026-09-20 14:45:00,35253.55,32767.17,3824.3252,1266.4342,185.606,-0.4054026031759211,-0.1620836737579137,0.5063851743417066,1.1098368033070034,0,2
2026-09-20 15:00:00,33145.65,32499.2324,3668.41284,1252.47534,179.1628,-0.460500013421615,-0.8213637742403396,0.3991886214633911,0.9907297434903524,0,1
2026-09-20 15:15:00,34302.5352,33118.8867,3221.2085,1264.21472,182.230377,-0.2890510984170538,-0.4730123783789514,0.4466674884787276,0.6341034144759709,0,2
2026-09-20 15:30:00,36268.64,34264.6,3357.2085,1254.81,181.035034,0.1278876003676869,0.2391777397818796,0.4342285526132284,0.7447176105291796,1,2
2026-09-20 15:45:00,36268.64,34264.6,3357.2085,1254.81,181.035034,0.1278876003676869,0.2391777397818796,0.4342285526132284,0.7447176105291796,1,2
2026-09-20 16:00:00,36481.38,34286.95,3097.88037,1254.26355,182.687286,0.1377048261198412,0.3196888715728053,0.4663084459698176,0.536158874442534,1,2
2026-09-20 16:15:00,37389.2461,34581.9258,3361.28467,1256.23413,189.571777,0.2443548171447669,0.649874271935828,0.5847763340638988,0.7476988031319222,1,2
2026-09-20 16:30:00,37389.2461,34581.9258,3361.28467,1256.23413,189.571777,0.2443548171447669,0.649874271935828,0.5847763340638988,0.7476988031319222,1,2
2026-09-20 16:45:00,37502.2031,34349.418,3374.47144,1264.19641,190.65126,0.1361225401610928,0.664745065320129,0.5949399485649967,0.7567152877999599,1,2
2026-09-20 17:00:00,36941.48,34677.6953,3308.09717,1240.542,186.096054,0.3207694598963354,0.5369133609139821,0.5415288646360582,0.7081994215154092,1,2
2026-09-20 17:15:00,36941.48,34677.6953,3308.09717,1240.542,186.096054,0.3207694598963354,0.5369133609139821,0.5415288646360582,0.7081994215154092,1,2
2026-09-20 17:30:00,38411.71,35157.6563,3196.34546,1261.78162,193.298859,0.4494176288726068,1.0118130594034669,0.6404129302533078,0.6145293036490239,1,2
2026-09-20 17:45:00,37319.7,34508.418,3481.96338,1257.36743,188.392853,0.2135949898856964,0.6201536763215159,0.5638743189380444,0.8432057619212124,1,2
2026-09-20 18:00:00,37319.7,34508.418,3481.96338,1257.36743,188.392853,0.2135949898856964,0.6201536763215159,0.5638743189380444,0.8432057619212124,1,2
2026-09-20 19:00:00,39228.5078,34436.33,3074.5874,1278.32117,190.135818,0.1331486356167922,1.2601804505532723,0.5725316087160869,0.5125754314770007,1,2
2026-09-20 19:15:00,39068.76,34280.72,3150.251,1280.57861,180.0548,0.0688599257427236,1.1927738277125772,0.3829396009262406,0.5737177158498878,1,2
2026-09-20 19:30:00,39068.76,34280.72,3150.251,1280.57861,180.0548,0.0688599257427236,1.1927738277125772,0.3829396009262406,0.5737177158498878,1,2
2026-09-20 19:45:00,38691.26,34248.0625,3245.99561,1272.05469,181.961029,0.0780816687104488,1.0809943798504762,0.4325502786657956,0.6525622052628615,1,2
2026-09-20 20:00:00,38691.26,34248.0625,3245.99561,1272.05469,181.961029,0.0780816687104488,1.0809943798504762,0.4325502786657956,0.6525622052628615,1,2
2026-09-20 20:15:00,38572.6445,34557.92,3061.097,1259.745,174.39772,0.226311306809073,1.0788295040622164,0.2630498362659563,0.5050883777743298,1,2
2026-09-20 20:30:00,37630.3633,33846.4258,3467.07861,1268.6936,171.639755,-0.0629179720497811,0.6970888078431544,0.1571399428865875,0.8293468657693659,1,2
2026-09-20 20:45:00,37630.3633,33846.4258,3467.07861,1268.6936,171.639755,-0.0629179720497811,0.6970888078431544,0.1571399428865875,0.8293468657693659,1,2
2026-09-20 21:00:00,37535.3828,33153.23,3475.4856,1272.71228,171.604675,-0.296271298490674,0.648059018686226,0.14803415880299,0.8352544713893787,1,2
2026-09-20 21:15:00,37536.5273,33481.12,3458.78662,1269.038,170.613525,-0.183614127442902,0.6610079757245294,0.121703480265545,0.8227219662832518,1,2
2026-09-20 21:30:00,37536.5273,33481.12,3458.78662,1269.038,170.613525,-0.183614127442902,0.6610079757245294,0.121703480265545,0.8227219662832518,1,2
2026-09-20 21:45:00,38097.582,33957.1172,3327.856,1264.102,167.165787,-0.0107684276737932,0.8867502372354428,0.0110051002452659,0.719587734447138,1,2
2026-09-20 22:00:00,38194.8,33843.32,3406.22681,1283.987,170.862823,-0.0988505446139846,0.855066000941804,0.1001230720686278,0.778286394684773,1,2
2026-09-20 22:15:00,38194.8,33843.32,3406.22681,1283.987,170.862823,-0.0988505446139846,0.855066000941804,0.1001230720686278,0.778286394684773,1,2
2026-09-20 22:30:00,37869.02,34009.7148,3676.45117,1267.76685,166.618927,-0.0003534094771211,0.7890861708044121,-0.0164343799392751,0.9942287889908514,1,2
2026-09-20 22:45:00,37869.02,34009.7148,3676.45117,1267.76685,166.618927,-0.0003534094771211,0.7890861708044121,-0.0164343799392751,0.9942287889908514,1,2
2026-09-20 23:00:00,37958.1055,33520.1875,3465.47925,1284.27759,161.904739,-0.2038953497873407,0.7659141422828779,-0.2283750255004134,0.8252043557452631,1,2
2026-09-20 23:15:00,37936.4336,34286.48,3494.62378,1274.87512,160.079712,0.0854085297855857,0.7899308109188454,-0.2773890062513537,0.849981089224102,1,2
2026-09-20 23:30:00,37936.4336,34286.48,3494.62378,1274.87512,160.079712,0.0854085297855857,0.7899308109188454,-0.2773890062513537,0.849981089224102,1,2
2026-09-20 23:45:00,38139.12,34114.418,3557.14746,1269.88208,158.868851,0.0334299143716465,0.8824884660017545,-0.313025424775752,0.9002023589614913,1,2
2026-09-21 00:00:00,38302.8047,34773.8672,3391.2644,1260.21716,155.4972,0.3071228912597263,0.9765385394054008,-0.423384333484159,0.7708060312492111,1,2
