t,7100AIP101MAN,7100AIP102MAN,7100AIP103MAN,7100AIP104MAN
2022-12-30 19:30:00-05:00,29.31,24.477,8.82,1.328
2022-12-31 07:30:00-05:00,28.05,26.069,7.88,1.115
2022-12-31 19:30:00-05:00,30.66,23.595,7.58,1.3
2023-01-01 07:30:00-05:00,28.36,24.73,8.98,1.322
2023-01-01 19:30:00-05:00,29.09,26.961,7.82,0.784
2023-01-02 07:30:00-05:00,28.37,25.672,10.08,1.028
2023-01-02 19:30:00-05:00,28.21,24.879,9.62,1.318
2023-01-03 07:30:00-05:00,29.13,24.185,8.64,1.614
2023-01-03 19:30:00-05:00,30.2,22.649,10.44,1.58
2023-01-04 07:30:00-05:00,29.15,22.153,11.34,1.998
2023-01-04 19:30:00-05:00,29.13,25.226,7.5,2.649
2023-01-06 07:30:00-05:00,29.29,25.024,7.3,2.705
2023-01-06 19:30:00-05:00,27.55,28.159,5.54,1.649
2023-01-07 07:30:00-05:00,30.19,27.86,5.72,1.23
2023-01-07 19:30:00-05:00,28.16,26.766,7.8,1.254
2023-01-08 07:30:00-05:00,30.17,24.875,8.78,1.253
2023-01-08 19:30:00-05:00,28.48,22.786,11.26,1.336
2023-01-09 07:30:00-05:00,30.18,24.97,8.72,1.318
2023-01-09 19:30:00-05:00,28.99,24.776,8.72,1.416
2023-01-10 07:30:00-05:00,29.44,25.422,7.18,1.29
2023-01-10 19:30:00-05:00,29.51,25.721,7.68,1.381
2023-01-11 07:30:00-05:00,29.74,23.722,10.78,1.216
2023-01-11 19:30:00-05:00,30.91,28.166,5.18,1.099
2023-01-12 07:30:00-05:00,29.51,26.865,7.66,1.088
2023-01-12 19:30:00-05:00,29.56,26.119,8.08,1.106
2023-01-13 07:30:00-05:00,28.96,26.368,10.06,0.924
2023-01-13 19:30:00-05:00,29.77,25.074,9.36,1.051
2023-01-14 07:30:00-05:00,28.21,24.471,9.4,1.24
2023-01-14 19:30:00-05:00,29.32,26.021,7.36,1.334
2023-01-15 07:30:00-05:00,28.11,24.67,9.56,1.641
2023-01-15 19:30:00-05:00,29.7,21.974,11.24,1.533
2023-01-16 07:30:00-05:00,29.17,23.834,10.86,1.949
2023-01-16 19:30:00-05:00,31.57,23.472,8.3,1.121
2023-01-17 07:30:00-05:00,29.63,25.671,7.06,1.122
2023-01-17 19:30:00-05:00,29.16,24.87,6.68,1.829
2023-01-18 07:30:00-05:00,29.98,24.319,7.2,1.42
2023-01-18 19:30:00-05:00,28.98,22.873,9.9,1.694
2023-01-19 07:30:00-05:00,27.97,25.024,10.1,1.659
2023-01-19 19:30:00-05:00,26.92,23.233,14.68,1.949
2023-01-20 07:30:00-05:00,26.81,23.532,11.96,2.799
2023-01-20 19:30:00-05:00,28.22,26.169,7.92,3.061
2023-01-21 07:30:00-05:00,28.36,23.288,10.76,2.329
2023-01-21 19:30:00-05:00,30.19,25.572,7.76,1.968
2023-01-22 07:30:00-05:00,30.51,24.328,7.2,1.591
2023-01-22 19:30:00-05:00,30.15,24.925,6.98,1.266
2023-01-23 07:30:00-05:00,31.14,22.841,8.02,1.172
2023-01-23 19:30:00-05:00,29.44,24.978,8.1,1.023
2023-01-24 07:30:00-05:00,31.44,25.181,6.12,0.755
2023-01-24 19:30:00-05:00,29.49,27.058,5.86,1.134
2023-01-25 07:30:00-05:00,30.28,28.44,5.4,0.916
2023-01-25 19:30:00-05:00,31.7,27.304,5.82,1.014
2023-01-26 07:30:00-05:00,31.12,23.799,7.1,1.067
2023-01-26 19:30:00-05:00,30.37,22.211,10.04,0.713
2023-01-27 07:30:00-05:00,30.15,23.545,8.34,1.147
2023-01-27 19:30:00-05:00,31.62,25.578,6.34,0.794
2023-01-28 07:30:00-05:00,30.64,25.186,7.5,0.931
2023-01-28 19:30:00-05:00,31.6,22.035,10.54,0.863
2023-01-29 07:30:00-05:00,30.31,21.986,12.02,1.15
2023-01-29 19:30:00-05:00,32.47,23.128,6.84,1.051
2023-01-30 07:30:00-05:00,31.83,22.553,7.7,1.095
2023-01-30 19:30:00-05:00,32.27,21.707,9.28,0.806
2023-01-31 07:30:00-05:00,31.14,22.638,10.0,0.824
2023-01-31 19:30:00-05:00,31.23,22.54,9.22,1.075
2023-02-01 07:30:00-05:00,31.35,22.894,9.1,1.05
2023-02-02 07:30:00-05:00,29.99,23.324,12.34,0.932
2023-02-02 19:30:00-05:00,30.78,22.442,11.4,0.99
2023-02-03 07:30:00-05:00,31.19,24.49,7.94,1.257
2023-02-03 19:30:00-05:00,31.07,26.86,6.5,1.241
2023-02-04 07:30:00-05:00,30.47,23.996,9.48,1.326
2023-02-04 19:30:00-05:00,31.05,18.713,12.7,1.244
2023-02-05 07:30:00-05:00,29.23,23.953,10.8,0.93
2023-02-05 19:30:00-05:00,31.13,24.101,9.8,1.057
2023-02-06 07:30:00-05:00,29.52,24.589,9.86,1.129
2023-02-06 19:30:00-05:00,29.42,25.478,10.96,1.326
2023-02-07 07:30:00-05:00,30.66,23.7,10.3,0.843
2023-02-07 19:30:00-05:00,31.76,25.971,7.84,0.684
2023-02-08 07:30:00-05:00,29.34,23.404,12.4,1.141
2023-02-08 19:30:00-05:00,30.42,25.323,9.36,1.179
2023-02-09 19:30:00-05:00,31.28,15.413,11.36,0.946
2023-02-10 07:30:00-05:00,29.8,25.074,10.38,1.084
2023-02-10 19:30:00-05:00,29.1,27.014,8.32,0.825
2023-02-11 07:30:00-05:00,31.09,24.975,8.92,0.713
2023-02-11 19:30:00-05:00,30.56,24.975,9.64,0.722
2023-02-12 07:30:00-05:00,30.02,23.582,11.48,0.695
2023-02-12 19:30:00-05:00,29.62,22.985,12.9,0.719
2023-02-13 07:30:00-05:00,30.07,25.669,9.2,0.872
2023-02-13 19:30:00-05:00,28.42,23.98,11.9,0.984
2023-02-14 07:30:00-05:00,29.56,25.594,9.62,0.908
2023-02-14 19:30:00-05:00,29.89,26.368,8.84,0.669
2023-02-15 07:30:00-05:00,28.27,24.477,10.8,0.425
2023-02-15 19:30:00-05:00,28.94,23.681,11.42,0.624
2023-02-16 07:30:00-05:00,28.01,24.278,10.8,0.562
2023-02-16 19:30:00-05:00,29.71,22.487,11.68,0.652
2023-02-17 07:30:00-05:00,30.98,23.383,9.54,0.557
2023-02-17 19:30:00-05:00,29.23,23.572,11.36,0.512
2023-02-18 07:30:00-05:00,29.45,23.572,10.3,0.422
2023-02-18 19:30:00-05:00,30.55,22.444,10.02,0.376
2023-02-19 07:30:00-05:00,29.4,24.033,8.08,0.327
2023-02-19 19:30:00-05:00,30.07,22.473,8.42,0.455
2023-02-20 07:30:00-05:00,29.14,24.676,8.66,0.259
2023-02-20 19:30:00-05:00,30.19,25.02,8.72,0.475
2023-02-21 07:30:00-05:00,30.62,24.77,7.22,0.384
2023-02-21 19:30:00-05:00,30.94,23.372,8.6,0.561
2023-02-22 07:30:00-05:00,29.74,23.971,9.1,0.529
2023-02-22 19:30:00-05:00,30.55,23.422,7.46,0.588
2023-02-23 07:30:00-05:00,30.95,22.773,6.98,0.738
2023-02-23 19:30:00-05:00,30.84,21.974,9.56,0.952
2023-02-24 07:30:00-05:00,29.1,21.075,11.6,1.142
2023-02-24 19:30:00-05:00,30.67,20.775,11.22,1.018
2023-02-25 07:30:00-05:00,32.36,20.775,8.4,0.874
2023-02-25 19:30:00-05:00,30.76,22.873,8.2,0.81
2023-02-26 07:30:00-05:00,31.55,21.449,7.3,1.057
2023-02-26 19:30:00-05:00,31.15,22.773,8.3,0.819
2023-02-27 07:30:00-05:00,31.48,22.173,7.16,0.986
2023-02-27 19:30:00-05:00,29.11,24.278,8.2,1.3
2023-02-28 07:30:00-05:00,30.39,23.472,6.86,1.294
2023-03-01 07:30:00-05:00,29.68,23.697,7.34,1.065
2023-03-01 19:30:00-05:00,29.92,24.521,8.76,0.842
2023-03-02 07:30:00-05:00,30.1,21.592,8.14,0.691
2023-03-02 19:30:00-05:00,30.05,22.935,8.64,0.563
2023-03-03 07:30:00-05:00,28.97,23.88,8.48,0.648
2023-03-03 19:30:00-05:00,30.45,24.975,7.64,0.524
2023-03-04 07:30:00-05:00,28.9,25.87,7.22,0.542
2023-03-04 19:30:00-05:00,29.95,24.78,8.04,0.43
2023-03-05 07:30:00-05:00,30.1,24.776,8.1,0.628
2023-03-05 19:30:00-05:00,29.55,24.776,8.6,0.652
2023-03-06 07:30:00-05:00,30.28,25.671,7.98,0.502
2023-03-06 19:30:00-05:00,30.14,24.378,9.22,0.9
2023-03-07 07:30:00-05:00,29.3,25.176,9.02,0.677
2023-03-07 19:30:00-05:00,30.63,23.681,8.76,0.615
2023-03-08 07:30:00-05:00,29.21,25.174,8.3,0.765
2023-03-08 19:30:00-05:00,29.72,24.651,7.9,0.972
2023-03-09 19:30:00-05:00,29.51,24.701,8.38,0.728
2023-03-10 07:30:00-05:00,29.3,24.577,8.38,0.727
2023-03-10 19:30:00-05:00,29.41,28.89,5.08,1.03
2023-03-11 07:30:00-05:00,28.54,26.517,6.6,1.018
2023-03-11 19:30:00-05:00,29.92,22.885,9.34,1.144
2023-03-12 07:30:00-05:00,29.66,26.567,6.0,1.024
2023-03-12 19:30:00-05:00,30.37,26.119,6.6,0.799
2023-03-13 07:30:00-05:00,29.94,24.228,8.52,0.721
2023-03-13 19:30:00-05:00,31.13,22.873,9.62,0.969
2023-03-14 07:30:00-05:00,27.89,22.673,11.44,1.114
2023-03-14 19:30:00-05:00,28.62,24.366,13.06,1.116
2023-03-15 07:30:00-05:00,27.59,23.272,11.56,1.329
2023-03-15 19:30:00-05:00,27.94,26.672,9.74,1.419
2023-03-16 07:30:00-05:00,29.25,25.469,10.46,1.698
2023-03-16 19:30:00-05:00,29.41,25.469,10.0,1.386
2023-03-17 07:30:00-05:00,29.64,24.616,10.18,1.19
2023-03-17 19:30:00-05:00,30.16,25.27,7.7,1.062
2023-03-18 07:30:00-05:00,30.96,22.573,8.5,1.098
2023-03-18 19:30:00-05:00,29.93,23.472,9.42,1.233
2023-03-19 07:30:00-05:00,30.13,23.871,8.8,1.354
2023-03-19 19:30:00-05:00,31.37,24.121,7.72,1.038
2023-03-20 07:30:00-05:00,29.98,23.152,8.3,1.003
2023-03-20 19:30:00-05:00,31.03,23.413,8.8,1.029
2023-03-21 07:30:00-05:00,29.48,22.912,10.2,1.189
2023-03-21 19:30:00-05:00,30.94,24.97,7.62,0.967
2023-03-22 07:30:00-05:00,30.11,23.965,7.18,1.178
2023-03-22 19:30:00-05:00,31.08,23.005,8.28,1.208
2023-03-23 07:30:00-05:00,31.27,22.873,6.7,0.86
2023-03-23 19:30:00-05:00,31.22,26.069,5.02,0.747
2023-03-24 07:30:00-05:00,29.33,27.667,5.32,0.893
2023-03-24 19:30:00-05:00,31.66,24.62,4.62,0.516
2023-03-25 07:30:00-05:00,31.85,22.661,5.72,0.496
2023-03-25 19:30:00-05:00,31.49,22.9,5.82,0.554
2023-03-26 07:30:00-05:00,31.14,26.568,5.1,0.296
2023-03-26 19:30:00-05:00,31.38,22.873,6.22,0.513
2023-03-27 07:30:00-05:00,31.76,21.408,7.6,0.615
2023-03-27 19:30:00-05:00,32.32,22.46,6.6,0.687
2023-03-28 19:30:00-05:00,30.58,22.561,6.26,0.76
2023-03-29 07:30:00-05:00,31.86,21.974,5.92,0.821
2023-03-29 19:30:00-05:00,30.97,22.962,7.76,0.531
2023-03-30 07:30:00-05:00,30.32,25.318,5.62,0.486
2023-03-30 19:30:00-05:00,31.98,24.021,5.96,0.575
2023-03-31 07:30:00-05:00,30.81,25.519,4.84,0.593
2023-03-31 19:30:00-05:00,30.35,23.672,6.12,0.516
2023-04-01 07:30:00-05:00,30.51,24.67,6.86,0.606
2023-04-01 19:30:00-05:00,31.81,24.67,5.92,0.551
2023-04-02 07:30:00-05:00,31.28,22.972,7.06,0.677
2023-04-02 19:30:00-05:00,31.72,25.969,5.42,0.811
2023-04-03 07:30:00-05:00,30.15,24.97,6.18,0.812
2023-04-03 19:30:00-05:00,30.47,27.167,5.72,0.707
2023-04-05 07:30:00-05:00,30.72,24.371,6.44,0.65
2023-04-05 19:30:00-05:00,30.85,26.069,6.56,0.828
2023-04-06 07:30:00-05:00,31.43,23.781,7.54,1.117
2023-04-06 19:30:00-05:00,30.45,26.069,6.5,1.204
2023-04-07 07:30:00-05:00,29.34,23.771,7.92,1.054
2023-04-07 19:30:00-05:00,31.28,24.77,8.26,1.078
2023-04-08 07:30:00-05:00,29.85,24.065,9.7,0.998
2023-04-08 19:30:00-05:00,29.77,25.42,8.06,1.146
2023-04-09 07:30:00-05:00,31.34,24.87,7.88,0.996
2023-04-09 19:30:00-05:00,30.49,25.669,7.28,0.998
2023-04-10 07:30:00-05:00,29.33,27.775,6.64,0.851
2023-04-10 19:30:00-05:00,30.66,25.27,6.48,1.119
2023-04-11 07:30:00-05:00,29.91,22.985,8.68,1.38
2023-04-11 19:30:00-05:00,30.3,24.577,7.58,1.473
2023-04-12 07:30:00-05:00,30.39,24.171,8.4,1.598
2023-04-12 19:30:00-05:00,29.09,26.368,6.58,1.315
2023-04-13 07:30:00-05:00,29.81,25.37,7.24,1.275
2023-04-13 19:30:00-05:00,29.46,23.64,8.2,2.272
2023-04-14 07:30:00-05:00,29.81,24.271,9.18,1.563
2023-04-14 19:30:00-05:00,28.82,24.676,8.66,1.398
2023-04-15 07:30:00-05:00,29.66,23.472,11.72,1.242
2023-04-15 19:30:00-05:00,28.33,24.82,10.16,1.612
2023-04-16 07:30:00-05:00,28.93,25.919,8.6,1.07
2023-04-16 19:30:00-05:00,30.46,24.427,9.16,0.986
2023-04-17 07:30:00-05:00,29.01,27.456,7.92,1.462
2023-04-17 19:30:00-05:00,29.14,27.848,7.16,1.141
2023-04-18 07:30:00-05:00,29.23,28.442,6.18,0.906
2023-04-18 19:30:00-05:00,28.19,29.58,5.6,1.13
2023-04-19 07:30:00-05:00,30.48,25.102,7.2,1.222
2023-04-19 19:30:00-05:00,28.82,27.567,6.3,2.433
2023-04-20 07:30:00-05:00,28.91,25.746,6.38,1.777
2023-04-20 19:30:00-05:00,28.85,26.267,6.16,2.277
2023-04-21 07:30:00-05:00,29.34,28.274,5.02,1.735
2023-04-21 19:30:00-05:00,29.86,26.862,6.1,1.915
2023-04-22 07:30:00-05:00,30.41,24.676,7.08,1.251
2023-04-22 19:30:00-05:00,30.78,28.162,4.12,0.798
2023-04-23 07:30:00-05:00,30.78,25.671,5.98,1.147
2023-04-23 19:30:00-05:00,30.24,23.88,7.88,1.267
2023-04-24 07:30:00-05:00,31.74,24.825,6.16,1.218
2023-04-24 19:30:00-05:00,31.43,25.845,4.74,0.983
2023-04-25 07:30:00-05:00,30.58,23.233,7.52,1.303
2023-04-25 19:30:00-05:00,30.69,23.333,8.16,1.036
2023-04-26 07:30:00-05:00,29.74,24.97,8.42,1.052
2023-04-26 19:30:00-05:00,29.19,25.569,7.12,1.224
2023-04-27 07:30:00-05:00,30.32,23.771,7.86,1.384
2023-04-27 19:30:00-05:00,29.96,25.295,6.96,1.345
2023-04-28 07:30:00-05:00,30.53,24.767,6.02,1.478
2023-04-28 19:30:00-05:00,30.82,25.07,6.0,1.502
2023-04-29 07:30:00-05:00,30.47,24.67,7.32,1.122
2023-04-29 19:30:00-05:00,31.05,24.471,8.24,1.128
2023-04-30 07:30:00-05:00,30.37,23.572,7.82,1.137
2023-04-30 19:30:00-05:00,29.67,24.366,8.2,0.942
2023-05-01 07:30:00-05:00,30.46,24.67,6.82,0.78
2023-05-01 19:30:00-05:00,31.93,25.419,6.8,0.684
2023-05-02 07:30:00-05:00,28.64,25.769,7.1,0.608
2023-05-02 19:30:00-05:00,30.98,26.019,6.36,0.75
2023-05-03 07:30:00-05:00,29.63,25.17,8.2,0.729
2023-05-03 19:30:00-05:00,30.31,27.963,6.08,0.9
2023-05-04 19:30:00-05:00,28.23,24.366,8.44,0.93
2023-05-05 07:30:00-05:00,30.41,24.369,7.74,0.717
2023-05-05 19:30:00-05:00,28.31,27.267,4.94,0.902
2023-05-06 07:30:00-05:00,30.77,25.469,5.78,0.813
2023-05-06 19:30:00-05:00,29.39,26.268,5.6,0.911
2023-05-07 07:30:00-05:00,30.81,25.619,6.18,0.899
2023-05-07 19:30:00-05:00,30.91,22.873,8.72,0.712
2023-05-08 07:30:00-05:00,31.97,20.775,11.16,0.726
2023-05-08 19:30:00-05:00,30.56,15.082,17.96,0.663
2023-05-09 07:30:00-05:00,30.1,21.774,9.7,0.885
2023-05-09 19:30:00-05:00,30.64,25.819,5.48,1.483
2023-05-10 07:30:00-05:00,30.72,25.669,5.6,1.229
2023-05-10 19:30:00-05:00,30.76,25.017,6.5,1.185
2023-05-11 07:30:00-05:00,30.82,24.97,8.6,2.243
2023-05-11 19:30:00-05:00,29.56,25.669,6.7,2.192
2023-05-12 07:30:00-05:00,29.5,25.02,7.04,1.884
2023-05-12 19:30:00-05:00,29.72,25.669,5.54,2.413
2023-05-13 07:30:00-05:00,29.12,26.672,5.86,3.426
2023-05-13 19:30:00-05:00,28.75,22.16,10.18,2.3
2023-05-14 19:30:00-05:00,30.24,21.658,10.56,2.382
2023-05-15 07:30:00-05:00,29.57,22.473,9.76,1.725
2023-05-15 19:30:00-05:00,30.94,21.282,8.9,1.309
2023-05-16 07:30:00-05:00,31.4,21.458,9.3,1.078
2023-05-16 19:30:00-05:00,30.6,21.458,10.82,0.746
2023-05-17 07:30:00-05:00,30.95,20.656,10.6,0.904
2023-05-17 19:30:00-05:00,31.95,21.257,10.9,0.957
2023-05-18 07:30:00-05:00,30.41,20.956,11.34,0.488
2023-05-18 19:30:00-05:00,31.78,24.62,7.86,0.631
2023-05-19 07:30:00-05:00,29.41,25.17,7.38,0.689
2023-05-19 19:30:00-05:00,30.52,26.119,6.34,0.735
2023-05-20 07:30:00-05:00,30.55,25.064,6.24,0.654
2023-05-20 19:30:00-05:00,29.03,25.266,4.9,0.846
2023-05-21 07:30:00-05:00,30.78,24.511,5.64,0.767
2023-05-21 19:30:00-05:00,30.79,23.582,6.4,0.876
2023-05-22 07:30:00-05:00,31.26,21.824,7.06,1.097
2023-05-22 19:30:00-05:00,30.91,24.278,5.9,1.085
2023-05-23 07:30:00-05:00,31.08,22.736,6.5,1.081
2023-05-23 19:30:00-05:00,30.17,23.272,7.6,1.004
2023-05-24 07:30:00-05:00,30.89,22.972,8.14,0.99
2023-05-24 19:30:00-05:00,29.94,24.57,6.48,1.258
2023-05-25 07:30:00-05:00,27.73,24.67,7.42,1.132
2023-05-25 19:30:00-05:00,30.99,24.87,6.68,1.112
2023-05-26 07:30:00-05:00,29.69,25.373,6.82,1.054
2023-05-26 19:30:00-05:00,29.97,24.378,7.48,1.152
2023-05-27 07:30:00-05:00,30.12,24.378,6.98,1.025
2023-05-27 19:30:00-05:00,29.9,25.469,6.18,1.081
2023-05-28 07:30:00-05:00,29.15,23.726,7.4,0.956
2023-05-28 19:30:00-05:00,30.43,23.482,7.76,0.999
2023-05-29 07:30:00-05:00,30.05,24.278,7.56,0.902
2023-05-29 19:30:00-05:00,29.52,25.669,6.38,0.912
2023-05-30 07:30:00-05:00,30.16,23.681,8.3,1.097
2023-05-30 19:30:00-05:00,29.9,26.169,6.46,1.105
2023-05-31 07:30:00-05:00,30.89,24.975,7.1,0.911
2023-05-31 19:30:00-05:00,29.95,25.572,6.84,1.051
2023-06-01 07:30:00-05:00,30.45,24.77,7.88,0.965
2023-06-01 19:30:00-05:00,30.03,24.029,9.72,1.166
2023-06-02 07:30:00-05:00,29.96,23.072,9.74,1.306
2023-06-02 19:30:00-05:00,29.67,25.074,7.0,1.203
2023-06-03 07:30:00-05:00,29.82,24.278,7.98,1.333
2023-06-03 19:30:00-05:00,30.94,26.069,6.48,1.101
2023-06-04 07:30:00-05:00,29.71,24.328,8.32,1.183
2023-06-04 19:30:00-05:00,30.32,24.676,7.7,1.058
2023-06-05 07:30:00-05:00,29.06,22.219,11.26,1.066
2023-06-05 19:30:00-05:00,29.79,22.798,10.6,1.223
2023-06-06 07:30:00-05:00,29.33,23.045,11.36,1.74
2023-06-06 19:30:00-05:00,29.46,24.185,9.84,0.988
2023-06-07 07:30:00-05:00,29.36,22.587,10.34,1.265
2023-06-07 19:30:00-05:00,31.1,26.865,6.16,1.18
2023-06-08 07:30:00-05:00,30.61,24.577,7.6,1.276
2023-06-08 19:30:00-05:00,31.0,26.268,6.6,1.009
2023-06-09 07:30:00-05:00,29.67,25.497,6.52,0.811
2023-06-09 19:30:00-05:00,29.85,21.474,10.6,1.098
2023-06-10 07:30:00-05:00,30.91,24.243,8.62,0.984
2023-06-10 19:30:00-05:00,29.53,23.404,10.08,0.862
2023-06-11 07:30:00-05:00,28.61,23.789,10.34,1.002
2023-06-11 19:30:00-05:00,30.56,23.527,9.08,0.877
2023-06-12 07:30:00-05:00,29.98,24.521,8.16,0.864
2023-06-12 19:30:00-05:00,30.39,25.647,7.24,0.948
2023-06-13 07:30:00-05:00,29.16,26.267,6.86,0.694
2023-06-13 19:30:00-05:00,30.07,25.626,6.68,0.647
2023-06-14 07:30:00-05:00,29.75,25.969,7.56,0.601
2023-06-14 19:30:00-05:00,30.68,21.806,9.74,0.723
2023-06-15 07:30:00-05:00,32.01,21.707,7.98,0.486
2023-06-15 19:30:00-05:00,30.11,23.731,8.96,0.471
2023-06-16 07:30:00-05:00,31.09,23.532,8.44,0.496
2023-06-16 19:30:00-05:00,30.56,23.283,7.52,0.496
2023-06-17 07:30:00-05:00,32.28,21.013,6.66,0.308
2023-06-17 19:30:00-05:00,32.57,22.686,6.6,0.393
2023-06-18 07:30:00-05:00,31.85,24.378,6.68,0.421
2023-06-18 19:30:00-05:00,31.79,24.278,7.54,0.358
2023-06-19 07:30:00-05:00,31.97,20.995,7.2,0.34
2023-06-19 19:30:00-05:00,32.23,20.099,7.82,0.315
2023-06-20 07:30:00-05:00,31.52,20.995,7.14,0.435
2023-06-20 19:30:00-05:00,31.62,22.835,7.1,0.388
2023-06-21 07:30:00-05:00,29.69,23.034,6.9,0.519
2023-06-21 19:30:00-05:00,29.31,24.676,6.76,0.538
2023-06-22 19:30:00-05:00,27.84,24.57,5.38,1.204
2023-06-23 07:30:00-05:00,29.72,25.92,6.16,0.681
2023-06-23 19:30:00-05:00,29.97,28.407,5.48,0.663
2023-06-24 07:30:00-05:00,31.08,24.676,6.56,0.882
2023-06-24 19:30:00-05:00,30.66,23.582,7.3,0.644
2023-06-25 07:30:00-05:00,28.9,23.582,7.32,0.62
2023-06-25 19:30:00-05:00,31.36,23.072,7.4,0.6
2023-06-26 07:30:00-05:00,30.51,22.885,9.06,0.494
2023-06-26 19:30:00-05:00,29.01,23.706,8.58,0.556
2023-06-27 07:30:00-05:00,30.59,24.477,7.16,0.558
2023-06-27 19:30:00-05:00,29.67,24.096,7.48,0.549
2023-06-28 07:30:00-05:00,29.06,23.871,6.96,0.456
2023-06-28 19:30:00-05:00,30.39,23.821,6.32,0.425
2023-06-29 07:30:00-05:00,30.5,24.228,7.04,0.52
2023-06-29 19:30:00-05:00,29.27,25.049,7.36,0.644
2023-06-30 07:30:00-05:00,30.66,22.922,6.78,0.474
2023-06-30 19:30:00-05:00,30.99,21.757,8.16,0.484
2023-07-01 07:30:00-05:00,30.75,24.527,5.5,0.445
2023-07-01 19:30:00-05:00,31.5,22.189,8.98,0.541
2023-07-02 19:30:00-05:00,27.46,26.268,7.26,0.615
2023-07-10 07:30:00-05:00,31.2,23.472,7.58,0.476
2023-07-10 19:30:00-05:00,31.09,30.364,4.34,0.606
2023-07-11 07:30:00-05:00,30.86,27.761,4.7,0.773
2023-07-11 19:30:00-05:00,28.82,26.268,7.26,0.787
2023-07-12 07:30:00-05:00,30.14,24.875,7.54,0.673
2023-07-12 19:30:00-05:00,30.48,26.218,6.28,0.773
2023-07-13 07:30:00-05:00,29.79,25.572,7.56,0.587
2023-07-13 19:30:00-05:00,30.39,23.028,9.96,0.677
2023-07-14 07:30:00-05:00,32.34,23.482,7.3,0.621
2023-07-14 19:30:00-05:00,30.08,26.069,6.32,0.583
2023-07-15 07:30:00-05:00,30.89,26.368,6.22,0.652
2023-07-15 19:30:00-05:00,30.22,23.532,8.26,0.939
2023-07-16 07:30:00-05:00,29.58,26.968,7.06,0.671
2023-07-16 19:30:00-05:00,28.96,23.178,8.2,0.902
2023-07-17 07:30:00-05:00,29.57,26.019,7.02,0.895
2023-07-17 19:30:00-05:00,30.37,22.935,8.28,0.815
2023-07-18 07:30:00-05:00,29.66,25.223,7.34,0.997
2023-07-18 19:30:00-05:00,30.33,22.273,8.2,0.795
2023-07-19 07:30:00-05:00,29.44,20.575,11.7,0.701
2023-07-19 19:30:00-05:00,30.76,21.567,11.42,0.697
2023-07-20 07:30:00-05:00,29.52,22.089,9.74,0.794
2023-07-20 19:30:00-05:00,31.26,24.378,7.28,0.863
2023-07-21 07:30:00-05:00,29.91,23.582,8.44,1.009
2023-07-21 19:30:00-05:00,29.71,25.373,8.02,0.749
2023-07-22 07:30:00-05:00,28.38,22.263,13.52,0.629
2023-07-22 19:30:00-05:00,30.62,20.895,10.82,0.551
2023-07-23 07:30:00-05:00,28.98,23.219,11.46,0.821
2023-07-23 19:30:00-05:00,26.98,25.769,9.98,0.858
2023-07-24 07:30:00-05:00,28.98,24.57,10.48,0.817
2023-07-24 19:30:00-05:00,26.88,25.919,8.06,1.041
2023-07-25 07:30:00-05:00,30.15,23.383,7.76,1.045
2023-07-25 19:30:00-05:00,30.76,27.014,5.88,1.01
2023-07-26 07:30:00-05:00,32.81,20.0,5.36,0.677
2023-07-26 19:30:00-05:00,28.62,26.069,7.78,0.832
2023-07-27 07:30:00-05:00,27.65,23.681,8.42,1.181
2023-07-27 19:30:00-05:00,30.42,26.865,6.62,1.067
2023-07-28 07:30:00-05:00,29.41,23.427,10.08,0.784
2023-07-28 19:30:00-05:00,30.04,26.268,7.0,0.915
2023-07-29 07:30:00-05:00,30.25,23.028,8.6,0.894
2023-07-29 19:30:00-05:00,30.51,22.686,8.76,1.12
2023-07-30 07:30:00-05:00,29.37,25.172,7.7,1.055
2023-07-30 19:30:00-05:00,29.17,24.179,10.34,1.14
2023-07-31 07:30:00-05:00,29.44,24.278,8.88,0.912
2023-07-31 19:30:00-05:00,31.2,21.311,9.82,1.019
2023-08-01 07:30:00-05:00,30.42,24.477,7.82,1.189
2023-08-01 19:30:00-05:00,30.63,23.532,9.02,1.21
2023-08-02 07:30:00-05:00,30.27,23.98,8.64,1.26
2023-08-02 19:30:00-05:00,32.02,19.876,9.24,0.942
2023-08-03 07:30:00-05:00,28.02,25.621,7.12,1.048
2023-08-03 19:30:00-05:00,28.19,23.572,12.74,1.056
2023-08-04 07:30:00-05:00,28.85,25.869,8.54,0.821
2023-08-04 19:30:00-05:00,29.25,23.372,9.64,1.535
2023-08-05 07:30:00-05:00,28.05,24.378,9.08,1.476
2023-08-05 19:30:00-05:00,26.8,25.769,9.98,1.444
2023-08-06 07:30:00-05:00,28.26,25.669,9.1,1.375
2023-08-06 19:30:00-05:00,28.44,26.868,7.98,1.676
2023-08-07 07:30:00-05:00,28.39,23.672,10.92,1.825
2023-08-07 19:30:00-05:00,26.77,26.467,9.52,1.273
2023-08-08 07:30:00-05:00,27.3,21.774,16.54,1.16
2023-08-08 19:30:00-05:00,27.87,24.171,13.52,1.185
2023-08-09 07:30:00-05:00,27.61,22.686,15.24,1.146
2023-08-09 19:30:00-05:00,27.29,25.024,10.9,1.387
2023-08-10 07:30:00-05:00,27.22,23.172,14.16,1.275
2023-08-10 19:30:00-05:00,28.01,26.119,10.1,1.419
2023-08-11 07:30:00-05:00,28.24,23.272,10.66,1.547
2023-08-11 19:30:00-05:00,28.61,26.618,9.68,1.211
2023-08-12 07:30:00-05:00,29.75,22.997,9.12,1.513
2023-08-12 19:30:00-05:00,29.68,24.62,7.2,1.075
2023-08-13 07:30:00-05:00,29.42,22.786,11.02,1.23
2023-08-13 19:30:00-05:00,30.49,24.171,10.04,1.114
2023-08-14 07:30:00-05:00,29.88,21.1,10.76,1.476
2023-08-14 19:30:00-05:00,30.31,22.873,10.68,1.241
2023-08-15 07:30:00-05:00,29.96,21.974,11.28,1.314
2023-08-15 19:30:00-05:00,29.14,22.273,11.96,1.202
2023-08-16 07:30:00-05:00,29.87,21.974,11.0,1.253
2023-08-16 19:30:00-05:00,30.65,23.971,8.9,1.175
2023-08-17 19:30:00-05:00,29.95,22.573,10.64,1.162
2023-08-18 07:30:00-05:00,30.75,25.97,6.38,0.843
2023-08-18 19:30:00-05:00,30.21,25.276,5.6,0.872
2023-08-19 07:30:00-05:00,30.81,25.771,5.84,0.961
2023-08-19 19:30:00-05:00,31.25,22.548,7.6,1.06
2023-08-20 07:30:00-05:00,29.61,22.698,9.02,1.204
2023-08-20 19:30:00-05:00,30.11,23.726,9.06,1.188
2023-08-21 07:30:00-05:00,29.81,23.871,9.18,1.126
2023-08-21 19:30:00-05:00,29.94,26.943,6.26,0.858
2023-08-22 07:30:00-05:00,30.83,23.926,5.94,0.709
2023-08-22 19:30:00-05:00,31.12,22.985,9.02,0.935
2023-08-23 19:30:00-05:00,31.97,21.84,7.38,0.859
2023-08-24 07:30:00-05:00,33.08,20.575,8.04,0.778
2023-08-24 19:30:00-05:00,29.18,23.283,6.52,0.825
2023-08-25 07:30:00-05:00,31.94,23.333,6.8,0.718
2023-08-25 19:30:00-05:00,30.49,22.636,8.18,0.714
2023-08-26 07:30:00-05:00,31.28,23.402,7.32,0.734
2023-08-26 19:30:00-05:00,26.94,25.671,5.64,0.728
2023-08-27 07:30:00-05:00,32.43,21.608,7.14,0.429
2023-08-27 19:30:00-05:00,31.18,26.267,7.96,0.474
2023-08-28 07:30:00-05:00,30.39,25.771,7.22,0.552
2023-08-28 19:30:00-05:00,29.93,27.164,5.26,0.668
2023-08-29 07:30:00-05:00,30.81,23.781,6.96,0.536
2023-08-29 19:30:00-05:00,29.86,23.582,7.02,0.575
2023-08-30 07:30:00-05:00,29.89,22.736,7.8,0.688
2023-08-30 19:30:00-05:00,29.41,23.756,8.5,0.551
2023-08-31 07:30:00-05:00,30.81,23.582,9.4,0.566
2023-08-31 19:30:00-05:00,30.19,25.771,7.48,0.618
2023-09-01 07:30:00-05:00,30.32,24.577,6.94,0.672
2023-09-01 19:30:00-05:00,29.45,24.825,7.14,0.899
2023-09-02 07:30:00-05:00,30.15,25.573,7.58,0.732
2023-09-02 19:30:00-05:00,29.53,23.591,8.46,1.028
2023-09-03 07:30:00-05:00,30.56,24.975,7.38,0.928
2023-09-03 19:30:00-05:00,29.57,25.273,6.48,1.33
2023-09-04 07:30:00-05:00,30.45,27.462,5.42,0.857
2023-09-04 19:30:00-05:00,29.18,23.272,9.58,1.256
2023-09-05 07:30:00-05:00,27.13,25.97,7.26,1.129
2023-09-05 19:30:00-05:00,30.47,24.265,6.88,1.153
2023-09-07 07:30:00-05:00,32.22,20.675,5.12,0.761
2023-09-07 19:30:00-05:00,28.86,26.069,7.82,1.196
2023-09-08 07:30:00-05:00,28.61,27.367,6.24,1.319
2023-09-08 19:30:00-05:00,26.69,26.666,9.26,1.33
2023-09-09 07:30:00-05:00,28.65,26.668,9.32,1.601
2023-09-09 19:30:00-05:00,29.35,28.059,7.04,1.342
2023-09-10 07:30:00-05:00,28.65,25.174,10.66,1.308
2023-09-10 19:30:00-05:00,29.94,27.567,7.18,1.092
2023-09-11 07:30:00-05:00,29.03,25.969,10.14,1.34
2023-09-11 19:30:00-05:00,29.03,23.672,11.8,1.326
2023-09-12 07:30:00-05:00,27.61,23.98,11.84,1.289
2023-09-12 19:30:00-05:00,25.93,22.736,13.8,1.46
2023-09-13 07:30:00-05:00,29.36,21.874,13.16,1.27
2023-09-13 19:30:00-05:00,26.01,23.582,11.28,1.36
2023-09-14 07:30:00-05:00,27.63,23.507,10.46,1.511
2023-09-14 19:30:00-05:00,26.36,24.179,10.1,1.163
2023-09-15 07:30:00-05:00,28.34,22.388,11.82,1.132
2023-09-15 19:30:00-05:00,29.19,23.965,10.68,1.386
2023-09-16 07:30:00-05:00,28.78,23.771,8.96,1.462
2023-09-16 19:30:00-05:00,28.27,25.27,9.82,1.141
2023-09-17 07:30:00-05:00,29.29,26.069,10.24,1.336
2023-09-17 19:30:00-05:00,28.43,24.577,11.62,1.261
2023-09-18 07:30:00-05:00,28.62,25.373,10.64,1.289
2023-09-18 19:30:00-05:00,28.78,27.512,7.96,1.141
2023-09-19 07:30:00-05:00,28.17,25.074,10.68,1.101
2023-09-19 19:30:00-05:00,27.81,27.867,6.68,1.008
2023-09-20 07:30:00-05:00,27.92,27.567,7.7,1.171
2023-09-20 19:30:00-05:00,29.91,26.069,6.8,1.003
2023-09-21 07:30:00-05:00,27.22,25.97,7.84,1.237
2023-09-21 19:30:00-05:00,27.62,26.467,8.18,1.699
2023-09-22 07:30:00-05:00,28.92,27.867,7.34,1.608
2023-09-22 19:30:00-05:00,29.04,22.954,9.04,1.284
2023-09-23 07:30:00-05:00,30.96,24.079,7.02,0.973
2023-09-23 19:30:00-05:00,29.72,23.681,7.92,1.048
2023-09-24 07:30:00-05:00,30.9,25.62,6.68,0.617
2023-09-24 19:30:00-05:00,31.56,23.432,7.18,0.849
2023-09-25 07:30:00-05:00,31.55,22.673,7.32,1.163
2023-09-25 19:30:00-05:00,31.49,22.786,7.56,1.62
2023-09-26 07:30:00-05:00,30.35,22.773,8.3,1.715
2023-09-26 19:30:00-05:00,29.54,24.171,7.36,1.447
2023-09-27 07:30:00-05:00,30.64,22.48,8.22,1.349
2023-09-27 19:30:00-05:00,29.23,24.079,8.46,1.273
2023-09-28 07:30:00-05:00,27.02,25.373,9.96,2.102
2023-09-28 19:30:00-05:00,28.07,26.666,8.56,1.67
2023-09-29 07:30:00-05:00,27.48,25.17,8.38,1.827
2023-09-29 19:30:00-05:00,28.28,26.965,7.1,1.866
2023-09-30 07:30:00-05:00,27.61,25.644,7.96,1.374
2023-09-30 19:30:00-05:00,29.99,26.418,6.32,1.284
2023-10-01 07:30:00-05:00,29.22,27.267,6.32,1.643
2023-10-01 19:30:00-05:00,29.35,28.323,5.36,1.123
2023-10-02 07:30:00-05:00,29.65,26.572,7.02,1.304
2023-10-02 19:30:00-05:00,29.71,27.078,5.96,1.302
2023-10-03 07:30:00-05:00,29.23,28.126,5.0,1.328
2023-10-03 19:30:00-05:00,28.72,27.027,7.12,1.519
2023-10-04 07:30:00-05:00,29.71,25.719,7.04,1.485
2023-10-04 19:30:00-05:00,29.24,24.065,8.86,1.924
2023-10-05 07:30:00-05:00,29.87,22.862,8.82,1.09
2023-10-05 19:30:00-05:00,29.55,21.959,10.84,1.538
2023-10-06 07:30:00-05:00,29.15,23.664,8.42,1.239
2023-10-06 19:30:00-05:00,28.92,23.263,9.76,1.029
2023-10-07 07:30:00-05:00,28.61,27.574,6.52,0.951
2023-10-07 19:30:00-05:00,27.75,26.897,6.88,1.205
2023-10-08 07:30:00-05:00,29.74,28.176,5.66,0.885
2023-10-08 19:30:00-05:00,27.7,28.727,5.2,0.955
2023-10-09 07:30:00-05:00,29.99,26.974,5.5,0.675
2023-10-09 19:30:00-05:00,30.47,27.374,6.36,0.685
2023-10-10 07:30:00-05:00,29.98,26.572,6.38,0.61
2023-10-10 19:30:00-05:00,30.47,27.325,5.76,0.859
2023-10-12 07:30:00-05:00,29.34,24.215,10.2,0.703
2023-10-12 19:30:00-05:00,30.92,25.32,6.9,0.862
2023-10-13 07:30:00-05:00,29.69,25.644,7.62,0.664
2023-10-13 19:30:00-05:00,29.89,26.271,7.42,0.736
2023-10-14 07:30:00-05:00,28.56,27.273,7.98,0.74
2023-10-14 19:30:00-05:00,28.87,28.477,5.84,0.722
2023-10-15 07:30:00-05:00,29.18,23.882,10.58,0.734
2023-10-15 19:30:00-05:00,29.0,26.17,8.4,0.782
2023-10-16 07:30:00-05:00,28.2,24.867,8.96,0.796
2023-10-16 19:30:00-05:00,29.21,25.62,8.28,0.797
2023-10-17 07:30:00-05:00,29.15,23.172,8.76,1.108
2023-10-17 19:30:00-05:00,29.78,24.371,7.64,0.891
2023-10-18 07:30:00-05:00,30.62,23.152,8.44,0.893
2023-10-18 19:30:00-05:00,29.19,27.223,5.9,0.783
2023-10-19 07:30:00-05:00,30.27,24.471,7.6,1.426
2023-10-19 19:30:00-05:00,28.41,27.649,6.42,1.108
2023-10-20 07:30:00-05:00,29.34,26.718,7.0,1.227
2023-10-20 19:30:00-05:00,28.16,26.771,7.38,1.137
2023-10-21 07:30:00-05:00,29.72,26.722,7.0,1.095
2023-10-21 19:30:00-05:00,27.81,27.966,6.86,0.768
2023-10-22 07:30:00-05:00,30.05,26.071,6.72,0.967
2023-10-22 19:30:00-05:00,28.72,25.821,7.96,0.67
2023-10-23 07:30:00-05:00,29.74,25.92,8.18,0.579
2023-10-23 19:30:00-05:00,28.28,25.568,7.86,0.588
2023-10-24 07:30:00-05:00,29.89,26.923,6.9,0.681
2023-10-24 19:30:00-05:00,28.66,24.259,10.28,0.714
2023-10-25 07:30:00-05:00,29.73,25.569,9.04,0.573
2023-10-25 19:30:00-05:00,28.45,26.549,8.7,0.942
2023-10-26 07:30:00-05:00,28.05,25.769,7.5,0.749
2023-10-26 19:30:00-05:00,28.87,25.168,10.96,0.824
2023-10-27 07:30:00-05:00,28.4,24.867,9.54,0.845
2023-10-27 19:30:00-05:00,29.12,28.466,6.42,0.839
2023-10-28 07:30:00-05:00,27.78,27.675,6.54,0.79
2023-10-28 19:30:00-05:00,29.49,25.469,9.22,0.699
2023-10-29 07:30:00-05:00,28.48,24.171,11.4,0.677
2023-10-29 19:30:00-05:00,29.6,24.82,12.54,0.646
2023-10-30 07:30:00-05:00,29.24,25.771,10.92,0.673
2023-10-30 19:30:00-05:00,28.95,25.774,11.3,0.742
2023-10-31 07:30:00-05:00,26.86,25.478,10.74,0.863
2023-10-31 19:30:00-05:00,28.19,27.453,9.5,0.718
2023-11-01 07:30:00-05:00,26.89,23.996,14.5,0.915
2023-11-01 19:30:00-05:00,28.62,26.885,10.36,0.887
2023-11-02 07:30:00-05:00,27.6,21.592,12.88,0.966
2023-11-02 19:30:00-05:00,27.74,25.774,10.96,0.954
2023-11-03 07:30:00-05:00,28.44,27.597,9.36,1.132
2023-11-03 19:30:00-05:00,28.07,28.983,6.96,0.997
2023-11-04 07:30:00-05:00,29.62,27.544,7.06,1.036
2023-11-04 19:30:00-05:00,28.7,26.71,7.6,0.739
2023-11-05 07:30:00-05:00,29.14,26.757,8.98,0.747
2023-11-05 19:30:00-05:00,27.92,25.873,10.32,0.853
2023-11-06 07:30:00-05:00,29.11,25.429,10.3,0.831
2023-11-06 19:30:00-05:00,27.64,23.83,12.08,0.829
2023-11-07 07:30:00-05:00,28.22,25.281,10.34,0.756
2023-11-07 19:30:00-05:00,26.9,23.799,14.14,0.931
2023-11-08 07:30:00-05:00,27.7,25.822,11.02,1.253
2023-11-08 19:30:00-05:00,26.2,25.281,10.94,2.512
2023-11-09 07:30:00-05:00,26.86,25.872,10.32,2.626
2023-11-09 19:30:00-05:00,26.93,24.789,11.84,1.887
2023-11-10 07:30:00-05:00,27.35,26.463,10.2,1.882
2023-11-10 19:30:00-05:00,27.55,23.904,10.98,2.458
2023-11-11 07:30:00-05:00,30.04,24.739,8.94,1.857
2023-11-11 19:30:00-05:00,28.05,25.822,9.26,1.98
2023-11-12 07:30:00-05:00,28.15,22.176,13.0,1.164
2023-11-12 19:30:00-05:00,28.54,25.478,9.96,0.898
2023-11-13 07:30:00-05:00,28.8,24.985,11.0,0.683
2023-11-13 19:30:00-05:00,29.88,25.478,8.74,0.641
2023-11-14 07:30:00-05:00,29.06,23.363,10.08,0.743
2023-11-14 19:30:00-05:00,29.98,27.052,6.4,0.547
2023-11-15 07:30:00-05:00,29.32,27.74,5.36,0.591
2023-11-15 19:30:00-05:00,29.28,28.878,5.0,0.549
2023-11-16 19:30:00-05:00,29.82,28.308,3.48,0.351
2023-11-17 07:30:00-05:00,29.18,26.716,7.2,0.513
2023-11-17 19:30:00-05:00,29.07,27.96,6.14,0.67
2023-11-18 07:30:00-05:00,29.44,25.474,7.08,0.74
2023-11-18 19:30:00-05:00,29.22,26.517,6.84,0.656
2023-11-19 07:30:00-05:00,29.72,27.164,6.76,1.019
2023-11-19 19:30:00-05:00,28.67,27.462,7.56,0.995
2023-11-20 07:30:00-05:00,29.13,26.267,8.68,1.136
2023-11-20 19:30:00-05:00,28.87,26.567,8.36,1.051
2023-11-21 07:30:00-05:00,29.65,25.034,9.28,1.672
2023-11-21 19:30:00-05:00,30.92,23.756,7.94,1.136
2023-11-22 07:30:00-05:00,30.86,25.472,6.58,1.259
2023-11-22 19:30:00-05:00,29.06,27.562,8.52,0.915
2023-11-23 07:30:00-05:00,29.3,28.855,5.98,0.826
2023-11-23 19:30:00-05:00,30.96,24.353,5.46,0.99
2023-11-24 07:30:00-05:00,30.25,26.368,5.46,0.659
2023-11-24 19:30:00-05:00,29.59,23.731,8.36,1.161
2023-11-25 07:30:00-05:00,27.16,26.965,6.4,1.046
2023-11-25 19:30:00-05:00,29.27,24.477,9.9,1.137
2023-11-26 07:30:00-05:00,29.58,24.626,8.58,1.014
2023-11-26 19:30:00-05:00,29.41,24.925,8.18,1.309
2023-11-27 07:30:00-05:00,29.96,25.621,6.56,1.307
2023-11-27 19:30:00-05:00,27.99,26.044,7.38,1.66
2023-11-28 07:30:00-05:00,29.01,26.019,8.72,1.466
2023-11-28 19:30:00-05:00,29.57,26.268,8.24,1.36
2023-11-29 07:30:00-05:00,28.47,26.865,8.26,1.018
2023-11-29 19:30:00-05:00,27.74,26.865,10.66,0.93
2023-11-30 07:30:00-05:00,26.77,27.412,9.06,1.275
2023-11-30 19:30:00-05:00,29.58,29.751,5.72,1.436
2023-12-01 07:30:00-05:00,27.18,28.756,7.56,1.437
2023-12-01 19:30:00-05:00,27.4,28.706,8.42,1.125
2023-12-02 07:30:00-05:00,25.75,26.766,10.38,1.316
2023-12-02 19:30:00-05:00,25.2,27.96,7.38,2.547
2023-12-03 07:30:00-05:00,24.6,25.469,11.34,3.983
2023-12-03 19:30:00-05:00,27.89,28.855,6.86,2.729
2023-12-04 07:30:00-05:00,25.61,25.444,12.22,2.155
2023-12-04 19:30:00-05:00,27.12,28.457,6.62,1.541
2023-12-05 07:30:00-05:00,27.33,23.482,9.22,1.746
2023-12-05 19:30:00-05:00,27.05,25.57,10.48,2.108
2023-12-06 07:30:00-05:00,28.02,25.82,8.9,1.823
2023-12-06 19:30:00-05:00,27.75,28.059,5.42,1.469
2023-12-07 07:30:00-05:00,29.8,24.726,8.5,1.162
2023-12-07 19:30:00-05:00,28.32,24.278,9.42,0.851
2023-12-08 07:30:00-05:00,29.29,27.761,6.94,0.765
2023-12-08 19:30:00-05:00,28.36,25.97,9.1,0.957
2023-12-09 07:30:00-05:00,29.58,26.762,8.28,0.729
2023-12-09 19:30:00-05:00,27.19,25.548,10.32,0.916
2023-12-10 07:30:00-05:00,29.38,27.109,8.66,0.833
2023-12-10 19:30:00-05:00,29.48,25.672,7.82,0.92
2023-12-11 07:30:00-05:00,31.02,26.762,5.12,0.982
2023-12-11 19:30:00-05:00,29.81,24.235,8.48,1.283
2023-12-12 07:30:00-05:00,29.55,29.203,5.42,0.675
2023-12-12 19:30:00-05:00,28.73,27.283,7.18,0.921
2023-12-13 07:30:00-05:00,30.11,28.547,5.06,1.06
2023-12-13 19:30:00-05:00,29.51,26.564,7.16,0.951
2023-12-14 19:30:00-05:00,29.44,25.424,5.76,1.023
2023-12-15 07:30:00-05:00,29.15,28.457,4.32,1.233
2023-12-15 19:30:00-05:00,29.34,26.663,7.62,1.528
2023-12-16 07:30:00-05:00,28.89,30.331,4.58,1.059
2023-12-16 19:30:00-05:00,30.09,28.993,5.14,1.381
2023-12-17 07:30:00-05:00,28.19,28.844,6.3,1.193
2023-12-17 19:30:00-05:00,29.14,30.331,4.54,1.169
2023-12-18 07:30:00-05:00,27.28,27.7,6.36,1.552
2023-12-18 19:30:00-05:00,28.88,28.993,5.24,1.485
2023-12-19 07:30:00-05:00,28.15,26.217,8.9,2.058
2023-12-19 19:30:00-05:00,28.38,27.754,9.16,1.595
2023-12-20 07:30:00-05:00,28.1,24.433,10.94,1.36
2023-12-20 19:30:00-05:00,27.14,28.15,7.9,1.279
2023-12-21 07:30:00-05:00,28.0,24.086,11.74,1.467
2023-12-21 19:30:00-05:00,29.32,29.736,4.48,1.471
2023-12-22 07:30:00-05:00,27.35,27.828,7.64,1.898
2023-12-22 19:30:00-05:00,29.11,30.925,3.84,1.458
2023-12-23 07:30:00-05:00,29.89,29.141,3.94,2.375
2023-12-23 19:30:00-05:00,30.66,27.605,2.02,1.929
2023-12-24 07:30:00-05:00,27.45,27.952,5.48,4.731
2023-12-24 19:30:00-05:00,28.45,28.547,5.96,3.897
2023-12-25 07:30:00-05:00,28.0,27.156,6.82,3.583
2023-12-25 19:30:00-05:00,30.32,23.591,7.64,1.595
2023-12-26 07:30:00-05:00,28.55,23.987,9.48,2.082
2023-12-26 19:30:00-05:00,30.39,21.972,8.1,1.513
2023-12-27 07:30:00-05:00,30.22,26.812,6.36,1.073
2023-12-27 19:30:00-05:00,29.61,23.591,7.78,1.631
2023-12-28 07:30:00-05:00,29.25,27.707,5.88,0.915
2023-12-28 19:30:00-05:00,29.62,23.789,8.9,1.169
2023-12-29 07:30:00-05:00,28.97,28.601,4.96,0.969
2023-12-29 19:30:00-05:00,28.41,26.714,4.22,0.867
2023-12-30 07:30:00-05:00,30.42,28.999,3.6,0.479
2023-12-30 19:30:00-05:00,30.12,26.567,5.6,0.89
2023-12-31 07:30:00-05:00,31.24,22.245,4.44,0.685
2023-12-31 19:30:00-05:00,30.64,26.714,5.34,0.611
2024-01-01 07:30:00-05:00,28.83,24.879,5.9,0.965
2024-01-01 19:30:00-05:00,31.77,22.12,10.14,1.285
2024-01-02 07:30:00-05:00,30.23,22.089,9.88,1.326
2024-01-02 19:30:00-05:00,30.82,25.176,8.38,1.24
2024-01-03 07:30:00-05:00,29.73,23.442,9.9,1.489
2024-01-03 19:30:00-05:00,28.12,25.672,9.36,1.384
2024-01-04 07:30:00-05:00,27.17,25.423,10.58,1.367
2024-01-04 19:30:00-05:00,28.84,28.059,7.78,0.977
2024-01-05 07:30:00-05:00,29.53,23.888,11.0,0.678
2024-01-05 19:30:00-05:00,28.21,27.267,5.54,0.456
2024-01-06 07:30:00-05:00,27.17,23.996,12.04,0.694
2024-01-06 19:30:00-05:00,29.19,26.567,8.56,0.345
2024-01-07 07:30:00-05:00,27.43,27.018,7.24,1.048
2024-01-07 19:30:00-05:00,29.44,27.96,6.04,1.058
2024-01-08 07:30:00-05:00,28.94,26.044,7.3,0.911
2024-01-08 19:30:00-05:00,29.09,26.766,6.92,1.209
2024-01-09 07:30:00-05:00,27.78,26.316,10.5,1.019
2024-01-09 19:30:00-05:00,27.66,24.179,10.02,1.004
2024-01-10 07:30:00-05:00,27.29,26.268,8.7,0.944
2024-01-10 19:30:00-05:00,25.96,27.354,8.16,1.117
2024-01-11 07:30:00-05:00,28.26,26.362,8.54,1.356
2024-01-11 19:30:00-05:00,27.28,26.29,11.16,1.259
2024-01-12 07:30:00-05:00,28.68,25.676,9.5,1.139
2024-01-12 19:30:00-05:00,24.62,24.598,12.98,1.229
2024-01-13 07:30:00-05:00,27.29,26.803,9.5,1.246
2024-01-13 19:30:00-05:00,29.07,25.75,9.88,1.542
2024-01-14 07:30:00-05:00,28.24,24.255,12.3,1.551
2024-01-14 19:30:00-05:00,28.82,27.538,8.92,1.241
2024-01-15 07:30:00-05:00,28.77,25.335,9.4,1.555
2024-01-15 19:30:00-05:00,29.15,29.792,6.44,1.227
2024-01-16 07:30:00-05:00,28.69,27.392,7.96,1.704
2024-01-16 19:30:00-05:00,27.64,26.884,8.08,1.944
2024-01-17 07:30:00-05:00,28.03,28.71,7.16,1.862
2024-01-17 19:30:00-05:00,27.87,29.776,5.78,1.93
2024-01-19 07:30:00-05:00,28.88,29.725,4.88,1.42
2024-01-19 19:30:00-05:00,28.47,27.899,8.26,1.726
2024-01-20 07:30:00-05:00,27.34,26.986,11.36,1.438
2024-01-20 19:30:00-05:00,27.6,27.645,9.02,1.374
2024-01-21 07:30:00-05:00,27.79,24.906,12.62,1.542
2024-01-21 19:30:00-05:00,28.73,28.507,7.8,1.331
2024-01-24 07:30:00-05:00,28.98,28.355,6.6,1.334
2024-01-24 19:30:00-05:00,29.3,30.029,4.92,1.544
2024-01-25 07:30:00-05:00,30.02,28.812,5.96,1.425
2024-01-25 19:30:00-05:00,29.43,26.986,7.74,1.31
2024-01-26 07:30:00-05:00,27.89,27.036,7.66,1.206
2024-01-26 19:30:00-05:00,29.65,26.58,8.46,1.316
2024-01-27 07:30:00-05:00,28.0,29.065,5.72,1.439
2024-01-27 19:30:00-05:00,27.84,25.718,10.16,1.356
2024-01-28 07:30:00-05:00,28.83,26.58,9.82,1.604
2024-01-28 19:30:00-05:00,27.76,24.906,12.02,1.371
2024-01-29 07:30:00-05:00,27.55,26.98,8.26,1.322
2024-01-29 19:30:00-05:00,26.92,26.415,9.42,1.826
2024-01-30 07:30:00-05:00,27.19,26.564,9.6,2.362
2024-01-30 19:30:00-05:00,27.3,25.895,10.46,2.426
2024-01-31 07:30:00-05:00,28.43,27.587,7.36,1.711
2024-01-31 19:30:00-05:00,28.51,27.937,7.56,1.179
2024-02-01 07:30:00-05:00,29.39,28.134,6.62,2.224
2024-02-01 19:30:00-05:00,28.68,25.922,8.92,2.867
2024-02-02 07:30:00-05:00,27.51,24.691,11.36,2.692
2024-02-02 19:30:00-05:00,27.25,23.51,12.92,2.39
2024-02-03 07:30:00-05:00,26.79,25.084,11.42,2.66
2024-02-03 19:30:00-05:00,26.96,26.462,10.14,1.692
2024-02-04 07:30:00-05:00,29.56,26.609,9.08,0.974
2024-02-04 19:30:00-05:00,29.52,26.848,7.18,1.02
2024-02-05 07:30:00-05:00,29.68,27.297,7.5,0.762
2024-02-05 19:30:00-05:00,29.87,26.214,8.88,0.935
2024-02-06 07:30:00-05:00,29.3,26.855,7.34,1.122
2024-02-06 19:30:00-05:00,29.12,26.658,8.0,1.01
2024-02-07 07:30:00-05:00,30.45,22.638,10.46,1.205
2024-02-07 19:30:00-05:00,28.72,25.97,8.26,1.165
2024-02-08 07:30:00-05:00,27.81,22.737,12.14,1.292
2024-02-08 19:30:00-05:00,29.41,26.265,8.76,1.194
2024-02-09 07:30:00-05:00,29.39,23.814,11.58,1.193
2024-02-09 19:30:00-05:00,31.08,26.558,9.04,0.992
2024-02-10 07:30:00-05:00,29.11,28.41,7.6,0.869
2024-02-10 19:30:00-05:00,29.25,25.871,9.72,1.159
2024-02-11 07:30:00-05:00,28.59,25.281,11.56,1.266
2024-02-11 19:30:00-05:00,25.67,24.002,9.28,0.964
2024-02-12 07:30:00-05:00,29.05,26.262,7.82,0.829
2024-02-12 19:30:00-05:00,28.02,26.069,9.46,0.789
2024-02-13 07:30:00-05:00,26.2,28.193,8.04,0.725
2024-02-13 19:30:00-05:00,29.68,24.391,9.64,0.858
2024-02-14 19:30:00-05:00,28.17,25.87,9.36,1.008
2024-02-15 07:30:00-05:00,28.41,28.051,10.14,0.607
2024-02-15 19:30:00-05:00,27.34,26.961,8.8,0.9
2024-02-16 07:30:00-05:00,26.91,23.987,12.66,0.778
2024-02-16 19:30:00-05:00,29.38,28.076,7.68,0.807
2024-02-17 07:30:00-05:00,27.94,28.855,5.96,0.882
2024-02-17 19:30:00-05:00,27.1,27.258,8.2,0.79
2024-02-18 07:30:00-05:00,26.89,26.862,8.74,0.54
2024-02-18 19:30:00-05:00,24.65,23.69,12.68,0.399
2024-02-19 07:30:00-05:00,24.93,22.288,13.28,0.42
2024-02-19 19:30:00-05:00,28.8,28.208,6.36,0.932
2024-02-20 07:30:00-05:00,29.3,26.368,8.18,1.009
2024-02-20 19:30:00-05:00,28.83,26.465,7.98,1.091
2024-02-21 07:30:00-05:00,29.28,25.12,7.82,0.998
2024-02-21 19:30:00-05:00,28.8,25.174,9.82,0.911
2024-02-22 07:30:00-05:00,29.85,24.676,8.58,1.172
2024-02-22 19:30:00-05:00,27.66,26.069,7.8,0.954
2024-02-23 07:30:00-05:00,30.35,24.717,8.22,1.212
2024-02-23 19:30:00-05:00,29.36,24.577,7.6,1.023
2024-02-24 07:30:00-05:00,29.6,25.621,6.66,1.353
2024-02-24 19:30:00-05:00,30.61,24.079,8.84,1.325
2024-02-25 07:30:00-05:00,29.04,25.472,8.06,1.368
2024-02-25 19:30:00-05:00,29.22,24.577,7.64,0.961
2024-02-26 07:30:00-05:00,29.29,27.317,6.2,1.384
2024-02-26 19:30:00-05:00,31.02,27.767,5.74,1.534
2024-02-27 07:30:00-05:00,27.12,26.218,6.08,1.325
2024-02-27 19:30:00-05:00,27.75,29.24,5.14,1.197
2024-02-28 07:30:00-05:00,27.37,27.65,5.5,1.156
2024-02-28 19:30:00-05:00,29.4,27.313,5.94,1.205
2024-02-29 07:30:00-05:00,27.71,27.456,5.76,1.797
2024-02-29 19:30:00-05:00,29.1,25.373,7.8,1.768
2024-03-02 19:30:00-05:00,30.41,24.776,8.64,1.573
2024-03-03 07:30:00-05:00,27.16,28.656,4.86,1.33
2024-03-03 19:30:00-05:00,31.22,26.663,5.7,1.607
2024-03-04 07:30:00-05:00,29.09,26.417,6.72,1.539
2024-03-04 19:30:00-05:00,29.97,26.069,6.66,0.812
2024-03-05 07:30:00-05:00,29.83,25.522,7.2,0.719
2024-03-05 19:30:00-05:00,29.99,22.5,9.04,1.232
2024-03-07 07:30:00-05:00,30.18,26.169,5.88,1.346
2024-03-07 19:30:00-05:00,24.94,27.91,4.92,1.186
2024-03-08 07:30:00-05:00,26.17,28.457,4.56,1.223
2024-03-08 19:30:00-05:00,26.48,27.213,6.22,1.106
2024-03-09 07:30:00-05:00,28.34,24.171,10.1,1.337
2024-03-09 19:30:00-05:00,28.32,26.468,10.26,1.238
2024-03-10 07:30:00-05:00,27.88,24.67,10.94,1.165
2024-03-10 19:30:00-05:00,28.92,29.452,5.84,1.035
2024-03-11 07:30:00-05:00,28.24,24.071,10.84,1.019
2024-03-11 19:30:00-05:00,27.84,24.471,12.46,1.143
2024-03-12 07:30:00-05:00,28.78,29.165,7.1,1.09
2024-03-12 19:30:00-05:00,29.11,26.968,8.64,1.194
2024-03-13 07:30:00-05:00,28.76,26.818,6.88,1.446
2024-03-13 19:30:00-05:00,29.09,27.567,6.72,1.184
2024-03-14 07:30:00-05:00,30.65,24.676,9.0,1.054
2024-03-14 19:30:00-05:00,28.79,27.96,5.82,1.247
2024-03-15 07:30:00-05:00,29.33,29.154,4.5,1.041
2024-03-15 19:30:00-05:00,29.7,25.024,8.04,0.987
2024-03-16 07:30:00-05:00,29.34,27.014,6.76,0.867
2024-03-16 19:30:00-05:00,28.99,23.627,11.98,1.287
2024-03-17 07:30:00-05:00,27.58,27.064,7.62,2.464
2024-03-17 19:30:00-05:00,26.67,24.695,11.9,2.758
2024-03-18 07:30:00-05:00,26.95,25.469,11.04,2.169
2024-03-18 19:30:00-05:00,26.78,23.519,12.6,1.786
2024-03-19 07:30:00-05:00,28.55,26.865,8.96,1.138
2024-03-19 19:30:00-05:00,29.03,25.17,9.8,0.982
2024-03-20 07:30:00-05:00,28.21,26.968,7.34,0.912
2024-03-20 19:30:00-05:00,28.07,25.569,8.54,1.319
2024-03-21 07:30:00-05:00,28.21,25.37,8.5,1.048
2024-03-21 19:30:00-05:00,29.48,24.825,8.56,1.017
2024-03-22 07:30:00-05:00,29.1,25.769,8.2,0.825
2024-03-22 19:30:00-05:00,30.6,27.7,7.02,0.991
2024-03-23 07:30:00-05:00,28.45,26.865,7.24,0.883
2024-03-23 19:30:00-05:00,29.4,26.961,8.16,0.938
2024-03-24 07:30:00-05:00,29.57,24.203,7.86,1.089
2024-03-24 19:30:00-05:00,28.5,26.243,9.6,0.823
2024-03-25 07:30:00-05:00,30.21,22.302,9.68,1.06
2024-03-25 19:30:00-05:00,29.69,26.069,6.34,0.851
2024-03-26 07:30:00-05:00,28.28,25.969,9.0,0.934
2024-03-26 19:30:00-05:00,28.57,24.027,11.44,1.033
2024-03-27 07:30:00-05:00,30.73,23.69,9.28,0.823
2024-03-27 19:30:00-05:00,30.11,25.152,8.34,0.938
2024-03-28 07:30:00-05:00,29.52,26.865,8.98,1.329
2024-03-28 19:30:00-05:00,29.7,25.87,8.0,0.934
2024-03-29 07:30:00-05:00,29.68,24.879,9.04,1.321
2024-03-29 19:30:00-05:00,30.43,25.722,7.94,1.318
2024-03-30 07:30:00-05:00,30.63,22.599,9.84,1.494
2024-03-30 19:30:00-05:00,30.87,26.862,6.98,1.279
2024-03-31 07:30:00-05:00,30.56,24.384,8.32,1.342
2024-03-31 19:30:00-05:00,29.82,25.672,7.66,1.434
2024-04-01 07:30:00-05:00,29.23,27.654,7.46,1.081
2024-04-01 19:30:00-05:00,29.14,25.873,10.34,1.271
2024-04-02 07:30:00-05:00,29.12,27.803,8.42,1.203
2024-04-02 19:30:00-05:00,29.66,26.292,9.38,1.195
2024-04-03 07:30:00-05:00,28.84,27.248,8.7,1.541
2024-04-03 19:30:00-05:00,29.16,27.544,7.88,1.202
2024-04-04 07:30:00-05:00,29.35,27.754,7.92,1.225
2024-04-04 19:30:00-05:00,29.05,26.762,9.02,1.301
2024-04-05 07:30:00-05:00,29.07,25.276,8.72,1.041
2024-04-05 19:30:00-05:00,30.29,27.562,5.46,0.879
2024-04-06 07:30:00-05:00,29.25,24.334,8.6,0.732
2024-04-06 19:30:00-05:00,29.4,26.707,8.32,0.997
2024-04-07 07:30:00-05:00,29.42,25.87,7.8,1.253
2024-04-07 19:30:00-05:00,29.9,26.168,7.64,1.225
2024-04-08 07:30:00-05:00,28.69,26.315,8.4,1.528
2024-04-08 19:30:00-05:00,28.2,28.547,7.48,1.522
2024-04-09 07:30:00-05:00,28.93,27.308,6.92,1.345
2024-04-09 19:30:00-05:00,28.7,27.445,7.14,1.817
2024-04-12 07:30:00-05:00,29.16,25.502,10.0,1.462
2024-04-12 19:30:00-05:00,29.06,29.265,6.18,1.438
2024-04-13 07:30:00-05:00,27.89,30.033,5.96,1.295
2024-04-13 19:30:00-05:00,29.06,30.174,4.68,0.911
2024-04-14 07:30:00-05:00,28.39,29.353,5.14,1.201
2024-04-14 19:30:00-05:00,29.92,30.81,3.64,0.773
2024-04-15 07:30:00-05:00,28.72,27.456,6.56,1.748
2024-04-15 19:30:00-05:00,27.76,27.754,7.72,1.772
2024-04-16 07:30:00-05:00,28.47,23.045,12.06,1.725
2024-04-16 19:30:00-05:00,29.0,25.771,7.92,1.415
2024-04-17 07:30:00-05:00,28.47,26.862,8.1,1.418
2024-04-17 19:30:00-05:00,30.02,27.347,7.8,1.255
2024-04-18 07:30:00-05:00,27.26,25.077,12.64,1.522
2024-04-18 19:30:00-05:00,27.85,26.761,9.12,1.289
2024-04-19 07:30:00-05:00,29.87,24.681,10.58,0.995
2024-04-19 19:30:00-05:00,29.0,24.021,11.34,1.183
2024-04-20 07:30:00-05:00,27.66,26.462,9.94,1.121
2024-04-20 19:30:00-05:00,28.82,27.255,9.48,0.965
2024-04-21 07:30:00-05:00,27.74,28.243,5.58,0.906
2024-04-21 19:30:00-05:00,28.82,27.555,8.12,0.946
2024-04-22 07:30:00-05:00,28.5,26.959,8.2,1.097
2024-04-22 19:30:00-05:00,28.47,27.357,10.06,1.095
2024-04-23 07:30:00-05:00,28.16,28.884,7.2,0.889
2024-04-23 19:30:00-05:00,27.19,27.445,8.36,1.377
2024-04-24 07:30:00-05:00,28.05,25.206,10.6,0.94
2024-04-24 19:30:00-05:00,29.05,24.681,8.66,1.792
2024-04-25 07:30:00-05:00,28.54,25.375,10.2,1.763
2024-04-25 19:30:00-05:00,29.15,25.871,7.6,1.405
2024-04-26 07:30:00-05:00,28.98,23.996,9.96,1.693
2024-04-26 19:30:00-05:00,28.16,27.255,8.6,1.434
2024-04-27 07:30:00-05:00,28.8,24.953,8.7,1.734
2024-04-27 19:30:00-05:00,27.47,27.453,8.06,1.445
2024-04-28 07:30:00-05:00,27.58,26.069,9.16,1.343
2024-04-28 19:30:00-05:00,27.42,28.44,5.52,1.125
2024-04-29 07:30:00-05:00,29.38,26.761,7.36,1.059
2024-04-29 19:30:00-05:00,28.75,28.144,5.62,1.638
2024-04-30 07:30:00-05:00,29.78,27.863,4.82,1.511
2024-04-30 19:30:00-05:00,29.27,27.667,5.58,1.416
2024-05-01 07:30:00-05:00,28.33,22.553,11.28,1.337
2024-05-01 19:30:00-05:00,28.49,26.705,5.48,1.199
2024-05-02 07:30:00-05:00,31.47,26.607,5.76,1.367
2024-05-02 19:30:00-05:00,29.69,25.627,10.62,1.325
2024-05-03 07:30:00-05:00,29.05,26.313,10.76,1.174
2024-05-03 19:30:00-05:00,29.93,25.529,9.44,1.56
2024-05-04 07:30:00-05:00,28.88,26.705,8.26,2.232
2024-05-04 19:30:00-05:00,28.96,24.888,11.46,1.25
2024-05-05 07:30:00-05:00,26.55,22.54,15.16,2.356
2024-05-05 19:30:00-05:00,29.41,21.952,13.22,2.208
2024-05-06 07:30:00-05:00,28.46,24.059,13.38,3.083
2024-05-06 19:30:00-05:00,29.19,24.297,11.74,2.969
2024-05-07 07:30:00-05:00,27.77,24.888,11.0,3.338
2024-05-07 19:30:00-05:00,30.03,27.101,8.46,3.021
2024-05-08 07:30:00-05:00,29.62,26.46,5.62,3.927
2024-05-08 19:30:00-05:00,29.72,25.478,7.7,2.396
2024-05-10 07:30:00-05:00,27.77,27.347,8.84,3.141
2024-05-10 19:30:00-05:00,29.35,28.232,6.78,2.78
2024-05-11 07:30:00-05:00,28.94,29.008,5.84,2.017
2024-05-11 19:30:00-05:00,28.48,28.872,5.94,1.959
2024-05-12 07:30:00-05:00,28.05,27.886,8.84,1.66
2024-05-12 19:30:00-05:00,27.75,26.607,11.42,1.732
2024-05-13 07:30:00-05:00,28.64,26.166,8.62,2.442
2024-05-13 19:30:00-05:00,28.51,26.068,8.94,2.712
2024-05-14 07:30:00-05:00,28.66,27.052,8.02,2.622
2024-05-14 19:30:00-05:00,30.01,25.97,9.06,2.476
2024-05-15 07:30:00-05:00,29.14,23.69,10.24,2.224
2024-05-15 19:30:00-05:00,29.12,27.062,7.2,1.693
2024-05-16 07:30:00-05:00,29.85,23.383,11.46,1.648
2024-05-16 19:30:00-05:00,30.14,27.86,6.86,1.152
2024-05-17 07:30:00-05:00,29.52,24.129,10.4,1.508
2024-05-17 19:30:00-05:00,30.16,28.308,6.24,1.357
2024-05-18 07:30:00-05:00,30.38,22.345,10.46,1.222
2024-05-18 19:30:00-05:00,31.44,24.53,7.94,1.389
2024-05-19 07:30:00-05:00,29.99,26.567,7.22,1.805
2024-05-19 19:30:00-05:00,30.29,29.309,5.68,1.112
2024-05-20 07:30:00-05:00,30.05,26.567,7.64,1.615
2024-05-20 19:30:00-05:00,30.19,27.064,7.22,1.637
2024-05-21 07:30:00-05:00,30.1,26.169,7.9,1.692
2024-05-21 19:30:00-05:00,31.97,25.569,6.92,0.912
2024-05-22 07:30:00-05:00,30.28,25.074,7.7,1.04
2024-05-22 19:30:00-05:00,30.98,23.134,10.6,1.529
2024-05-23 07:30:00-05:00,28.38,26.467,7.46,0.653
2024-05-23 19:30:00-05:00,30.78,24.626,10.52,0.755
2024-05-24 07:30:00-05:00,30.48,28.516,6.02,0.596
2024-05-24 19:30:00-05:00,31.22,27.164,7.52,0.693
2024-05-25 07:30:00-05:00,28.28,27.562,5.88,0.841
2024-05-25 19:30:00-05:00,28.02,26.668,7.58,0.749
2024-05-26 07:30:00-05:00,30.05,25.074,7.54,0.688
2024-05-26 19:30:00-05:00,30.41,24.676,9.52,0.689
2024-05-27 07:30:00-05:00,29.54,22.686,10.74,0.653
2024-05-27 19:30:00-05:00,29.77,25.82,8.38,0.653
2024-05-28 07:30:00-05:00,28.84,26.866,8.84,0.705
2024-05-28 19:30:00-05:00,26.84,25.273,9.1,0.849
2024-05-29 07:30:00-05:00,29.03,26.268,9.32,0.728
2024-05-29 19:30:00-05:00,28.67,26.318,7.82,0.815
2024-05-30 07:30:00-05:00,28.73,26.267,9.1,1.098
2024-05-30 19:30:00-05:00,27.02,26.069,9.44,1.085
2024-05-31 07:30:00-05:00,28.42,22.985,12.58,0.99
2024-05-31 19:30:00-05:00,28.98,28.159,7.4,0.857
2024-06-01 07:30:00-05:00,28.62,23.98,11.64,1.122
2024-06-01 19:30:00-05:00,29.22,26.541,8.9,1.197
2024-06-02 07:30:00-05:00,28.58,25.324,8.4,1.123
2024-06-02 19:30:00-05:00,29.6,28.447,6.38,1.025
2024-06-03 07:30:00-05:00,28.75,26.317,9.82,1.396
2024-06-03 19:30:00-05:00,29.09,25.87,7.78,1.147
2024-06-04 07:30:00-05:00,29.77,25.474,8.3,1.116
2024-06-04 19:30:00-05:00,30.91,27.65,7.84,1.101
2024-06-05 07:30:00-05:00,28.29,26.169,9.38,1.22
2024-06-05 19:30:00-05:00,29.74,27.159,8.36,1.325
2024-06-06 07:30:00-05:00,29.13,27.109,8.18,1.364
2024-06-06 19:30:00-05:00,31.16,27.456,5.76,0.928
2024-06-07 07:30:00-05:00,29.16,26.713,5.62,1.006
2024-06-07 19:30:00-05:00,29.08,26.471,7.28,1.26
2024-06-08 07:30:00-05:00,28.6,28.606,5.94,1.157
2024-06-08 19:30:00-05:00,29.29,24.079,9.66,1.165
2024-06-09 07:30:00-05:00,29.98,26.069,6.26,1.101
2024-06-09 19:30:00-05:00,28.52,28.358,6.04,1.24
2024-06-10 07:30:00-05:00,30.24,24.582,6.26,1.342
2024-06-10 19:30:00-05:00,28.93,27.31,6.48,1.708
2024-06-11 07:30:00-05:00,28.51,26.465,7.58,1.283
2024-06-11 19:30:00-05:00,28.74,25.969,8.2,1.34
2024-06-12 07:30:00-05:00,29.09,23.392,9.2,1.364
2024-06-12 19:30:00-05:00,29.32,26.069,8.66,0.935
2024-06-14 19:30:00-05:00,26.47,27.605,7.34,0.946
2024-06-15 07:30:00-05:00,27.92,28.034,7.2,0.818
2024-06-15 19:30:00-05:00,28.46,28.745,7.36,0.713
2024-06-16 07:30:00-05:00,29.16,25.969,7.3,0.829
2024-06-16 19:30:00-05:00,29.92,29.203,4.26,0.761
2024-06-17 07:30:00-05:00,29.23,25.474,7.2,0.8
2024-06-17 19:30:00-05:00,28.96,27.562,6.4,0.944
2024-06-18 07:30:00-05:00,30.5,25.053,8.02,1.133
2024-06-19 07:30:00-05:00,28.39,24.185,10.0,1.206
2024-06-19 19:30:00-05:00,29.26,25.176,7.28,1.081
2024-06-20 07:30:00-05:00,29.5,23.591,10.26,0.93
2024-06-20 19:30:00-05:00,29.54,26.439,7.58,1.021
2024-06-21 07:30:00-05:00,29.04,28.646,5.18,0.862
2024-06-21 19:30:00-05:00,29.11,26.367,4.44,1.095
2024-06-22 07:30:00-05:00,27.98,28.893,7.54,1.037
2024-06-22 19:30:00-05:00,27.3,28.224,9.42,1.345
2024-06-23 07:30:00-05:00,27.48,28.646,7.96,1.684
2024-06-23 19:30:00-05:00,27.38,27.161,8.96,1.801
2024-06-24 07:30:00-05:00,28.12,29.488,6.3,1.812
2024-06-24 19:30:00-05:00,29.59,28.482,8.16,3.734
2024-06-25 07:30:00-05:00,25.73,28.15,8.32,3.348
2024-06-25 19:30:00-05:00,26.21,28.756,8.24,2.624
2024-06-26 07:30:00-05:00,25.96,30.232,6.5,2.21
2024-06-26 19:30:00-05:00,26.55,26.516,9.82,1.562
2024-06-27 07:30:00-05:00,27.85,26.762,10.02,1.309
2024-06-27 19:30:00-05:00,27.46,23.781,13.6,1.36
2024-06-28 07:30:00-05:00,26.7,26.242,10.9,1.622
2024-06-28 19:30:00-05:00,26.69,24.378,11.58,1.205
2024-06-29 07:30:00-05:00,28.41,24.483,10.82,1.39
2024-06-29 19:30:00-05:00,27.11,25.87,11.42,1.419
2024-06-30 07:30:00-05:00,28.28,28.893,7.26,1.332
2024-06-30 19:30:00-05:00,28.72,29.042,6.74,1.642
2024-07-01 07:30:00-05:00,29.17,28.993,6.48,1.67
2024-07-01 19:30:00-05:00,28.97,27.357,9.2,1.405
2024-07-02 07:30:00-05:00,28.47,26.762,9.06,2.159
2024-07-02 19:30:00-05:00,28.62,28.993,6.28,1.402
2024-07-03 07:30:00-05:00,28.53,25.576,9.32,1.564
2024-07-03 19:30:00-05:00,28.75,27.848,7.84,1.824
2024-07-04 07:30:00-05:00,27.22,25.478,11.88,2.316
2024-07-04 19:30:00-05:00,30.73,28.341,5.98,1.344
2024-07-05 07:30:00-05:00,28.35,27.917,6.82,1.632
2024-07-05 19:30:00-05:00,30.11,27.892,6.06,1.637
2024-07-06 07:30:00-05:00,28.67,26.166,11.06,1.845
2024-07-06 19:30:00-05:00,28.13,27.749,8.08,1.763
2024-07-07 07:30:00-05:00,29.18,27.104,7.5,1.523
2024-07-07 19:30:00-05:00,28.78,27.104,8.12,1.645
2024-07-08 07:30:00-05:00,29.29,26.268,8.38,1.365
2024-07-08 19:30:00-05:00,29.36,22.243,13.64,1.104
2024-07-09 07:30:00-05:00,29.32,25.971,9.28,1.379
2024-07-09 19:30:00-05:00,28.54,27.65,6.46,1.066
2024-07-10 07:30:00-05:00,28.79,24.91,8.8,1.732
2024-07-10 19:30:00-05:00,28.5,26.366,9.94,1.723
2024-07-11 07:30:00-05:00,27.17,27.304,8.2,1.459
2024-07-11 19:30:00-05:00,27.96,23.996,13.22,1.741
2024-07-12 07:30:00-05:00,28.89,23.601,10.52,1.513
2024-07-12 19:30:00-05:00,29.06,24.293,9.62,1.346
2024-07-13 07:30:00-05:00,28.88,23.305,9.44,1.42
2024-07-13 19:30:00-05:00,26.33,23.51,12.32,1.429
2024-07-14 07:30:00-05:00,28.72,26.712,8.14,1.202
2024-07-14 19:30:00-05:00,30.0,25.379,8.14,0.796
2024-07-15 07:30:00-05:00,28.28,25.971,8.04,0.89
2024-07-15 19:30:00-05:00,27.96,25.478,10.06,0.939
2024-07-16 07:30:00-05:00,29.54,28.934,6.14,0.917
2024-07-16 19:30:00-05:00,27.64,27.946,6.24,1.024
2024-07-17 19:30:00-05:00,28.44,28.861,4.3,0.855
2024-07-18 07:30:00-05:00,28.31,27.765,7.84,1.084
2024-07-18 19:30:00-05:00,27.37,28.921,5.92,1.128
2024-07-19 07:30:00-05:00,27.24,25.897,12.38,1.023
2024-07-19 19:30:00-05:00,27.81,27.227,9.58,0.887
2024-07-20 07:30:00-05:00,28.8,26.316,9.6,0.963
2024-07-20 19:30:00-05:00,27.36,28.44,8.7,0.797
2024-07-21 07:30:00-05:00,27.16,25.453,10.18,1.005
2024-07-21 19:30:00-05:00,29.6,27.794,6.92,1.086
2024-07-22 07:30:00-05:00,29.04,22.564,10.5,0.889
2024-07-22 19:30:00-05:00,28.68,26.363,7.88,1.314
2024-07-23 07:30:00-05:00,30.01,25.871,8.6,0.714
2024-07-23 19:30:00-05:00,29.32,24.888,8.24,0.933
2024-07-24 07:30:00-05:00,30.97,28.527,6.02,1.188
2024-07-24 19:30:00-05:00,28.38,25.724,10.28,1.197
2024-07-25 07:30:00-05:00,29.64,27.544,8.98,0.931
2024-07-25 19:30:00-05:00,29.98,22.57,12.26,0.926
2024-07-26 07:30:00-05:00,29.64,28.085,7.3,0.871
2024-07-26 19:30:00-05:00,29.11,25.158,9.7,0.913
2024-07-27 07:30:00-05:00,28.42,29.118,5.76,0.612
2024-07-27 19:30:00-05:00,30.26,26.855,9.08,0.768
2024-07-28 07:30:00-05:00,28.26,25.379,11.72,0.92
2024-07-28 19:30:00-05:00,28.94,24.297,13.68,0.819
2024-07-29 07:30:00-05:00,27.2,24.937,13.04,0.696
2024-07-29 19:30:00-05:00,29.6,22.811,13.62,0.817
2024-07-30 07:30:00-05:00,27.67,26.761,9.2,0.657
2024-07-30 19:30:00-05:00,26.17,22.139,17.22,0.726
2024-07-31 07:30:00-05:00,27.65,26.173,9.84,0.709
2024-07-31 19:30:00-05:00,26.48,23.22,13.72,0.856
2024-08-01 07:30:00-05:00,27.38,23.831,12.82,0.92
2024-08-01 19:30:00-05:00,27.75,27.548,9.52,0.894
2024-08-02 07:30:00-05:00,28.99,23.932,13.14,0.795
2024-08-02 19:30:00-05:00,26.65,24.442,13.96,0.982
2024-08-03 07:30:00-05:00,28.88,27.217,7.74,0.875
2024-08-03 19:30:00-05:00,28.39,27.797,6.68,0.692
2024-08-04 07:30:00-05:00,30.84,22.583,9.1,0.746
2024-08-04 19:30:00-05:00,31.34,23.435,8.8,0.819
2024-08-05 07:30:00-05:00,28.03,27.166,9.38,0.776
2024-08-05 19:30:00-05:00,30.71,28.719,6.6,0.561
2024-08-06 07:30:00-05:00,28.91,25.743,9.22,0.706
2024-08-06 19:30:00-05:00,29.9,29.826,4.76,0.534
2024-08-07 07:30:00-05:00,28.56,25.768,9.62,0.76
2024-08-07 19:30:00-05:00,29.64,28.71,7.36,0.676
2024-08-08 07:30:00-05:00,29.67,28.21,5.34,0.523
2024-08-08 19:30:00-05:00,30.5,29.432,4.66,0.663
2024-08-09 07:30:00-05:00,29.51,26.275,7.98,0.939
2024-08-09 19:30:00-05:00,30.58,26.02,7.72,0.757
2024-08-10 07:30:00-05:00,30.93,25.715,6.82,1.025
2024-08-10 19:30:00-05:00,29.27,26.681,9.32,0.949
2024-08-11 07:30:00-05:00,28.62,28.413,6.74,1.004
2024-08-11 19:30:00-05:00,30.95,27.624,6.1,1.161
2024-08-12 07:30:00-05:00,29.38,26.937,7.76,1.347
2024-08-12 19:30:00-05:00,29.41,27.29,6.32,1.724
2024-08-13 07:30:00-05:00,29.36,26.784,6.52,1.084
2024-08-13 19:30:00-05:00,29.63,24.238,9.72,0.865
2024-08-14 07:30:00-05:00,28.8,24.652,10.56,0.832
2024-08-14 19:30:00-05:00,29.38,26.478,8.74,1.077
2024-08-15 07:30:00-05:00,28.38,26.073,8.6,1.199
2024-08-15 19:30:00-05:00,30.78,24.645,9.12,0.938
2024-08-16 07:30:00-05:00,29.36,26.784,8.6,1.282
2024-08-16 19:30:00-05:00,32.33,25.358,11.62,1.673
2024-08-17 07:30:00-05:00,29.05,26.672,8.62,1.474
2024-08-17 19:30:00-05:00,27.86,29.479,5.74,1.58
2024-08-18 07:30:00-05:00,28.86,28.828,7.76,1.507
2024-08-18 19:30:00-05:00,30.04,27.875,7.32,1.7
2024-08-19 07:30:00-05:00,29.21,28.376,7.5,1.295
2024-08-19 19:30:00-05:00,29.37,29.179,6.2,1.452
2024-08-20 07:30:00-05:00,30.31,27.474,7.08,0.824
2024-08-20 19:30:00-05:00,28.83,27.966,6.08,0.568
2024-08-21 19:30:00-05:00,29.61,28.716,5.8,0.484
2024-08-22 07:30:00-05:00,27.66,27.524,10.8,0.933
2024-08-22 19:30:00-05:00,28.09,29.065,7.62,0.791
2024-08-23 07:30:00-05:00,28.03,27.9,9.02,0.879
2024-08-23 19:30:00-05:00,29.09,28.627,6.76,0.767
2024-08-24 07:30:00-05:00,27.54,27.675,7.96,0.624
2024-08-24 19:30:00-05:00,28.55,25.145,9.36,0.823
2024-08-25 07:30:00-05:00,29.0,26.321,9.38,1.107
2024-08-25 19:30:00-05:00,27.84,25.068,10.78,1.268
2024-08-26 07:30:00-05:00,28.4,25.82,8.94,0.931
2024-08-26 19:30:00-05:00,30.37,22.587,9.8,0.739
2024-08-27 07:30:00-05:00,28.04,23.88,11.88,0.627
2024-08-27 19:30:00-05:00,30.06,27.856,5.56,0.73
2024-08-28 07:30:00-05:00,28.12,28.656,5.2,1.292
2024-08-28 19:30:00-05:00,31.62,23.272,8.04,0.987
2024-08-29 07:30:00-05:00,30.04,27.562,6.1,0.953
2024-08-29 19:30:00-05:00,30.79,20.895,11.0,0.767
2024-08-30 07:30:00-05:00,30.44,26.169,5.92,0.864
2024-08-30 19:30:00-05:00,29.46,21.592,11.74,1.284
2024-08-31 07:30:00-05:00,30.67,25.074,7.84,0.916
2024-08-31 19:30:00-05:00,28.48,23.283,11.4,1.069
2024-09-01 07:30:00-05:00,28.84,23.491,10.02,1.118
2024-09-01 19:30:00-05:00,28.62,21.641,14.3,1.085
2024-09-02 07:30:00-05:00,28.87,24.73,8.84,1.161
2024-09-02 19:30:00-05:00,28.55,25.273,8.84,1.189
2024-09-03 07:30:00-05:00,30.25,25.623,8.28,1.195
2024-09-03 19:30:00-05:00,30.03,28.745,5.2,0.993
2024-09-04 07:30:00-05:00,29.61,27.555,7.0,1.199
2024-09-04 19:30:00-05:00,28.06,28.398,6.84,1.128
2024-09-05 19:30:00-05:00,30.99,30.628,3.92,0.914
2024-09-06 07:30:00-05:00,28.25,25.076,11.7,1.27
2024-09-06 19:30:00-05:00,28.76,28.893,6.4,0.97
2024-09-07 07:30:00-05:00,28.94,25.127,10.74,1.251
2024-09-07 19:30:00-05:00,27.37,29.793,4.92,1.046
2024-09-08 07:30:00-05:00,27.91,26.192,11.04,1.634
2024-09-08 19:30:00-05:00,29.27,29.389,6.94,1.778
2024-09-09 07:30:00-05:00,28.44,26.467,10.58,1.871
2024-09-09 19:30:00-05:00,29.67,28.656,6.48,1.904
2024-09-10 07:30:00-05:00,28.15,26.069,10.62,1.912
2024-09-10 19:30:00-05:00,28.03,27.396,10.12,1.647
2024-09-11 07:30:00-05:00,27.26,29.502,6.3,1.547
2024-09-11 19:30:00-05:00,27.6,26.567,10.56,1.51
2024-09-12 07:30:00-05:00,28.02,28.051,6.62,1.387
2024-09-12 19:30:00-05:00,28.62,25.281,9.74,1.396
2024-09-13 07:30:00-05:00,29.78,27.952,5.88,1.109
2024-09-13 19:30:00-05:00,28.83,30.119,5.46,1.026
2024-09-14 07:30:00-05:00,27.19,26.761,9.34,1.31
2024-09-14 19:30:00-05:00,28.61,26.716,8.64,2.194
2024-09-15 07:30:00-05:00,26.27,27.555,9.24,3.003
2024-09-15 19:30:00-05:00,27.81,26.663,9.98,2.474
2024-09-16 07:30:00-05:00,26.18,26.465,9.66,1.568
2024-09-16 19:30:00-05:00,28.4,24.78,12.18,1.392
2024-09-17 07:30:00-05:00,27.79,26.465,9.96,1.144
2024-09-17 19:30:00-05:00,28.32,26.465,10.12,1.665
2024-09-19 07:30:00-05:00,29.33,26.564,6.38,1.744
2024-09-19 19:30:00-05:00,29.15,29.625,6.4,1.526
2024-09-20 07:30:00-05:00,27.47,27.156,9.68,1.541
2024-09-21 07:30:00-05:00,28.38,25.971,9.92,1.61
2024-09-21 19:30:00-05:00,28.48,26.86,9.58,1.189
2024-09-22 07:30:00-05:00,28.51,25.971,10.3,1.303
2024-09-22 19:30:00-05:00,30.47,26.959,6.48,1.292
2024-09-23 07:30:00-05:00,28.06,22.811,13.62,1.536
2024-09-23 19:30:00-05:00,28.68,27.937,7.4,1.211
2024-09-24 07:30:00-05:00,27.52,23.996,13.66,1.319
2024-09-24 19:30:00-05:00,29.79,28.921,6.14,0.926
2024-09-25 07:30:00-05:00,30.0,28.822,6.4,0.75
2024-09-25 19:30:00-05:00,28.59,24.445,13.14,1.088
2024-09-26 07:30:00-05:00,27.42,22.91,13.14,1.163
2024-09-26 19:30:00-05:00,29.48,24.49,11.32,1.143
2024-09-27 07:30:00-05:00,29.71,28.094,4.48,0.828
2024-09-27 19:30:00-05:00,29.33,24.199,10.28,1.299
2024-09-28 07:30:00-05:00,29.92,27.248,7.06,0.771
2024-09-28 19:30:00-05:00,27.85,25.281,11.54,1.25
2024-09-29 07:30:00-05:00,29.01,28.786,6.32,0.92
2024-09-29 19:30:00-05:00,28.86,23.437,12.7,1.153
2024-09-30 07:30:00-05:00,30.49,28.045,6.1,0.838
2024-09-30 19:30:00-05:00,28.44,23.707,12.22,1.333
2024-10-01 07:30:00-05:00,30.01,28.927,5.12,0.861
2024-10-01 19:30:00-05:00,28.95,26.365,8.4,1.1
2024-10-02 07:30:00-05:00,30.04,25.576,7.66,0.844
2024-10-02 19:30:00-05:00,29.05,22.896,10.88,0.992
2024-10-03 07:30:00-05:00,29.01,27.301,6.12,0.833
2024-10-03 19:30:00-05:00,28.56,26.119,7.76,1.131
2024-10-04 07:30:00-05:00,29.73,25.183,6.82,1.053
2024-10-04 19:30:00-05:00,30.3,23.491,10.24,0.93
2024-10-05 07:30:00-05:00,29.75,26.812,4.34,1.413
2024-10-05 19:30:00-05:00,27.62,30.033,4.6,0.987
2024-10-06 07:30:00-05:00,29.2,29.042,4.78,0.947
2024-10-06 19:30:00-05:00,30.36,29.751,4.16,1.031
2024-10-07 19:30:00-05:00,29.7,29.104,4.7,0.86
2024-10-08 07:30:00-05:00,28.78,27.555,5.7,1.066
2024-10-08 19:30:00-05:00,28.82,27.06,6.18,0.893
2024-10-09 07:30:00-05:00,29.83,24.278,8.1,0.988
2024-10-09 19:30:00-05:00,30.38,28.756,3.3,0.824
2024-10-10 07:30:00-05:00,30.48,21.918,8.98,1.178
2024-10-10 19:30:00-05:00,29.65,27.711,6.34,1.229
2024-10-11 07:30:00-05:00,29.51,25.373,8.24,1.061
2024-10-11 19:30:00-05:00,28.41,30.348,4.1,0.736
2024-10-12 07:30:00-05:00,30.07,26.168,6.4,0.993
2024-10-12 19:30:00-05:00,28.51,27.86,6.18,1.635
2024-10-13 07:30:00-05:00,28.74,28.666,6.42,1.928
2024-10-13 19:30:00-05:00,29.77,28.316,5.44,1.015
2024-10-14 07:30:00-05:00,28.87,28.109,6.66,1.329
2024-10-14 19:30:00-05:00,28.8,27.067,7.06,0.958
2024-10-15 07:30:00-05:00,28.1,28.166,7.96,1.166
2024-10-15 19:30:00-05:00,29.0,23.072,11.9,1.161
2024-10-17 07:30:00-05:00,29.78,29.365,4.74,1.123
2024-10-17 19:30:00-05:00,28.32,26.219,10.26,1.293
2024-10-18 07:30:00-05:00,27.02,28.965,7.08,1.186
2024-10-18 19:30:00-05:00,27.4,23.921,13.28,1.217
2024-10-19 07:30:00-05:00,27.21,27.067,9.94,1.217
2024-10-19 19:30:00-05:00,28.74,25.37,11.54,1.548
2024-10-20 07:30:00-05:00,27.7,28.166,5.7,1.589
2024-10-20 19:30:00-05:00,28.82,24.52,9.86,1.265
2024-10-21 07:30:00-05:00,27.72,27.522,7.68,1.234
2024-10-21 19:30:00-05:00,28.38,24.57,9.14,0.876
2024-10-22 07:30:00-05:00,29.79,26.368,7.5,0.753
2024-10-22 19:30:00-05:00,28.88,28.666,5.76,0.986
2024-10-23 07:30:00-05:00,29.91,24.071,9.64,1.29
2024-10-23 19:30:00-05:00,28.95,24.78,10.6,1.194
2024-10-24 07:30:00-05:00,29.17,22.277,12.1,1.649
2024-10-24 19:30:00-05:00,27.29,28.457,7.3,1.194
2024-10-25 07:30:00-05:00,28.63,26.766,8.62,1.403
2024-10-25 19:30:00-05:00,29.1,28.745,7.5,0.887
2024-10-26 07:30:00-05:00,28.42,25.969,9.6,1.13
2024-10-26 19:30:00-05:00,27.5,29.092,7.24,0.955
2024-10-27 07:30:00-05:00,28.29,25.576,12.52,1.423
2024-10-27 19:30:00-05:00,27.47,28.331,8.54,1.541
2024-10-28 19:30:00-05:00,27.47,28.937,6.32,1.537
2024-10-29 07:30:00-05:00,27.97,30.071,9.48,1.46
2024-10-29 19:30:00-05:00,29.13,29.724,6.06,1.31
2024-10-30 07:30:00-05:00,28.32,25.873,11.08,1.323
2024-10-30 19:30:00-05:00,29.26,29.23,6.64,1.047
2024-10-31 07:30:00-05:00,26.52,25.329,12.2,0.854
2024-10-31 19:30:00-05:00,28.94,26.465,10.44,0.541
2024-11-01 07:30:00-05:00,28.61,28.835,7.06,1.136
2024-11-01 19:30:00-05:00,29.11,28.884,7.44,1.364
2024-11-02 07:30:00-05:00,27.94,26.959,9.16,1.373
2024-11-02 19:30:00-05:00,27.75,26.959,9.16,2.196
2024-11-03 07:30:00-05:00,28.74,31.106,4.0,1.567
2024-11-03 19:30:00-05:00,28.34,29.131,6.6,2.727
2024-11-04 07:30:00-05:00,28.81,29.609,5.72,1.619
2024-11-04 19:30:00-05:00,29.46,29.23,6.0,1.532
2024-11-05 07:30:00-05:00,28.91,29.033,6.88,1.701
2024-11-05 19:30:00-05:00,27.68,27.453,8.96,1.521
2024-11-06 07:30:00-05:00,30.2,25.034,8.54,1.057
2024-11-06 19:30:00-05:00,28.0,28.745,6.7,1.237
2024-11-07 07:30:00-05:00,28.59,30.2,5.04,1.336
2024-11-07 19:30:00-05:00,30.58,23.904,8.72,1.402
2024-11-08 07:30:00-05:00,27.51,26.169,10.82,1.478
2024-11-09 07:30:00-05:00,26.58,26.268,10.1,1.478
2024-11-16 07:30:00-05:00,27.57,31.501,4.44,0.761
2024-11-16 19:30:00-05:00,29.25,33.18,2.46,0.607
2024-11-17 07:30:00-05:00,28.01,33.503,2.66,0.68
2024-11-17 19:30:00-05:00,27.07,27.902,10.14,1.325
2024-11-18 19:30:00-05:00,28.05,27.057,8.92,2.063
2024-11-19 19:30:00-05:00,28.55,23.725,11.82,1.067
2024-11-20 07:30:00-05:00,27.17,23.852,11.88,0.857
2024-11-20 19:30:00-05:00,29.56,24.302,9.92,1.284
2024-11-21 07:30:00-05:00,27.56,27.248,8.96,1.248
2024-11-21 19:30:00-05:00,26.8,24.01,13.74,1.321
2024-11-22 07:30:00-05:00,27.92,26.658,9.84,0.952
2024-11-22 19:30:00-05:00,28.47,24.888,12.92,0.92
2024-11-23 07:30:00-05:00,27.15,27.937,8.94,0.847
2024-11-23 19:30:00-05:00,28.11,26.658,11.02,1.01
2024-11-24 07:30:00-05:00,28.34,27.642,9.1,1.129
2024-11-24 19:30:00-05:00,26.23,24.297,15.5,1.048
2024-11-25 07:30:00-05:00,27.36,26.855,10.28,1.37
2024-11-25 19:30:00-05:00,28.25,24.691,14.02,1.2
2024-11-26 07:30:00-05:00,27.43,26.462,11.28,1.336
2024-11-26 19:30:00-05:00,27.82,27.74,9.86,1.024
2024-11-27 07:30:00-05:00,24.65,21.125,22.88,1.023
2024-11-27 19:30:00-05:00,28.35,29.428,7.2,1.019
2024-11-28 19:30:00-05:00,28.54,28.035,7.68,1.013
2024-11-29 19:30:00-05:00,29.2,29.019,6.3,0.853
2024-11-30 07:30:00-05:00,28.8,28.626,7.08,0.81
2024-11-30 19:30:00-05:00,29.0,28.822,6.76,0.755
2024-12-01 07:30:00-05:00,29.33,27.937,6.02,0.681
2024-12-01 19:30:00-05:00,29.0,27.301,7.78,0.633
2024-12-02 07:30:00-05:00,29.08,27.636,6.28,0.573
2024-12-02 19:30:00-05:00,29.24,29.068,5.14,1.181
2024-12-03 07:30:00-05:00,28.12,29.314,5.26,0.538
2024-12-03 19:30:00-05:00,29.27,29.075,6.64,0.621
2024-12-04 07:30:00-05:00,29.16,28.035,6.7,0.909
2024-12-04 19:30:00-05:00,27.95,29.11,7.02,0.956
2024-12-05 07:30:00-05:00,27.77,25.823,9.96,0.759
2024-12-05 19:30:00-05:00,28.09,25.87,10.36,0.956
2024-12-06 07:30:00-05:00,27.95,27.848,8.54,1.46
2024-12-06 19:30:00-05:00,28.29,25.077,11.22,1.098
2024-12-07 07:30:00-05:00,28.84,29.329,5.78,0.934
2024-12-07 19:30:00-05:00,28.65,26.268,7.84,1.183
2024-12-08 07:30:00-05:00,29.03,28.588,5.92,1.09
2024-12-08 19:30:00-05:00,28.54,28.547,6.46,0.969
2024-12-09 07:30:00-05:00,27.44,28.348,6.44,1.996
2024-12-09 19:30:00-05:00,25.87,27.661,8.22,1.611
2024-12-10 07:30:00-05:00,28.71,29.283,5.66,1.181
2024-12-10 19:30:00-05:00,28.61,25.375,8.02,0.797
2024-12-11 07:30:00-05:00,28.62,26.366,8.82,1.08
2024-12-11 19:30:00-05:00,29.93,25.273,8.18,0.865
2024-12-12 07:30:00-05:00,29.2,28.489,5.54,0.749
2024-12-12 19:30:00-05:00,27.8,26.366,9.34,1.074
2024-12-13 07:30:00-05:00,29.12,25.697,11.14,1.183
2024-12-13 19:30:00-05:00,27.88,27.01,9.6,1.294
2024-12-14 07:30:00-05:00,28.37,25.873,12.2,1.181
2024-12-14 19:30:00-05:00,28.55,29.452,6.52,1.272
2024-12-15 07:30:00-05:00,27.28,26.564,9.66,1.429
2024-12-15 19:30:00-05:00,28.88,28.893,6.62,1.344
2024-12-16 07:30:00-05:00,29.25,25.97,9.82,1.45
2024-12-16 19:30:00-05:00,27.69,26.663,9.56,1.302
2024-12-17 07:30:00-05:00,28.09,26.168,10.32,1.339
2024-12-17 19:30:00-05:00,28.01,26.168,10.42,1.282
2024-12-18 19:30:00-05:00,27.9,28.2,8.16,0.923
2024-12-19 07:30:00-05:00,27.49,25.422,13.32,1.536
2024-12-19 19:30:00-05:00,28.8,29.203,7.38,1.159
2024-12-20 07:30:00-05:00,28.61,26.368,10.7,0.979
2024-12-20 19:30:00-05:00,27.89,28.547,7.58,1.009
2024-12-21 07:30:00-05:00,26.58,27.853,8.6,1.111
2024-12-21 19:30:00-05:00,28.21,27.577,8.26,1.262
2024-12-22 07:30:00-05:00,26.77,26.515,9.12,1.609
2024-12-22 19:30:00-05:00,27.56,27.608,7.9,1.712
2024-12-23 07:30:00-05:00,27.98,28.591,6.98,1.967
2024-12-23 19:30:00-05:00,28.41,29.131,7.8,2.006
2024-12-24 07:30:00-05:00,27.43,28.489,7.94,1.854
2024-12-24 19:30:00-05:00,27.66,28.429,7.5,1.813
2024-12-25 07:30:00-05:00,25.47,28.701,8.2,1.887
2024-12-25 19:30:00-05:00,27.28,28.844,7.72,2.37
2024-12-26 07:30:00-05:00,26.0,28.15,9.28,2.27
2024-12-26 19:30:00-05:00,26.57,27.453,8.76,2.15
2024-12-27 07:30:00-05:00,26.27,25.572,12.48,1.475
2024-12-27 19:30:00-05:00,27.4,28.736,7.34,1.221
2024-12-28 07:30:00-05:00,28.41,29.921,5.7,0.837
2024-12-28 19:30:00-05:00,27.38,30.124,5.36,1.611
2024-12-29 07:30:00-05:00,25.84,25.87,12.4,3.079
2024-12-29 19:30:00-05:00,27.03,30.132,6.08,2.286
2024-12-30 07:30:00-05:00,25.69,27.01,10.64,3.639
2024-12-30 19:30:00-05:00,27.87,30.628,5.28,1.599
2024-12-31 07:30:00-05:00,27.72,25.722,10.02,2.081
2024-12-31 19:30:00-05:00,28.14,26.926,6.24,1.388
2025-01-01 07:30:00-05:00,29.32,24.485,10.0,1.464
2025-01-01 19:30:00-05:00,27.82,29.934,6.26,2.035
2025-01-02 07:30:00-05:00,27.02,27.112,9.56,2.609
2025-01-02 19:30:00-05:00,27.34,30.389,5.28,2.376
2025-01-03 07:30:00-05:00,28.31,29.098,6.46,2.815
2025-01-03 19:30:00-05:00,27.43,29.495,7.02,2.779
2025-01-04 07:30:00-05:00,26.83,28.547,6.76,4.129
2025-01-04 19:30:00-05:00,27.61,29.538,6.44,2.349
2025-01-05 07:30:00-05:00,27.8,27.555,9.32,2.021
2025-01-05 19:30:00-05:00,29.4,28.22,8.18,1.694
2025-01-06 07:30:00-05:00,28.69,27.503,8.18,1.541
2025-01-06 19:30:00-05:00,29.09,27.63,8.3,1.338
2025-01-07 07:30:00-05:00,27.19,27.159,8.56,2.855
2025-01-07 19:30:00-05:00,29.59,26.443,8.92,2.055
2025-01-08 07:30:00-05:00,27.5,27.714,8.16,2.102
2025-01-08 19:30:00-05:00,28.59,26.518,9.92,2.085
2025-01-09 07:30:00-05:00,27.11,26.966,10.2,2.352
2025-01-09 19:30:00-05:00,28.92,27.608,8.74,1.515
2025-01-10 07:30:00-05:00,27.28,26.666,10.64,1.681
2025-01-10 19:30:00-05:00,28.02,25.671,11.82,1.689
2025-01-11 07:30:00-05:00,25.99,27.064,10.68,1.689
2025-01-11 19:30:00-05:00,26.26,27.263,10.1,2.21
2025-01-12 07:30:00-05:00,27.97,27.86,7.62,1.597
2025-01-12 19:30:00-05:00,28.24,28.059,7.98,2.453
2025-01-13 07:30:00-05:00,26.64,26.766,9.5,2.171
2025-01-13 19:30:00-05:00,26.19,29.85,6.24,1.922
2025-01-14 07:30:00-05:00,27.99,31.481,3.96,1.523
2025-01-14 19:30:00-05:00,27.25,28.229,7.54,2.201
2025-01-18 07:30:00-05:00,28.22,28.204,7.64,2.296
2025-01-18 19:30:00-05:00,27.57,28.557,7.54,2.007
2025-01-19 07:30:00-05:00,28.35,29.751,5.5,2.055
2025-01-19 19:30:00-05:00,27.03,30.049,6.18,2.031
2025-01-20 07:30:00-05:00,25.9,26.069,10.24,1.6
2025-01-20 19:30:00-05:00,28.79,27.363,6.26,1.469
2025-01-21 07:30:00-05:00,26.87,26.766,7.38,1.396
2025-01-21 19:30:00-05:00,26.86,25.145,12.58,1.428
2025-01-22 07:30:00-05:00,25.77,27.86,9.04,1.159
2025-01-22 19:30:00-05:00,29.33,21.99,14.1,1.179
2025-01-23 07:30:00-05:00,29.24,27.363,8.9,1.584
2025-01-23 19:30:00-05:00,27.52,24.179,14.34,1.636
2025-01-24 07:30:00-05:00,27.12,24.975,13.66,1.747
2025-01-24 19:30:00-05:00,27.96,25.576,11.14,2.069
2025-01-25 07:30:00-05:00,26.38,25.97,12.54,1.483
2025-01-25 19:30:00-05:00,27.2,27.347,8.4,2.948
2025-01-26 07:30:00-05:00,27.13,28.331,7.04,1.885
2025-01-26 19:30:00-05:00,27.94,27.052,8.78,2.558
2025-01-27 07:30:00-05:00,27.8,27.745,7.52,2.333
2025-01-27 19:30:00-05:00,27.35,21.543,14.7,1.623
2025-01-28 07:30:00-05:00,27.56,25.871,8.02,1.389
2025-01-28 19:30:00-05:00,26.34,26.855,8.98,1.251
2025-01-29 07:30:00-05:00,28.62,25.231,8.18,0.803
2025-01-29 19:30:00-05:00,28.76,28.429,6.02,0.723
2025-01-30 07:30:00-05:00,27.43,23.162,10.0,1.092
2025-01-30 19:30:00-05:00,30.4,28.085,6.52,0.545
2025-01-31 07:30:00-05:00,27.66,22.379,13.46,0.844
2025-01-31 19:30:00-05:00,28.96,26.462,6.96,0.69
2025-02-01 07:30:00-05:00,28.91,24.888,10.9,0.771
2025-02-01 19:30:00-05:00,28.91,26.904,7.94,0.905
2025-02-02 07:30:00-05:00,29.08,25.113,10.36,0.84
2025-02-02 19:30:00-05:00,29.79,29.609,7.22,1.228
2025-02-03 07:30:00-05:00,28.38,28.232,7.32,1.143
2025-02-03 19:30:00-05:00,27.42,24.101,11.46,1.12
2025-02-04 07:30:00-05:00,28.0,26.658,10.02,1.184
2025-02-04 19:30:00-05:00,25.78,27.252,10.2,2.601
2025-02-05 07:30:00-05:00,26.74,26.806,11.22,1.04
2025-02-05 19:30:00-05:00,27.49,25.822,11.6,1.733
2025-02-06 07:30:00-05:00,27.01,27.937,7.38,3.506
2025-02-06 19:30:00-05:00,27.22,28.588,8.16,1.29
2025-02-07 07:30:00-05:00,26.36,26.412,10.6,1.966
2025-02-07 19:30:00-05:00,26.88,26.707,11.56,1.414
2025-02-08 07:30:00-05:00,29.64,28.341,7.96,1.281
2025-02-08 19:30:00-05:00,28.52,26.953,10.12,1.339
2025-02-09 07:30:00-05:00,30.02,28.681,7.0,2.14
2025-02-09 19:30:00-05:00,28.43,26.49,10.88,1.48
2025-02-10 07:30:00-05:00,28.05,26.365,10.5,1.976
2025-02-10 19:30:00-05:00,28.64,28.035,8.3,1.777
2025-02-11 07:30:00-05:00,27.27,29.075,6.6,1.846
2025-02-11 19:30:00-05:00,29.16,29.141,6.22,1.468
2025-02-12 07:30:00-05:00,27.61,28.822,8.06,1.472
2025-02-12 19:30:00-05:00,26.32,28.872,7.2,1.792
2025-02-13 07:30:00-05:00,27.11,25.822,13.22,1.315
2025-02-13 19:30:00-05:00,26.39,26.068,13.98,1.108
2025-02-14 07:30:00-05:00,27.3,24.986,13.84,1.024
2025-02-14 19:30:00-05:00,28.65,25.527,15.06,0.87
2025-02-15 07:30:00-05:00,27.29,25.305,13.48,0.917
2025-02-15 19:30:00-05:00,30.02,28.928,8.06,0.663
2025-02-16 07:30:00-05:00,27.72,25.971,11.96,0.928
2025-02-16 19:30:00-05:00,27.09,28.045,9.96,0.826
2025-02-17 07:30:00-05:00,25.92,24.273,17.28,1.238
2025-02-17 19:30:00-05:00,27.78,27.052,11.88,0.918
2025-02-18 07:30:00-05:00,26.93,26.021,13.86,1.039
2025-02-18 19:30:00-05:00,26.42,27.033,11.98,0.916
2025-02-19 19:30:00-05:00,27.5,26.959,12.76,0.945
2025-02-20 07:30:00-05:00,26.79,27.937,10.52,0.977
2025-02-20 19:30:00-05:00,28.02,29.181,8.62,0.852
2025-02-21 07:30:00-05:00,25.54,24.984,14.42,1.305
2025-02-21 19:30:00-05:00,26.29,27.445,11.38,0.966
2025-02-22 07:30:00-05:00,27.95,27.839,10.4,0.877
2025-02-22 19:30:00-05:00,22.86,22.158,22.84,0.85
2025-02-23 07:30:00-05:00,26.18,27.347,10.58,1.258
2025-02-23 19:30:00-05:00,28.43,29.959,6.84,1.052
2025-02-24 07:30:00-05:00,27.2,28.844,8.4,1.211
2025-02-24 19:30:00-05:00,27.52,29.488,7.84,1.174
2025-02-25 07:30:00-05:00,28.67,26.217,11.72,1.382
2025-02-25 19:30:00-05:00,26.46,22.996,17.72,1.146
2025-02-26 07:30:00-05:00,27.05,26.862,10.56,0.917
2025-02-26 19:30:00-05:00,25.01,19.527,22.92,1.365
2025-02-27 07:30:00-05:00,27.43,24.182,14.9,0.868
2025-02-27 19:30:00-05:00,26.77,24.875,13.78,1.074
2025-02-28 07:30:00-05:00,28.1,22.636,16.66,1.943
2025-02-28 19:30:00-05:00,26.06,26.019,11.66,1.66
2025-03-01 07:30:00-05:00,27.66,25.97,11.62,1.787
2025-03-01 19:30:00-05:00,25.6,26.965,9.72,1.608
2025-03-02 07:30:00-05:00,28.52,27.661,8.48,0.868
2025-03-02 19:30:00-05:00,26.77,24.378,14.96,2.004
2025-03-03 07:30:00-05:00,28.07,28.756,8.24,1.258
2025-03-03 19:30:00-05:00,27.13,26.467,11.48,1.565
2025-03-04 07:30:00-05:00,28.08,28.466,7.88,1.27
2025-03-04 19:30:00-05:00,26.93,27.711,9.0,1.766
2025-03-05 07:30:00-05:00,27.63,23.88,13.1,1.384
2025-03-05 19:30:00-05:00,26.16,27.363,9.1,1.387
2025-03-06 07:30:00-05:00,28.75,26.591,11.3,1.177
2025-03-06 19:30:00-05:00,27.72,26.915,10.8,0.961
2025-03-07 07:30:00-05:00,27.61,24.676,14.22,1.41
2025-03-07 19:30:00-05:00,27.37,22.089,17.4,0.936
2025-03-08 07:30:00-05:00,30.04,26.069,10.3,1.29
2025-03-08 19:30:00-05:00,28.29,26.268,7.28,1.236
2025-03-09 07:30:00-05:00,28.41,28.765,7.86,1.009
2025-03-09 19:30:00-05:00,28.18,27.761,9.44,1.272
2025-03-10 07:30:00-05:00,27.31,26.965,10.78,1.896
2025-03-10 19:30:00-05:00,28.73,27.707,9.02,1.295
2025-03-11 07:30:00-05:00,26.44,28.159,8.2,1.407
2025-03-11 19:30:00-05:00,28.68,28.81,8.02,1.492
2025-03-12 07:30:00-05:00,28.21,28.756,7.04,0.994
2025-03-12 19:30:00-05:00,28.48,27.931,6.82,1.902
2025-03-13 07:30:00-05:00,27.17,27.211,8.9,1.186
2025-03-13 19:30:00-05:00,28.69,29.639,6.4,1.409
2025-03-14 07:30:00-05:00,28.35,27.91,7.58,1.762
2025-03-14 19:30:00-05:00,28.5,26.268,8.8,1.229
2025-03-15 07:30:00-05:00,27.05,25.87,10.64,0.814
2025-03-15 19:30:00-05:00,27.62,23.781,14.08,0.818
2025-03-16 07:30:00-05:00,27.8,28.81,7.08,0.707
2025-03-16 19:30:00-05:00,29.11,24.97,11.36,0.932
2025-03-17 07:30:00-05:00,27.26,29.552,5.6,0.673
2025-03-17 19:30:00-05:00,26.53,22.487,17.9,0.847
2025-03-18 07:30:00-05:00,27.96,25.572,12.64,0.771
2025-03-18 19:30:00-05:00,28.65,26.406,10.36,1.162
2025-03-20 07:30:00-05:00,28.52,28.815,6.9,0.748
2025-03-20 19:30:00-05:00,27.92,29.515,5.84,1.076
2025-03-21 07:30:00-05:00,27.88,28.516,7.66,1.627
2025-03-21 19:30:00-05:00,28.56,28.466,7.12,1.511
2025-03-22 07:30:00-05:00,28.42,27.567,8.2,1.569
2025-03-22 19:30:00-05:00,28.53,29.764,6.94,1.959
2025-03-23 07:30:00-05:00,28.91,29.029,7.22,1.833
2025-03-23 19:30:00-05:00,28.29,29.004,6.26,1.712
2025-03-24 07:30:00-05:00,29.34,27.267,8.48,1.609
2025-03-24 19:30:00-05:00,28.98,30.248,5.4,1.516
2025-03-25 07:30:00-05:00,27.6,25.771,10.82,2.17
2025-03-25 19:30:00-05:00,28.82,28.955,6.6,1.711
2025-03-26 07:30:00-05:00,27.43,29.365,6.96,1.967
2025-03-26 19:30:00-05:00,29.17,29.875,5.5,1.779
2025-03-27 07:30:00-05:00,28.23,29.8,5.22,2.252
2025-03-27 19:30:00-05:00,26.06,26.717,11.92,2.033
2025-03-28 07:30:00-05:00,27.58,30.945,4.74,1.413
2025-03-28 19:30:00-05:00,27.7,29.576,6.8,2.034
2025-03-29 07:30:00-05:00,27.76,30.497,6.5,0.783
2025-03-29 19:30:00-05:00,29.54,29.265,7.3,1.17
2025-03-30 07:30:00-05:00,28.33,28.955,9.04,1.097
2025-03-30 19:30:00-05:00,29.33,25.569,10.8,1.331
2025-03-31 07:30:00-05:00,28.43,29.614,7.8,0.989
2025-03-31 19:30:00-05:00,29.58,28.878,7.26,1.252
2025-04-01 07:30:00-05:00,28.53,29.564,7.3,0.935
2025-04-01 19:30:00-05:00,25.72,28.777,7.32,1.695
2025-04-02 07:30:00-05:00,28.51,30.364,6.64,1.415
2025-04-02 19:30:00-05:00,28.14,27.86,9.94,1.417
2025-04-03 07:30:00-05:00,28.35,30.746,5.48,1.663
2025-04-03 19:30:00-05:00,26.46,29.23,7.0,2.125
2025-04-04 07:30:00-05:00,28.64,29.502,6.6,1.292
2025-04-04 19:30:00-05:00,27.12,29.477,6.22,2.016
2025-04-05 07:30:00-05:00,27.12,28.736,7.82,2.234
2025-04-05 19:30:00-05:00,27.66,29.674,7.42,1.484
2025-04-06 07:30:00-05:00,28.23,28.224,9.88,1.635
2025-04-06 19:30:00-05:00,28.68,30.119,6.7,1.024
2025-04-07 07:30:00-05:00,27.37,26.591,12.42,1.231
2025-04-07 19:30:00-05:00,28.34,29.104,8.74,0.906
2025-04-08 07:30:00-05:00,29.28,27.308,10.04,1.201
2025-04-08 19:30:00-05:00,27.21,28.258,9.96,1.331
2025-04-09 07:30:00-05:00,27.54,24.92,13.58,1.32
2025-04-09 19:30:00-05:00,27.97,28.557,8.68,1.191
2025-04-10 07:30:00-05:00,27.57,24.477,15.32,1.357
2025-04-10 19:30:00-05:00,28.4,27.867,9.24,1.317
2025-04-11 07:30:00-05:00,26.93,28.166,9.44,1.377
2025-04-11 19:30:00-05:00,29.13,28.366,7.8,1.162
2025-04-12 07:30:00-05:00,27.36,28.666,7.72,1.25
2025-04-12 19:30:00-05:00,26.59,24.945,14.28,1.476
2025-04-13 07:30:00-05:00,24.93,27.467,11.78,0.919
2025-04-13 19:30:00-05:00,27.2,27.467,12.5,0.975
2025-04-15 07:30:00-05:00,28.11,29.465,6.84,0.764
2025-04-15 19:30:00-05:00,28.76,26.865,10.44,1.364
2025-04-16 07:30:00-05:00,27.79,27.014,9.96,1.45
2025-04-16 19:30:00-05:00,28.23,24.577,13.0,1.564
2025-04-17 07:30:00-05:00,28.15,28.822,9.16,1.336
2025-04-17 19:30:00-05:00,26.06,26.268,9.46,1.415
2025-04-18 07:30:00-05:00,28.18,27.044,8.8,1.694
2025-04-18 19:30:00-05:00,27.17,24.589,14.0,1.713
2025-04-19 07:30:00-05:00,27.53,25.478,11.36,2.183
2025-04-19 19:30:00-05:00,26.77,29.773,5.56,1.738
2025-04-20 07:30:00-05:00,27.02,26.88,10.94,1.757
2025-04-20 19:30:00-05:00,26.28,25.725,12.18,1.632
2025-04-21 07:30:00-05:00,28.07,28.281,8.28,1.29
2025-04-21 19:30:00-05:00,25.9,27.946,8.4,1.67
2025-04-22 07:30:00-05:00,29.2,31.183,4.02,1.087
2025-04-22 19:30:00-05:00,28.33,29.904,5.32,1.911
2025-04-23 07:30:00-05:00,26.95,27.453,9.76,2.218
2025-04-23 19:30:00-05:00,27.96,29.216,7.42,1.723
2025-04-24 07:30:00-05:00,26.71,23.7,15.2,2.262
2025-04-24 19:30:00-05:00,26.87,25.429,12.78,2.47
2025-04-25 07:30:00-05:00,26.26,23.716,16.32,1.34
2025-04-25 19:30:00-05:00,27.75,22.428,19.08,1.275
2025-04-26 07:30:00-05:00,27.32,21.199,17.3,1.261
2025-04-26 19:30:00-05:00,26.88,27.667,10.78,1.289
2025-04-27 07:30:00-05:00,25.6,26.757,11.9,1.39
2025-04-27 19:30:00-05:00,26.89,25.524,13.28,2.04
2025-04-28 07:30:00-05:00,25.74,30.593,6.18,1.651
2025-04-28 19:30:00-05:00,26.28,28.812,8.2,1.935
2025-04-29 07:30:00-05:00,26.17,31.008,5.7,1.857
2025-04-29 19:30:00-05:00,28.05,30.588,4.66,1.67
2025-04-30 07:30:00-05:00,26.34,28.429,7.16,3.018
2025-04-30 19:30:00-05:00,27.77,30.814,5.48,1.057
2025-05-01 07:30:00-05:00,28.3,28.921,6.98,1.823
2025-05-01 19:30:00-05:00,26.65,23.839,16.78,1.316
2025-05-02 07:30:00-05:00,28.71,27.839,8.14,1.377
2025-05-02 19:30:00-05:00,27.97,25.502,11.96,1.684
2025-05-03 07:30:00-05:00,27.44,29.118,7.52,1.342
2025-05-03 19:30:00-05:00,25.84,24.396,13.64,1.635
2025-05-04 07:30:00-05:00,27.29,28.724,7.76,1.215
2025-05-04 19:30:00-05:00,26.79,23.215,15.98,1.859
2025-05-05 07:30:00-05:00,28.06,27.15,9.82,1.461
2025-05-05 19:30:00-05:00,25.87,24.789,11.98,1.498
2025-05-06 07:30:00-05:00,27.64,25.4,12.24,1.367
2025-05-06 19:30:00-05:00,26.01,26.961,11.0,1.802
2025-05-07 07:30:00-05:00,28.27,30.826,6.22,0.89
2025-05-07 19:30:00-05:00,25.06,26.663,11.6,1.772
2025-05-08 07:30:00-05:00,27.1,30.563,6.74,0.708
2025-05-08 19:30:00-05:00,27.05,28.794,9.3,1.312
2025-05-09 07:30:00-05:00,28.24,23.962,12.32,1.437
2025-05-09 19:30:00-05:00,27.26,28.934,7.04,1.247
2025-05-10 07:30:00-05:00,27.32,23.996,12.26,1.494
2025-05-10 19:30:00-05:00,26.47,28.934,7.58,1.577
2025-05-11 07:30:00-05:00,25.92,25.994,11.9,1.783
2025-05-11 19:30:00-05:00,26.47,27.654,9.5,1.464
2025-05-12 07:30:00-05:00,27.67,27.519,9.46,1.657
2025-05-12 19:30:00-05:00,27.86,29.403,7.08,1.174
2025-05-13 07:30:00-05:00,25.61,24.243,14.58,1.615
2025-05-13 19:30:00-05:00,27.63,28.341,9.24,1.32
2025-05-14 07:30:00-05:00,25.55,27.996,9.16,1.901
2025-05-14 19:30:00-05:00,27.75,29.141,9.18,0.953
2025-05-15 07:30:00-05:00,26.66,25.572,12.06,0.732
2025-05-15 19:30:00-05:00,28.32,30.099,6.96,0.644
2025-05-16 07:30:00-05:00,24.26,26.766,12.16,1.587
2025-05-16 19:30:00-05:00,27.2,28.681,10.14,1.329
2025-05-17 07:30:00-05:00,27.96,27.363,11.6,0.884
2025-05-17 19:30:00-05:00,27.18,24.532,12.62,1.967
2025-05-18 07:30:00-05:00,28.42,25.074,12.88,1.107
2025-05-18 19:30:00-05:00,26.15,23.283,13.92,1.617
2025-05-19 07:30:00-05:00,27.46,28.855,7.02,1.653
2025-05-19 19:30:00-05:00,25.94,23.482,16.1,2.551
2025-05-20 07:30:00-05:00,27.39,27.363,8.82,1.747
2025-05-20 19:30:00-05:00,26.35,26.119,12.9,1.988
2025-05-22 07:30:00-05:00,29.38,30.547,4.36,2.325
2025-05-22 19:30:00-05:00,27.09,28.844,7.94,2.228
2025-05-23 07:30:00-05:00,27.73,28.79,7.64,3.072
2025-05-23 19:30:00-05:00,26.74,26.766,11.64,3.362
2025-05-24 07:30:00-05:00,28.23,29.427,7.3,2.172
2025-05-24 19:30:00-05:00,28.34,27.86,11.84,1.603
2025-05-25 07:30:00-05:00,25.94,27.263,11.98,2.551
2025-05-25 19:30:00-05:00,28.13,31.144,5.6,1.446
2025-05-26 07:30:00-05:00,26.92,27.481,10.82,3.071
2025-05-26 19:30:00-05:00,27.82,28.993,6.46,2.434
2025-05-27 07:30:00-05:00,26.93,26.069,10.8,1.712
2025-05-27 19:30:00-05:00,27.96,28.15,8.18,1.783
2025-05-28 07:30:00-05:00,27.42,25.174,13.66,1.926
2025-05-28 19:30:00-05:00,25.29,26.618,12.42,1.463
2025-05-29 07:30:00-05:00,27.14,27.456,10.6,2.141
2025-05-29 19:30:00-05:00,27.24,27.258,10.48,1.542
2025-05-30 07:30:00-05:00,26.91,27.562,9.38,1.163
2025-05-30 19:30:00-05:00,29.21,27.267,10.64,1.107
2025-05-31 07:30:00-05:00,27.19,28.15,8.78,0.967
2025-05-31 19:30:00-05:00,28.67,27.981,8.5,0.858
2025-06-01 07:30:00-05:00,26.87,25.373,12.12,0.854
2025-06-01 19:30:00-05:00,29.3,29.85,6.24,1.152
2025-06-02 07:30:00-05:00,28.12,27.654,8.68,1.645
2025-06-02 19:30:00-05:00,29.38,27.91,7.38,0.442
2025-06-03 07:30:00-05:00,27.11,25.573,11.3,0.744
2025-06-03 19:30:00-05:00,28.2,27.966,8.38,0.574
2025-06-04 07:30:00-05:00,27.9,25.375,11.64,0.795
2025-06-04 19:30:00-05:00,29.05,27.206,8.06,0.891
2025-06-05 07:30:00-05:00,28.27,27.354,8.72,1.184
2025-06-05 19:30:00-05:00,28.24,26.862,10.8,1.211
2025-06-06 07:30:00-05:00,27.65,25.026,12.9,1.547
2025-06-06 19:30:00-05:00,27.81,25.87,13.74,1.345
2025-06-07 07:30:00-05:00,26.23,26.465,12.98,1.184
2025-06-07 19:30:00-05:00,27.95,27.754,10.28,1.452
2025-06-08 07:30:00-05:00,27.02,25.82,11.26,2.241
2025-06-08 19:30:00-05:00,29.08,28.059,8.84,2.91
2025-06-09 07:30:00-05:00,25.94,24.378,13.7,2.753
2025-06-09 19:30:00-05:00,27.9,27.661,9.76,2.26
2025-06-10 07:30:00-05:00,27.03,25.375,13.28,2.024
2025-06-10 19:30:00-05:00,27.27,28.051,10.16,1.94
2025-06-11 07:30:00-05:00,26.38,27.258,11.7,1.493
2025-06-11 19:30:00-05:00,28.07,30.331,7.16,1.364
2025-06-12 07:30:00-05:00,26.92,28.249,10.78,1.339
2025-06-12 19:30:00-05:00,28.93,23.69,15.72,1.467
2025-06-13 07:30:00-05:00,26.19,25.771,13.5,1.506
2025-06-13 19:30:00-05:00,27.44,27.263,10.94,1.563
2025-06-14 07:30:00-05:00,26.91,24.676,15.32,1.397
2025-06-14 19:30:00-05:00,27.08,24.78,13.14,2.367
2025-06-15 07:30:00-05:00,28.44,26.666,10.78,2.285
2025-06-15 19:30:00-05:00,26.93,23.81,13.94,2.247
2025-06-16 07:30:00-05:00,28.49,28.159,7.54,2.394
2025-06-16 19:30:00-05:00,30.77,25.572,12.24,3.081
2025-06-17 07:30:00-05:00,25.06,28.059,8.26,2.334
2025-06-17 19:30:00-05:00,28.82,27.517,7.7,2.304
2025-06-20 07:30:00-05:00,27.8,28.695,4.6,2.52
2025-06-20 19:30:00-05:00,25.5,29.181,7.66,2.28
2025-06-21 07:30:00-05:00,27.54,25.969,11.54,2.489
2025-06-21 19:30:00-05:00,24.97,28.638,6.04,3.826
2025-06-22 07:30:00-05:00,27.4,26.415,8.4,4.128
2025-06-22 19:30:00-05:00,25.53,27.06,8.7,3.058
2025-06-23 07:30:00-05:00,26.86,26.564,9.34,2.052
2025-06-23 19:30:00-05:00,29.04,27.167,10.42,1.08
2025-06-24 07:30:00-05:00,27.85,26.468,11.92,1.202
2025-06-24 19:30:00-05:00,27.45,27.562,9.28,0.835
2025-06-25 07:30:00-05:00,28.31,24.681,13.36,1.124
2025-06-25 19:30:00-05:00,28.0,27.867,10.84,0.816
2025-06-26 07:30:00-05:00,26.26,24.353,16.28,1.052
2025-06-26 19:30:00-05:00,27.47,26.268,13.84,0.537
2025-06-27 07:30:00-05:00,25.84,24.701,16.74,0.678
2025-06-27 19:30:00-05:00,27.01,27.385,12.7,0.733
2025-06-28 07:30:00-05:00,27.71,27.267,12.98,0.896
2025-06-28 19:30:00-05:00,27.65,25.969,14.94,0.862
2025-06-29 07:30:00-05:00,24.39,26.391,15.72,0.947
2025-06-29 19:30:00-05:00,26.0,25.771,16.3,0.506
2025-06-30 07:30:00-05:00,26.8,28.865,9.98,0.898
2025-06-30 19:30:00-05:00,27.94,28.258,8.76,1.367
2025-07-01 07:30:00-05:00,25.65,26.069,14.7,1.145
2025-07-01 19:30:00-05:00,29.05,28.159,9.1,2.077
2025-07-02 07:30:00-05:00,27.99,28.865,7.46,1.456
2025-07-02 19:30:00-05:00,29.71,28.076,8.3,1.639
2025-07-03 07:30:00-05:00,25.73,27.654,9.22,1.704
2025-07-03 19:30:00-05:00,27.22,26.567,12.88,0.96
2025-07-04 07:30:00-05:00,26.14,26.368,13.4,0.609
2025-07-04 19:30:00-05:00,25.4,26.368,17.54,0.546
2025-07-05 07:30:00-05:00,26.3,26.768,13.96,0.668
2025-07-05 19:30:00-05:00,26.41,25.671,12.0,1.24
2025-07-06 07:30:00-05:00,27.78,26.169,10.4,1.447
2025-07-06 19:30:00-05:00,28.62,23.283,11.32,1.915
2025-07-07 07:30:00-05:00,28.44,27.562,6.44,1.623
2025-07-07 19:30:00-05:00,26.36,23.971,10.24,2.319
2025-07-08 07:30:00-05:00,28.05,25.472,8.4,0.555
2025-07-08 19:30:00-05:00,24.87,24.97,9.76,1.937
2025-07-09 07:30:00-05:00,27.22,26.668,9.2,1.633
2025-07-09 19:30:00-05:00,25.86,21.774,10.94,1.479
2025-07-10 07:30:00-05:00,28.3,27.066,7.46,0.911
2025-07-10 19:30:00-05:00,27.62,28.855,7.6,0.988
2025-07-11 07:30:00-05:00,28.55,29.259,6.9,0.684
2025-07-11 19:30:00-05:00,27.78,27.067,11.98,0.75
2025-07-12 07:30:00-05:00,28.04,24.698,13.02,0.857
2025-07-12 19:30:00-05:00,28.63,27.018,8.64,0.477
2025-07-13 07:30:00-05:00,27.55,21.449,14.28,0.698
2025-07-13 19:30:00-05:00,27.8,25.769,11.7,0.636
2025-07-14 07:30:00-05:00,28.3,21.849,16.26,0.932
2025-07-14 19:30:00-05:00,27.57,26.868,10.24,0.858
2025-07-15 07:30:00-05:00,27.64,25.469,8.9,2.111
2025-07-15 19:30:00-05:00,27.71,24.97,9.84,2.203
2025-07-16 07:30:00-05:00,24.14,26.268,13.82,1.362
2025-07-16 19:30:00-05:00,25.43,26.219,13.92,1.323
2025-07-17 07:30:00-05:00,24.1,24.67,15.5,1.48
2025-07-17 19:30:00-05:00,25.9,24.695,15.86,1.836
2025-07-18 07:30:00-05:00,27.61,26.468,12.74,1.141
2025-07-18 19:30:00-05:00,26.84,26.218,14.66,1.276
2025-07-19 07:30:00-05:00,25.88,26.968,12.02,1.324
2025-07-19 19:30:00-05:00,24.35,23.297,19.9,1.606
2025-07-20 07:30:00-05:00,29.38,30.264,6.64,1.016
2025-07-20 19:30:00-05:00,28.68,31.063,4.96,1.332
2025-07-21 07:30:00-05:00,28.6,28.965,7.52,2.049
2025-07-21 19:30:00-05:00,27.1,30.563,6.18,1.455
2025-07-25 07:30:00-05:00,28.39,29.502,5.7,2.5
2025-07-25 19:30:00-05:00,28.36,27.966,8.88,2.166
2025-07-26 07:30:00-05:00,27.69,28.466,6.7,1.665
2025-07-26 19:30:00-05:00,28.1,27.267,10.08,1.423
2025-07-27 07:30:00-05:00,26.76,30.139,5.88,1.231
2025-07-27 19:30:00-05:00,26.26,27.467,9.56,1.709
2025-07-28 07:30:00-05:00,27.5,30.049,6.2,1.267
2025-07-28 19:30:00-05:00,25.54,26.268,10.08,1.316
2025-07-29 07:30:00-05:00,27.32,28.805,8.34,1.981
2025-07-29 19:30:00-05:00,25.98,27.807,8.8,1.698
2025-07-30 07:30:00-05:00,26.36,25.37,11.18,1.835
2025-07-30 19:30:00-05:00,24.57,27.916,8.44,1.83
2025-07-31 07:30:00-05:00,25.1,25.419,13.34,2.56
2025-07-31 19:30:00-05:00,25.56,25.769,11.24,2.951
2025-08-01 07:30:00-05:00,27.32,22.873,13.64,2.327
2025-08-01 19:30:00-05:00,25.66,26.768,9.14,2.747
2025-08-02 07:30:00-05:00,29.07,25.769,9.84,2.155
2025-08-02 19:30:00-05:00,25.35,25.821,8.88,2.66
2025-08-03 07:30:00-05:00,28.51,27.667,6.76,2.325
2025-08-03 19:30:00-05:00,26.61,25.969,8.6,3.907
2025-08-04 07:30:00-05:00,23.58,27.96,7.46,2.653
2025-08-04 19:30:00-05:00,27.41,27.972,8.2,2.383
2025-08-05 07:30:00-05:00,26.04,28.638,7.58,1.733
2025-08-05 19:30:00-05:00,28.52,28.237,9.34,1.531
2025-08-06 07:30:00-05:00,25.88,25.873,11.2,0.77
2025-08-06 19:30:00-05:00,29.11,26.761,8.24,0.582
2025-08-07 07:30:00-05:00,27.32,27.298,9.72,1.137
2025-08-07 19:30:00-05:00,27.39,24.966,12.64,1.285
2025-08-08 07:30:00-05:00,27.55,25.186,11.88,0.975
2025-08-08 19:30:00-05:00,27.34,25.872,11.16,1.105
2025-08-09 07:30:00-05:00,28.01,24.598,10.86,0.797
2025-08-09 19:30:00-05:00,26.82,25.628,9.7,0.939
2025-08-10 07:30:00-05:00,26.98,25.578,9.98,0.897
2025-08-10 19:30:00-05:00,28.7,23.422,11.4,0.913
2025-08-11 07:30:00-05:00,29.29,25.48,8.68,0.719
2025-08-11 19:30:00-05:00,26.51,25.382,10.58,0.861
2025-08-12 07:30:00-05:00,27.97,27.342,9.66,0.812
2025-08-12 19:30:00-05:00,27.32,28.616,8.3,0.858
2025-08-13 07:30:00-05:00,27.53,22.694,14.44,0.59
2025-08-13 19:30:00-05:00,26.34,27.93,9.96,0.776
2025-08-14 07:30:00-05:00,29.2,23.388,9.94,0.649
2025-08-14 19:30:00-05:00,28.53,25.286,9.1,0.389
2025-08-15 07:30:00-05:00,30.14,23.602,10.52,0.599
2025-08-15 19:30:00-05:00,26.68,27.244,8.36,0.631
2025-08-16 07:30:00-05:00,29.46,24.969,9.18,0.839
2025-08-16 19:30:00-05:00,25.66,27.092,8.88,0.867
2025-08-17 07:30:00-05:00,26.13,22.834,16.0,1.001
2025-08-17 19:30:00-05:00,28.1,26.852,8.58,0.965
2025-08-18 07:30:00-05:00,30.49,22.129,11.3,0.734
2025-08-18 19:30:00-05:00,27.27,25.286,10.22,0.848
2025-08-19 07:30:00-05:00,27.92,23.919,10.74,1.275
2025-08-19 19:30:00-05:00,27.44,23.912,12.74,1.676
2025-08-20 07:30:00-05:00,30.03,26.656,9.48,1.491
2025-08-23 19:30:00-05:00,30.09,28.347,8.24,1.426
2025-08-24 07:30:00-05:00,26.95,29.131,7.44,2.477
2025-08-24 19:30:00-05:00,29.59,29.131,8.4,2.305
2025-08-25 07:30:00-05:00,26.87,28.835,8.92,2.231
2025-08-25 19:30:00-05:00,29.76,29.253,7.62,2.076
2025-08-26 07:30:00-05:00,33.05,24.688,8.6,1.563
2025-08-26 19:30:00-05:00,29.12,27.952,9.5,1.659
2025-08-27 07:30:00-05:00,24.36,27.474,10.96,1.77
2025-08-27 19:30:00-05:00,26.33,24.483,15.28,2.019
2025-08-28 07:30:00-05:00,26.02,26.913,10.94,2.299
2025-08-28 19:30:00-05:00,26.57,27.952,8.9,2.443
2025-08-29 07:30:00-05:00,25.49,23.065,16.04,2.481
2025-08-29 19:30:00-05:00,26.29,27.654,10.56,1.843
2025-08-30 07:30:00-05:00,25.04,23.368,14.8,2.45
2025-08-30 19:30:00-05:00,23.94,25.87,14.46,7.855
2025-08-31 07:30:00-05:00,26.88,25.276,14.06,2.12
2025-08-31 19:30:00-05:00,25.96,28.745,8.62,0.053
2025-09-01 07:30:00-05:00,27.35,26.391,10.92,1.699
2025-09-01 19:30:00-05:00,27.22,25.672,11.4,0.78
2025-09-02 07:30:00-05:00,29.17,26.467,9.88,0.83
2025-09-02 19:30:00-05:00,24.24,25.573,12.38,2.108
2025-09-03 07:30:00-05:00,27.86,24.483,13.98,1.757
2025-09-03 19:30:00-05:00,24.78,24.925,12.36,1.391
2025-09-04 07:30:00-05:00,27.18,22.054,15.66,1.817
2025-09-04 19:30:00-05:00,27.44,21.311,15.9,2.042
2025-09-05 07:30:00-05:00,26.42,26.168,11.5,1.693
2025-09-05 19:30:00-05:00,27.86,25.201,12.62,2.002
2025-09-06 07:30:00-05:00,27.39,27.754,9.12,1.628
2025-09-06 19:30:00-05:00,26.23,26.118,13.0,2.022
2025-09-07 07:30:00-05:00,26.22,26.467,12.02,1.882
2025-09-07 19:30:00-05:00,27.38,25.722,13.8,1.738
2025-09-08 07:30:00-05:00,25.4,27.555,9.98,1.687
2025-09-08 19:30:00-05:00,26.28,26.119,12.88,1.541
2025-09-09 07:30:00-05:00,26.15,27.551,10.94,1.12
2025-09-09 19:30:00-05:00,29.65,25.379,11.44,1.021
2025-09-10 07:30:00-05:00,27.57,27.749,9.34,0.756
2025-09-10 19:30:00-05:00,28.59,28.508,7.84,0.753
2025-09-11 07:30:00-05:00,28.13,28.835,7.74,0.813
2025-09-11 19:30:00-05:00,28.76,27.01,9.7,1.079
2025-09-12 07:30:00-05:00,26.59,23.996,14.06,0.766
2025-09-12 19:30:00-05:00,27.19,23.799,14.92,0.753
2025-09-13 07:30:00-05:00,29.57,27.853,7.96,0.747
2025-09-13 19:30:00-05:00,27.81,28.447,8.38,0.907
2025-09-14 07:30:00-05:00,27.95,24.837,14.22,1.152
2025-09-14 19:30:00-05:00,28.16,26.564,12.42,0.873
2025-09-15 07:30:00-05:00,26.86,22.302,16.6,1.307
2025-09-15 19:30:00-05:00,28.82,27.636,7.72,1.251
2025-09-16 07:30:00-05:00,27.86,22.811,15.28,1.307
2025-09-16 19:30:00-05:00,28.79,28.638,6.88,1.111
2025-09-17 07:30:00-05:00,26.74,20.836,18.3,1.075
2025-09-17 19:30:00-05:00,24.7,23.651,17.76,1.221
2025-09-18 07:30:00-05:00,26.64,24.539,15.8,0.919
2025-09-18 19:30:00-05:00,28.17,24.959,13.14,0.85
2025-09-19 07:30:00-05:00,28.99,25.28,14.74,0.74
2025-09-19 19:30:00-05:00,27.04,25.474,13.8,0.742
2025-09-20 07:30:00-05:00,27.21,25.276,14.68,0.769
2025-09-21 07:30:00-05:00,28.15,27.654,10.2,0.866
2025-09-21 19:30:00-05:00,29.16,27.159,5.3,1.594
2025-09-22 07:30:00-05:00,28.29,29.587,6.62,1.621
2025-09-22 19:30:00-05:00,28.2,25.522,12.58,2.041
2025-09-23 07:30:00-05:00,27.88,27.952,8.82,1.822
2025-09-23 19:30:00-05:00,27.43,24.852,12.74,2.636
2025-09-24 07:30:00-05:00,27.69,26.267,10.58,2.497
2025-09-24 19:30:00-05:00,28.67,26.517,10.22,1.557
2025-09-25 07:30:00-05:00,25.22,26.368,10.54,2.268
2025-09-25 19:30:00-05:00,28.47,23.937,12.88,2.883
2025-09-26 07:30:00-05:00,26.69,26.462,9.5,2.642
2025-09-26 19:30:00-05:00,27.24,23.789,13.38,3.334
2025-09-27 07:30:00-05:00,26.46,24.284,11.58,2.566
2025-09-27 19:30:00-05:00,25.91,24.136,12.96,2.986
2025-09-28 07:30:00-05:00,27.46,25.28,10.96,2.385
2025-09-28 19:30:00-05:00,29.28,23.206,13.5,2.449
2025-09-29 07:30:00-05:00,28.15,26.267,8.42,1.985
2025-09-29 19:30:00-05:00,29.62,25.083,10.2,2.572
2025-09-30 07:30:00-05:00,28.67,24.194,11.24,2.192
2025-09-30 19:30:00-05:00,26.97,26.44,8.66,1.527
2025-10-02 07:30:00-05:00,39.49,9.723,3.76,1.329
2025-10-02 19:30:00-05:00,27.15,29.526,5.0,2.321
2025-10-03 07:30:00-05:00,26.79,22.92,11.0,4.3
2025-10-03 19:30:00-05:00,27.61,24.888,9.38,1.864
2025-10-04 07:30:00-05:00,28.44,24.027,9.68,3.481
2025-10-04 19:30:00-05:00,26.29,25.035,9.6,3.796
2025-10-05 07:30:00-05:00,27.13,24.002,9.98,1.551
2025-10-05 19:30:00-05:00,27.92,23.802,12.02,1.527
2025-10-06 07:30:00-05:00,29.42,22.428,11.78,2.17
2025-10-06 19:30:00-05:00,27.36,24.691,9.9,3.046
2025-10-07 07:30:00-05:00,28.44,24.144,10.32,3.156
2025-10-07 19:30:00-05:00,27.52,25.034,9.14,3.673
2025-10-08 07:30:00-05:00,28.29,26.663,7.82,3.256
2025-10-08 19:30:00-05:00,26.24,26.166,7.54,3.779
2025-10-09 07:30:00-05:00,28.78,27.255,7.56,2.228
2025-10-09 19:30:00-05:00,28.29,25.232,9.38,2.903
2025-10-10 07:30:00-05:00,28.04,24.986,9.92,2.629
2025-10-10 19:30:00-05:00,28.26,22.478,12.92,2.856
2025-10-11 07:30:00-05:00,27.73,26.904,9.28,1.506
2025-10-11 19:30:00-05:00,27.58,23.314,15.56,1.763
2025-10-12 07:30:00-05:00,27.02,27.494,8.24,1.62
2025-10-12 19:30:00-05:00,26.9,27.298,8.62,2.722
2025-10-13 07:30:00-05:00,27.03,26.862,9.3,2.352
2025-10-13 19:30:00-05:00,29.73,25.969,9.52,1.881
2025-10-14 07:30:00-05:00,28.15,26.658,7.88,1.33
2025-10-14 19:30:00-05:00,27.44,26.515,10.2,1.602
2025-10-15 07:30:00-05:00,27.65,27.559,9.46,1.072
2025-10-15 19:30:00-05:00,27.88,24.78,12.38,1.254
2025-10-16 07:30:00-05:00,27.19,25.771,10.44,1.338
2025-10-16 19:30:00-05:00,26.74,26.268,11.02,1.401
2025-10-17 07:30:00-05:00,27.83,24.879,12.9,1.49
2025-10-17 19:30:00-05:00,27.46,26.267,10.42,1.266
2025-10-18 07:30:00-05:00,27.57,27.161,9.98,1.325
2025-10-18 19:30:00-05:00,26.93,26.168,10.6,1.112
2025-10-19 07:30:00-05:00,29.2,18.436,17.58,1.652
2025-10-19 19:30:00-05:00,26.99,25.771,12.68,1.295
2025-10-20 07:30:00-05:00,27.62,25.722,12.4,1.7
2025-10-20 19:30:00-05:00,28.58,28.557,7.94,1.588
2025-10-21 07:30:00-05:00,27.14,26.558,9.92,1.723
2025-10-21 19:30:00-05:00,26.11,26.965,8.9,1.646
2025-10-22 07:30:00-05:00,28.32,27.164,8.56,1.707
2025-10-22 19:30:00-05:00,29.71,27.462,8.24,1.591
2025-10-23 07:30:00-05:00,25.73,23.184,16.74,1.668
2025-10-23 19:30:00-05:00,27.74,27.159,9.98,1.747
2025-10-24 07:30:00-05:00,28.27,28.656,7.42,1.106
2025-10-24 19:30:00-05:00,28.99,27.067,9.42,1.696
2025-10-25 07:30:00-05:00,27.64,28.466,8.04,1.665
2025-10-25 19:30:00-05:00,27.55,28.661,8.58,1.895
2025-10-26 07:30:00-05:00,26.57,27.916,9.98,1.629
2025-10-26 19:30:00-05:00,28.05,27.164,9.76,1.69
2025-10-27 07:30:00-05:00,27.89,26.069,8.86,1.441
2025-10-27 19:30:00-05:00,27.65,23.482,14.14,1.573
2025-10-28 07:30:00-05:00,27.52,26.766,9.6,1.745
2025-10-28 19:30:00-05:00,28.49,26.366,9.8,1.59
2025-10-29 07:30:00-05:00,27.64,26.267,10.22,1.455
2025-10-29 19:30:00-05:00,28.11,26.766,9.52,1.645
2025-10-30 07:30:00-05:00,26.47,26.812,9.34,1.667
2025-10-30 19:30:00-05:00,27.74,26.666,9.62,1.483
2025-10-31 07:30:00-05:00,25.22,29.309,6.26,1.199
2025-10-31 19:30:00-05:00,28.0,26.968,9.26,1.694
2025-11-01 07:30:00-05:00,29.84,28.457,6.62,1.634
2025-11-01 19:30:00-05:00,27.11,27.86,8.0,2.376
2025-11-02 07:30:00-05:00,27.2,26.817,9.9,2.067
2025-11-02 19:30:00-05:00,27.59,27.567,8.88,1.594
2025-11-03 07:30:00-05:00,27.48,24.228,15.3,1.609
2025-11-03 19:30:00-05:00,26.3,24.228,12.4,1.498
2025-11-04 07:30:00-05:00,26.53,25.373,13.4,1.677
2025-11-04 19:30:00-05:00,27.61,26.741,10.86,1.659
2025-11-05 07:30:00-05:00,28.14,24.132,12.84,1.938
2025-11-05 19:30:00-05:00,26.53,26.865,11.48,1.503
2025-11-06 07:30:00-05:00,27.2,23.482,12.68,1.664
2025-11-06 19:30:00-05:00,27.37,24.125,12.1,1.638
2025-11-07 07:30:00-05:00,28.0,25.671,9.3,2.095
2025-11-07 19:30:00-05:00,28.39,24.676,9.62,1.894
2025-11-08 07:30:00-05:00,29.17,25.572,11.28,1.393
2025-11-08 19:30:00-05:00,29.1,26.169,10.06,1.086
2025-11-09 07:30:00-05:00,28.72,25.771,7.28,0.838
2025-11-09 19:30:00-05:00,29.98,25.87,7.82,0.849
2025-11-10 07:30:00-05:00,29.94,25.368,10.68,0.812
2025-11-10 19:30:00-05:00,29.9,26.368,8.9,0.737
2025-11-11 07:30:00-05:00,28.65,23.572,11.84,0.807
2025-11-11 19:30:00-05:00,28.54,25.074,12.44,1.077
2025-11-12 07:30:00-05:00,26.58,25.472,10.82,1.553
2025-11-12 19:30:00-05:00,28.94,25.174,11.82,1.727
2025-11-13 07:30:00-05:00,27.23,25.97,9.78,2.295
2025-11-13 19:30:00-05:00,28.91,25.87,12.08,1.99
2025-11-14 07:30:00-05:00,26.14,28.756,7.08,1.719
2025-11-14 19:30:00-05:00,28.54,26.218,10.36,2.621
2025-11-15 07:30:00-05:00,27.32,27.114,8.02,1.868
2025-11-15 19:30:00-05:00,28.31,27.263,8.98,2.01
2025-11-16 07:30:00-05:00,23.88,26.069,10.7,2.137
2025-11-16 19:30:00-05:00,27.11,26.069,10.04,3.084
2025-11-17 07:30:00-05:00,23.15,25.174,9.54,4.594
2025-11-17 19:30:00-05:00,25.22,24.78,9.62,3.638
2025-11-19 19:30:00-05:00,27.26,26.267,9.16,4.023
2025-11-20 07:30:00-05:00,27.54,24.78,9.88,3.492
2025-11-20 19:30:00-05:00,26.77,26.467,10.58,1.639
2025-11-21 07:30:00-05:00,27.75,25.523,11.88,1.673
2025-11-21 19:30:00-05:00,28.7,28.15,7.52,1.204
2025-11-22 07:30:00-05:00,28.71,26.267,9.76,1.478
2025-11-22 19:30:00-05:00,27.43,23.937,13.36,1.605
2025-11-23 07:30:00-05:00,28.31,25.373,13.26,1.33
2025-11-23 19:30:00-05:00,22.45,26.865,9.7,1.926
2025-11-24 07:30:00-05:00,27.89,24.691,12.74,1.546
2025-11-24 19:30:00-05:00,26.6,26.268,15.96,1.555
2025-11-25 07:30:00-05:00,27.25,26.218,9.72,1.521
2025-11-25 19:30:00-05:00,29.92,28.756,5.48,1.374
2025-11-26 07:30:00-05:00,27.18,28.656,6.22,1.121
2025-11-26 19:30:00-05:00,30.21,29.054,5.86,1.103
2025-11-27 07:30:00-05:00,27.24,28.051,8.5,1.313
2025-11-27 19:30:00-05:00,26.78,24.582,13.88,1.136
2025-11-28 07:30:00-05:00,27.31,25.671,12.06,1.032
2025-11-28 19:30:00-05:00,27.91,26.019,10.74,1.202
2025-11-29 07:30:00-05:00,27.27,26.415,10.18,1.148
2025-11-29 19:30:00-05:00,28.5,23.789,13.5,1.289
2025-11-30 07:30:00-05:00,27.76,23.293,12.3,1.206
2025-11-30 19:30:00-05:00,28.31,25.231,12.68,1.471
2025-12-01 07:30:00-05:00,25.5,22.996,19.0,1.501
2025-12-01 19:30:00-05:00,28.79,24.875,12.34,1.487
2025-12-02 07:30:00-05:00,28.07,27.164,8.52,1.04
2025-12-02 19:30:00-05:00,27.95,25.373,13.1,0.868
2025-12-03 07:30:00-05:00,27.78,27.313,8.94,0.857
2025-12-03 19:30:00-05:00,26.08,24.681,14.18,0.942
2025-12-04 07:30:00-05:00,27.61,25.074,12.96,0.919
2025-12-04 19:30:00-05:00,27.91,29.651,5.38,0.81
2025-12-05 07:30:00-05:00,28.62,28.596,6.76,1.099
2025-12-05 19:30:00-05:00,29.33,28.258,7.3,1.097
2025-12-06 07:30:00-05:00,27.55,27.41,8.68,1.532
2025-12-06 19:30:00-05:00,27.01,27.263,8.86,1.549
2025-12-07 07:30:00-05:00,27.03,25.621,12.44,2.415
2025-12-07 19:30:00-05:00,26.73,25.97,10.26,2.559
2025-12-08 07:30:00-05:00,28.03,23.457,12.5,2.112
2025-12-08 19:30:00-05:00,28.51,27.86,7.12,1.858
2025-12-09 07:30:00-05:00,27.1,26.766,11.18,2.656
2025-12-09 19:30:00-05:00,27.87,28.066,8.38,1.532
2025-12-10 07:30:00-05:00,26.88,25.922,11.6,1.358
2025-12-10 19:30:00-05:00,28.21,25.276,9.18,1.057
2025-12-11 07:30:00-05:00,27.93,24.378,10.94,1.438
2025-12-11 19:30:00-05:00,28.42,27.567,8.88,1.533
2025-12-12 07:30:00-05:00,27.85,28.96,7.44,1.677
2025-12-12 19:30:00-05:00,28.2,28.955,6.2,1.936
2025-12-13 07:30:00-05:00,28.93,30.033,6.04,1.548
2025-12-13 19:30:00-05:00,27.29,25.35,9.94,3.103
2025-12-14 07:30:00-05:00,29.07,27.817,6.6,1.354
2025-12-14 19:30:00-05:00,28.64,23.739,11.56,1.63
2025-12-15 07:30:00-05:00,27.34,25.472,9.9,2.002
2025-12-15 19:30:00-05:00,28.76,26.268,7.38,2.097
2025-12-16 07:30:00-05:00,27.2,26.862,7.7,2.721
2025-12-16 19:30:00-05:00,27.99,25.969,11.36,2.331
2025-12-17 07:30:00-05:00,27.2,28.8,6.68,2.541
2025-12-17 19:30:00-05:00,27.37,27.357,10.88,2.271
2025-12-18 07:30:00-05:00,26.59,28.15,8.34,2.34
2025-12-18 19:30:00-05:00,26.34,24.87,12.56,3.066
2025-12-19 07:30:00-05:00,26.79,24.532,11.92,2.872
2025-12-19 19:30:00-05:00,25.96,25.472,13.44,2.745
2025-12-20 07:30:00-05:00,26.86,26.168,10.74,2.454
2025-12-20 19:30:00-05:00,27.82,27.96,8.0,2.349
2025-12-21 07:30:00-05:00,25.34,24.825,13.72,2.374
2025-12-21 19:30:00-05:00,27.33,26.267,8.96,2.145
2025-12-22 07:30:00-05:00,27.51,27.357,9.24,1.887
2025-12-22 19:30:00-05:00,27.0,26.267,10.42,2.587
2025-12-23 07:30:00-05:00,26.26,22.871,14.26,3.034
2025-12-23 19:30:00-05:00,26.25,25.527,11.9,2.573
2025-12-24 07:30:00-05:00,25.63,23.491,14.96,3.27
2025-12-24 19:30:00-05:00,26.63,26.49,11.1,2.327
2025-12-25 07:30:00-05:00,26.98,25.109,13.06,2.552
2025-12-25 19:30:00-05:00,27.12,26.961,9.62,2.641
2025-12-26 07:30:00-05:00,29.5,21.937,10.96,1.544
2025-12-26 19:30:00-05:00,32.34,19.379,12.62,1.418
2025-12-27 07:30:00-05:00,27.76,22.302,13.94,1.588
2025-12-27 19:30:00-05:00,26.91,22.811,14.7,1.477
2025-12-28 07:30:00-05:00,27.36,23.669,13.12,1.633
2025-12-28 19:30:00-05:00,28.45,26.615,9.0,1.278
2025-12-29 07:30:00-05:00,29.31,29.651,4.92,0.729
2025-12-29 19:30:00-05:00,29.21,27.462,7.92,1.376
2025-12-30 07:30:00-05:00,28.21,27.86,6.72,1.968
2025-12-30 19:30:00-05:00,28.42,26.985,7.36,2.922
2025-12-31 07:30:00-05:00,27.91,27.258,7.84,3.019
2025-12-31 19:30:00-05:00,28.54,23.644,11.28,2.286
2026-01-01 07:30:00-05:00,27.63,22.861,11.7,1.865
2026-01-01 19:30:00-05:00,28.49,25.474,11.32,2.146
2026-01-02 07:30:00-05:00,26.25,26.023,10.44,2.007
2026-01-02 19:30:00-05:00,28.7,24.328,12.54,2.184
2026-01-03 07:30:00-05:00,27.1,21.887,13.16,2.573
2026-01-03 19:30:00-05:00,28.83,23.206,10.92,2.086
2026-01-04 07:30:00-05:00,27.11,25.724,9.58,1.841
2026-01-04 19:30:00-05:00,29.1,24.589,10.44,2.418
2026-01-05 07:30:00-05:00,27.65,26.855,7.92,2.878
2026-01-05 19:30:00-05:00,27.26,24.396,11.42,3.089
2026-01-06 07:30:00-05:00,28.0,24.549,10.52,2.88
2026-01-06 19:30:00-05:00,29.24,26.36,8.88,2.484
2026-01-08 19:30:00-05:00,31.8,21.899,4.94,0.817
2026-01-09 07:30:00-05:00,28.01,26.166,8.06,1.355
2026-01-09 19:30:00-05:00,27.93,26.798,8.48,1.241
2026-01-10 07:30:00-05:00,28.85,27.333,9.04,1.292
2026-01-10 19:30:00-05:00,28.01,26.946,8.62,1.363
2026-01-11 07:30:00-05:00,28.97,25.873,10.24,1.35
2026-01-11 19:30:00-05:00,25.97,26.165,14.76,1.618
2026-01-12 07:30:00-05:00,27.53,25.969,12.44,1.882
2026-01-12 19:30:00-05:00,27.06,24.903,12.14,1.665
2026-01-13 07:30:00-05:00,28.42,26.312,10.74,1.567
2026-01-13 19:30:00-05:00,28.59,27.81,8.56,2.466
2026-01-14 07:30:00-05:00,28.38,26.749,8.44,1.857
2026-01-14 19:30:00-05:00,31.32,24.415,7.56,1.574
2026-01-15 07:30:00-05:00,31.17,27.333,6.68,1.438
2026-01-15 19:30:00-05:00,26.92,24.328,15.2,2.889
2026-01-16 07:30:00-05:00,28.63,28.198,8.02,1.447
2026-01-16 19:30:00-05:00,29.25,25.144,11.0,1.877
2026-01-17 07:30:00-05:00,28.13,29.106,7.22,0.942
2026-01-17 19:30:00-05:00,28.55,27.434,8.64,1.449
2026-01-18 07:30:00-05:00,30.35,25.481,6.96,1.077
2026-01-18 19:30:00-05:00,31.06,24.896,10.94,1.119
2026-01-19 07:30:00-05:00,28.03,28.166,6.6,0.608
2026-01-19 19:30:00-05:00,31.16,25.28,8.24,0.678
2026-01-20 07:30:00-05:00,29.63,26.658,8.16,0.607
2026-01-21 07:30:00-05:00,29.78,24.01,7.9,0.681
2026-01-21 19:30:00-05:00,30.32,23.314,9.78,0.892
2026-01-22 07:30:00-05:00,31.87,25.578,6.12,0.73
2026-01-22 19:30:00-05:00,30.0,25.183,10.82,0.889
2026-01-23 07:30:00-05:00,30.3,29.314,5.0,0.418
2026-01-23 19:30:00-05:00,28.55,24.002,12.8,0.741
2026-01-24 07:30:00-05:00,29.87,19.477,14.02,1.03
2026-01-24 19:30:00-05:00,29.06,28.224,7.28,0.676
2026-01-25 07:30:00-05:00,29.07,26.524,9.2,1.121
2026-01-25 19:30:00-05:00,27.03,26.474,12.14,1.109
2026-01-26 07:30:00-05:00,27.55,24.662,13.66,1.349
2026-01-26 19:30:00-05:00,27.79,25.766,10.38,1.186
2026-01-27 07:30:00-05:00,28.59,24.83,11.38,1.278
2026-01-27 19:30:00-05:00,27.91,23.384,14.7,1.05
2026-01-28 07:30:00-05:00,27.5,24.551,13.2,1.075
2026-01-28 19:30:00-05:00,27.75,24.094,14.16,1.211
2026-01-29 07:30:00-05:00,28.52,24.841,12.84,0.981
2026-01-29 19:30:00-05:00,26.37,26.071,13.76,1.247
2026-01-30 07:30:00-05:00,28.35,26.792,11.1,1.298
2026-01-30 19:30:00-05:00,26.78,24.739,15.58,1.569
2026-01-31 07:30:00-05:00,29.15,27.707,9.54,1.109
2026-01-31 19:30:00-05:00,27.44,25.868,12.06,1.185
2026-02-01 07:30:00-05:00,28.24,25.868,12.54,1.281
2026-02-01 19:30:00-05:00,28.13,26.997,9.64,1.299
2026-02-02 07:30:00-05:00,28.28,26.689,10.26,1.345
2026-02-02 19:30:00-05:00,29.62,28.108,7.7,1.559
2026-02-03 07:30:00-05:00,27.06,26.022,9.52,1.418
2026-02-03 19:30:00-05:00,28.14,24.431,12.72,1.194
2026-02-04 07:30:00-05:00,26.93,24.435,13.04,1.283
2026-02-04 19:30:00-05:00,28.25,25.357,11.7,1.256
2026-02-05 07:30:00-05:00,28.99,26.484,8.7,1.287
2026-02-05 19:30:00-05:00,28.74,25.97,9.18,1.64
2026-02-06 07:30:00-05:00,26.93,25.868,10.58,1.506
2026-02-06 19:30:00-05:00,25.93,24.431,15.02,1.615
2026-02-07 07:30:00-05:00,26.37,24.58,14.28,1.734
2026-02-07 19:30:00-05:00,27.86,26.176,10.86,1.255
2026-02-08 07:30:00-05:00,27.82,23.866,13.58,1.303
2026-02-08 19:30:00-05:00,28.85,27.202,8.98,1.02
2026-02-09 07:30:00-05:00,27.17,22.583,16.2,1.239
2026-02-09 19:30:00-05:00,27.73,26.278,10.68,1.085
2026-02-10 07:30:00-05:00,27.71,24.844,13.14,0.986
2026-02-10 19:30:00-05:00,25.56,25.42,12.48,1.39
2026-02-11 07:30:00-05:00,26.19,23.871,15.52,1.856
2026-02-11 19:30:00-05:00,27.29,22.972,14.32,1.913
2026-02-12 07:30:00-05:00,27.28,25.27,12.2,1.763
2026-02-12 19:30:00-05:00,24.92,23.821,15.44,1.788
2026-02-13 07:30:00-05:00,26.74,24.97,13.5,1.817
2026-02-13 19:30:00-05:00,28.12,27.517,8.2,1.861
2026-02-14 07:30:00-05:00,27.53,23.162,16.6,1.883
2026-02-14 19:30:00-05:00,25.4,22.561,19.22,1.209
2026-02-15 07:30:00-05:00,27.88,26.672,9.96,2.18
2026-02-15 19:30:00-05:00,26.14,23.664,14.54,2.598
2026-02-16 07:30:00-05:00,27.58,26.271,9.48,2.16
2026-02-16 19:30:00-05:00,27.65,24.466,11.2,2.073
2026-02-17 07:30:00-05:00,27.88,26.468,9.48,2.012
2026-02-17 19:30:00-05:00,27.36,24.82,12.6,1.862
2026-02-18 07:30:00-05:00,28.35,23.162,13.76,2.068
2026-02-18 19:30:00-05:00,27.58,24.967,12.1,1.911
2026-02-19 07:30:00-05:00,27.44,23.965,12.8,2.302
2026-02-19 19:30:00-05:00,26.67,25.569,11.8,3.135
2026-02-20 07:30:00-05:00,26.77,27.167,9.72,2.262
2026-02-20 19:30:00-05:00,26.25,24.867,14.5,2.71
2026-02-21 07:30:00-05:00,26.55,24.616,12.7,2.199
2026-02-21 19:30:00-05:00,27.21,24.165,14.56,2.406
2026-02-22 07:30:00-05:00,26.04,24.115,13.34,2.09
2026-02-22 19:30:00-05:00,25.35,23.965,12.96,2.812
2026-02-23 07:30:00-05:00,25.27,22.561,14.7,3.588
2026-02-23 19:30:00-05:00,26.81,23.062,14.32,2.422
2026-02-24 07:30:00-05:00,27.62,24.814,11.14,2.536
2026-02-24 19:30:00-05:00,28.35,27.167,9.04,1.76
2026-02-25 07:30:00-05:00,27.03,23.563,14.06,2.129
2026-02-25 19:30:00-05:00,28.7,27.367,9.34,1.558
2026-02-26 07:30:00-05:00,28.28,25.469,10.76,1.409
2026-02-26 19:30:00-05:00,26.67,22.273,16.74,1.843
2026-02-27 07:30:00-05:00,27.18,24.917,12.82,1.934
2026-02-27 19:30:00-05:00,26.66,23.965,13.7,1.402
2026-02-28 07:30:00-05:00,27.41,24.521,13.44,1.83
2026-02-28 19:30:00-05:00,28.54,22.873,14.7,1.388
2026-03-01 07:30:00-05:00,26.79,23.709,13.84,2.2
2026-03-01 19:30:00-05:00,27.84,24.06,12.7,1.957
2026-03-02 07:30:00-05:00,27.47,23.087,14.66,1.947
2026-03-02 19:30:00-05:00,25.89,22.318,16.84,1.685
2026-03-03 07:30:00-05:00,28.15,24.713,10.78,1.911
2026-03-03 19:30:00-05:00,27.43,24.466,11.52,2.875
2026-03-04 07:30:00-05:00,28.22,26.07,9.9,2.526
2026-03-04 19:30:00-05:00,27.48,24.566,11.96,2.652
2026-03-05 07:30:00-05:00,27.62,26.622,9.94,1.655
2026-03-05 19:30:00-05:00,28.97,25.595,10.54,2.116
2026-03-06 07:30:00-05:00,27.48,23.919,12.7,2.318
2026-03-06 19:30:00-05:00,27.75,24.767,12.12,2.345
2026-03-07 07:30:00-05:00,27.52,23.263,14.12,1.293
2026-03-07 19:30:00-05:00,26.79,25.846,12.38,1.596
2026-03-08 07:30:00-05:00,26.25,26.421,10.6,1.559
2026-03-08 19:30:00-05:00,27.71,25.068,11.56,1.207
2026-03-09 07:30:00-05:00,28.03,25.068,10.32,1.098
2026-03-09 19:30:00-05:00,27.85,25.769,9.7,1.297
2026-03-10 07:30:00-05:00,27.1,24.767,11.1,1.142
2026-03-10 19:30:00-05:00,28.03,23.062,13.52,1.18
2026-03-11 07:30:00-05:00,27.97,25.57,10.2,1.165
2026-03-11 19:30:00-05:00,27.83,25.42,10.96,1.28
2026-03-12 07:30:00-05:00,27.96,26.471,8.56,1.201
2026-03-12 19:30:00-05:00,28.5,26.973,10.48,1.149
2026-03-13 07:30:00-05:00,27.28,26.668,9.06,1.184
2026-03-13 19:30:00-05:00,29.22,28.166,6.64,1.102
2026-03-14 07:30:00-05:00,27.52,25.619,11.18,1.134
2026-03-14 19:30:00-05:00,26.26,24.77,13.18,1.07
2026-03-15 07:30:00-05:00,28.05,27.117,9.54,1.276
2026-03-15 19:30:00-05:00,28.26,26.069,9.8,1.335
2026-03-16 07:30:00-05:00,28.01,26.267,11.98,1.277
2026-03-16 19:30:00-05:00,27.6,25.174,12.42,1.818
2026-03-17 07:30:00-05:00,27.64,24.577,12.44,2.142
2026-03-17 19:30:00-05:00,26.96,28.711,6.36,1.391
2026-03-18 19:30:00-05:00,24.73,24.776,12.76,1.805
2026-03-19 07:30:00-05:00,28.44,28.266,7.24,1.239
2026-03-19 19:30:00-05:00,29.03,29.253,6.76,1.269
2026-03-20 07:30:00-05:00,28.49,29.253,6.04,1.841
2026-03-20 19:30:00-05:00,27.69,26.169,10.18,2.434
2026-03-21 07:30:00-05:00,28.18,26.666,9.4,2.455
2026-03-21 19:30:00-05:00,27.96,21.948,14.12,1.593
2026-03-22 07:30:00-05:00,27.24,24.378,12.32,1.835
2026-03-22 19:30:00-05:00,28.65,27.213,8.64,2.023
2026-03-23 07:30:00-05:00,27.51,25.276,10.56,1.948
2026-03-23 19:30:00-05:00,27.95,26.961,10.44,2.322
2026-03-24 07:30:00-05:00,28.94,24.631,9.2,2.522
2026-03-24 19:30:00-05:00,27.7,23.582,10.86,2.309
2026-03-25 07:30:00-05:00,30.02,23.293,6.94,1.359
2026-03-25 19:30:00-05:00,27.3,25.077,10.34,1.82
2026-03-26 07:30:00-05:00,27.23,26.812,7.5,1.507
2026-03-26 19:30:00-05:00,29.69,26.666,8.02,1.525
2026-03-27 07:30:00-05:00,27.49,26.466,11.4,1.666
2026-03-27 19:30:00-05:00,28.09,25.472,14.2,2.356
2026-03-28 07:30:00-05:00,26.9,24.331,12.86,2.939
2026-03-28 19:30:00-05:00,28.07,25.87,10.96,1.952
2026-03-29 07:30:00-05:00,28.56,24.776,11.1,2.086
2026-03-29 19:30:00-05:00,29.2,27.258,9.02,1.217
2026-03-30 07:30:00-05:00,29.3,24.427,9.86,1.579
2026-03-30 19:30:00-05:00,29.27,26.267,8.8,0.948
2026-03-31 07:30:00-05:00,28.92,23.446,11.64,1.005
2026-03-31 19:30:00-05:00,28.58,23.333,13.1,1.052
2026-04-01 07:30:00-05:00,29.48,23.194,11.32,0.786
2026-04-01 19:30:00-05:00,27.05,24.378,10.84,1.146
2026-04-02 07:30:00-05:00,29.56,21.707,11.98,1.132
2026-04-02 19:30:00-05:00,25.22,26.169,10.86,1.676
2026-04-03 07:30:00-05:00,27.81,23.764,13.1,1.36
2026-04-03 19:30:00-05:00,27.51,25.769,11.12,1.059
2026-04-04 07:30:00-05:00,26.63,23.422,15.96,0.997
2026-04-04 19:30:00-05:00,26.89,25.37,12.7,1.04
2026-04-05 07:30:00-05:00,28.58,27.567,8.7,0.979
2026-04-05 19:30:00-05:00,28.11,26.618,9.92,0.849
2026-04-06 07:30:00-05:00,28.19,27.167,9.68,0.918
2026-04-06 19:30:00-05:00,28.41,25.669,10.16,0.885
2026-04-07 07:30:00-05:00,27.73,27.267,9.72,0.861
2026-04-07 19:30:00-05:00,28.79,26.268,8.94,0.807
2026-04-08 07:30:00-05:00,25.78,24.071,14.22,1.363
2026-04-08 19:30:00-05:00,28.63,25.572,9.62,1.11
2026-04-09 07:30:00-05:00,29.64,26.666,7.2,1.589
2026-04-09 19:30:00-05:00,30.04,16.68,13.18,2.389
2026-04-10 07:30:00-05:00,28.18,24.77,10.26,1.446
2026-04-10 19:30:00-05:00,27.57,22.473,15.36,1.555
2026-04-11 07:30:00-05:00,28.23,24.717,12.18,1.384
2026-04-11 19:30:00-05:00,27.18,24.086,12.2,1.07
2026-04-12 07:30:00-05:00,27.63,25.07,11.78,0.991
2026-04-12 19:30:00-05:00,25.78,23.372,15.9,1.125
2026-04-13 07:30:00-05:00,28.66,26.069,10.44,0.897
2026-04-13 19:30:00-05:00,27.59,23.062,16.4,1.032
2026-04-14 07:30:00-05:00,30.26,24.169,7.52,1.05
2026-04-14 19:30:00-05:00,28.94,26.868,9.02,1.033
2026-04-15 07:30:00-05:00,29.37,26.371,8.32,0.842
2026-04-15 19:30:00-05:00,28.17,26.368,9.66,0.971
2026-04-16 07:30:00-05:00,29.16,21.274,12.82,1.167
2026-04-16 19:30:00-05:00,30.11,24.57,11.24,1.223
2026-04-17 07:30:00-05:00,27.79,25.024,12.38,1.152
2026-04-17 19:30:00-05:00,26.88,24.776,11.32,0.95
2026-04-18 07:30:00-05:00,29.7,24.477,9.88,0.919
2026-04-18 19:30:00-05:00,26.66,25.469,9.9,1.347
2026-04-19 07:30:00-05:00,27.24,25.919,11.88,1.48
2026-04-19 19:30:00-05:00,29.06,24.57,10.42,1.062
2026-04-20 07:30:00-05:00,28.53,23.771,11.94,0.891
2026-04-20 19:30:00-05:00,28.31,24.97,11.16,0.916
2026-04-21 07:30:00-05:00,27.89,23.771,12.8,1.093
2026-04-21 19:30:00-05:00,27.88,24.776,11.88,1.19
2026-04-22 07:30:00-05:00,27.39,24.366,11.8,0.828
2026-04-22 19:30:00-05:00,29.71,26.872,8.14,0.881
2026-04-23 07:30:00-05:00,28.64,26.572,8.76,0.664
2026-04-23 19:30:00-05:00,29.6,25.12,10.14,0.879
2026-04-24 07:30:00-05:00,27.97,24.171,10.92,1.273
2026-04-24 19:30:00-05:00,28.55,23.162,12.88,1.093
2026-04-25 07:30:00-05:00,28.85,24.77,12.2,0.938
2026-04-25 19:30:00-05:00,27.67,25.168,11.0,1.394
2026-04-26 07:30:00-05:00,29.28,26.768,9.56,1.427
2026-04-26 19:30:00-05:00,27.47,25.37,11.7,1.465
2026-04-27 07:30:00-05:00,26.77,25.17,13.4,1.034
2026-04-27 19:30:00-05:00,28.41,26.868,9.72,1.286
2026-04-28 07:30:00-05:00,27.03,24.171,14.84,1.26
2026-04-28 19:30:00-05:00,28.37,25.37,11.44,1.342
2026-04-29 07:30:00-05:00,28.82,26.021,11.24,1.065
2026-04-29 19:30:00-05:00,28.23,24.77,11.92,1.293
2026-04-30 07:30:00-05:00,28.22,26.17,11.14,1.139
2026-04-30 19:30:00-05:00,29.34,28.756,5.36,0.857
2026-05-01 07:30:00-05:00,27.99,25.569,11.18,1.434
2026-05-01 19:30:00-05:00,28.32,26.668,10.36,1.438
2026-05-02 07:30:00-05:00,27.46,22.686,15.58,1.553
2026-05-02 19:30:00-05:00,27.55,23.781,13.72,1.741
2026-05-03 07:30:00-05:00,26.79,25.572,10.06,3.325
2026-05-03 19:30:00-05:00,26.63,24.676,12.6,2.882
2026-05-04 07:30:00-05:00,27.22,25.27,10.62,3.157
2026-05-04 19:30:00-05:00,26.74,24.72,11.9,2.969
2026-05-05 07:30:00-05:00,26.65,24.165,13.5,3.116
2026-05-05 19:30:00-05:00,28.41,27.431,8.08,2.78
2026-05-06 07:30:00-05:00,27.43,24.967,11.08,2.757
2026-05-06 19:30:00-05:00,27.2,26.772,9.72,1.149
2026-05-07 19:30:00-05:00,27.78,24.406,11.12,1.54
2026-05-08 07:30:00-05:00,27.4,27.646,8.86,1.854
2026-05-08 19:30:00-05:00,28.09,26.913,9.32,1.659
2026-05-09 07:30:00-05:00,28.09,27.757,8.1,1.502
2026-05-09 19:30:00-05:00,27.1,22.515,17.2,1.243
2026-05-10 07:30:00-05:00,27.06,23.05,14.24,0.94
2026-05-10 19:30:00-05:00,26.96,25.423,14.26,1.278
2026-05-11 07:30:00-05:00,28.14,23.867,12.48,0.96
2026-05-11 19:30:00-05:00,27.6,23.762,13.88,1.094
2026-05-12 07:30:00-05:00,26.99,25.023,11.08,1.108
2026-05-12 19:30:00-05:00,28.71,25.761,11.02,1.279
2026-05-13 07:30:00-05:00,27.8,25.128,10.08,0.932
2026-05-13 19:30:00-05:00,28.92,27.021,9.38,1.265
2026-05-14 07:30:00-05:00,26.62,25.023,12.12,1.19
2026-05-14 19:30:00-05:00,27.69,26.022,11.64,1.261
2026-05-15 07:30:00-05:00,28.45,25.769,9.9,0.827
2026-05-15 19:30:00-05:00,28.86,25.654,11.78,0.85
2026-05-16 07:30:00-05:00,28.08,28.339,8.3,0.898
2026-05-16 19:30:00-05:00,29.39,26.39,10.82,0.799
2026-05-17 07:30:00-05:00,26.03,24.392,16.3,1.179
2026-05-17 19:30:00-05:00,26.0,26.232,13.58,0.997
2026-05-18 07:30:00-05:00,27.16,25.496,14.1,1.259
2026-05-18 19:30:00-05:00,25.52,24.609,17.42,0.841
2026-05-19 07:30:00-05:00,24.35,19.871,23.68,1.043
2026-05-19 19:30:00-05:00,24.89,22.811,18.52,0.941
2026-05-20 07:30:00-05:00,27.13,25.527,14.8,0.619
2026-05-20 19:30:00-05:00,27.91,24.582,13.02,0.629
2026-05-21 07:30:00-05:00,27.89,23.491,13.62,0.941
2026-05-21 19:30:00-05:00,27.89,25.522,10.72,0.747
2026-05-22 07:30:00-05:00,28.9,24.984,12.66,1.031
2026-05-22 19:30:00-05:00,25.07,24.384,14.74,1.228
2026-05-23 07:30:00-05:00,28.13,25.373,10.82,1.073
2026-05-23 19:30:00-05:00,28.39,24.577,12.94,1.062
2026-05-24 07:30:00-05:00,27.25,27.064,10.5,0.957
2026-05-24 19:30:00-05:00,27.52,25.97,10.36,1.203
2026-05-25 07:30:00-05:00,27.75,24.728,10.84,0.968
2026-05-25 19:30:00-05:00,28.25,26.467,10.72,1.031
2026-05-26 07:30:00-05:00,27.71,25.375,11.82,0.865
2026-05-26 19:30:00-05:00,29.66,21.707,13.76,0.887
2026-05-27 07:30:00-05:00,26.42,22.189,16.3,1.168
2026-05-27 19:30:00-05:00,27.48,24.975,13.74,1.233
2026-05-28 07:30:00-05:00,25.38,22.401,18.62,0.862
2026-05-28 19:30:00-05:00,27.87,23.392,15.46,1.214
2026-05-29 07:30:00-05:00,27.48,21.89,16.1,1.171
2026-05-29 19:30:00-05:00,27.54,24.179,13.08,1.636
2026-05-30 07:30:00-05:00,28.82,23.283,11.28,1.588
2026-05-30 19:30:00-05:00,28.1,24.97,9.8,1.28
2026-05-31 07:30:00-05:00,28.55,23.118,11.7,1.074
2026-05-31 19:30:00-05:00,29.19,23.572,9.74,1.011
2026-06-01 07:30:00-05:00,29.79,23.69,11.4,0.792
2026-06-01 19:30:00-05:00,28.81,26.169,9.8,0.918
2026-06-02 07:30:00-05:00,27.0,27.415,9.58,0.99
2026-06-02 19:30:00-05:00,26.92,27.462,8.68,1.525
2026-06-03 07:30:00-05:00,27.76,27.258,9.18,1.192
2026-06-03 19:30:00-05:00,28.44,29.042,7.2,1.387
2026-06-04 07:30:00-05:00,28.39,25.573,15.54,1.443
2026-06-04 19:30:00-05:00,27.93,26.368,11.28,1.678
2026-06-05 07:30:00-05:00,26.13,24.557,15.6,1.621
2026-06-05 19:30:00-05:00,27.04,24.83,14.56,1.378
2026-06-06 07:30:00-05:00,28.6,26.762,10.82,1.011
2026-06-06 19:30:00-05:00,28.54,27.611,9.18,1.147
2026-06-07 07:30:00-05:00,28.13,29.165,6.92,1.245
2026-06-07 19:30:00-05:00,29.08,29.353,7.3,1.241
2026-06-08 07:30:00-05:00,28.95,27.661,9.58,1.323
2026-06-08 19:30:00-05:00,29.77,26.614,9.66,1.251
2026-06-09 07:30:00-05:00,27.68,26.762,9.5,1.265
2026-06-09 19:30:00-05:00,29.95,25.176,7.9,1.211
2026-06-10 07:30:00-05:00,28.75,26.069,9.98,1.128
2026-06-10 19:30:00-05:00,30.09,25.223,8.36,1.187
2026-06-11 07:30:00-05:00,30.93,25.671,6.48,0.665
2026-06-11 19:30:00-05:00,31.18,23.855,7.2,0.833
2026-06-12 07:30:00-05:00,30.34,28.358,4.4,0.568
2026-06-12 19:30:00-05:00,30.21,25.077,11.3,0.916
2026-06-13 07:30:00-05:00,29.65,23.084,10.58,1.353
2026-06-13 19:30:00-05:00,30.03,25.074,9.02,0.846
2026-06-14 07:30:00-05:00,28.25,23.383,9.74,3.265
2026-06-14 19:30:00-05:00,29.55,23.184,11.42,3.826
2026-06-15 07:30:00-05:00,29.57,21.707,11.4,2.201
2026-06-15 19:30:00-05:00,30.08,24.589,9.92,1.589
2026-06-16 07:30:00-05:00,28.15,24.786,8.24,1.863
2026-06-16 19:30:00-05:00,29.49,23.987,10.78,1.581
2026-06-17 07:30:00-05:00,28.43,23.051,10.58,1.48
2026-06-17 19:30:00-05:00,28.0,23.184,11.9,1.841
2026-06-18 07:30:00-05:00,28.27,23.139,11.94,1.853
2026-06-18 19:30:00-05:00,29.2,24.688,8.84,1.726
2026-06-19 07:30:00-05:00,26.98,20.973,16.48,1.847
2026-06-19 19:30:00-05:00,26.05,22.259,18.0,1.639
2026-06-20 07:30:00-05:00,28.03,23.273,12.58,1.564
2026-06-20 19:30:00-05:00,28.02,25.28,9.18,1.709
2026-06-24 19:30:00-05:00,29.39,25.083,9.52,1.698
2026-06-25 07:30:00-05:00,27.71,28.258,7.6,1.993
2026-06-25 19:30:00-05:00,26.43,26.663,8.94,3.067
2026-06-26 07:30:00-05:00,27.13,24.975,13.66,2.862
2026-06-26 19:30:00-05:00,27.16,24.436,10.24,2.966
2026-06-27 07:30:00-05:00,28.28,25.428,8.56,2.583
2026-06-27 19:30:00-05:00,26.94,25.375,10.8,3.107
2026-06-28 07:30:00-05:00,27.53,26.614,8.68,3.079
2026-06-28 19:30:00-05:00,24.53,20.825,17.3,3.821
2026-06-29 07:30:00-05:00,28.9,23.898,8.4,3.761
2026-06-29 19:30:00-05:00,27.7,25.128,9.26,2.844
2026-06-30 07:30:00-05:00,28.78,23.019,10.3,2.751
2026-06-30 19:30:00-05:00,31.04,16.86,13.02,1.775
2026-07-01 07:30:00-05:00,27.8,23.987,11.12,1.163
2026-07-01 19:30:00-05:00,31.09,22.5,10.98,0.922
2026-07-02 07:30:00-05:00,29.47,23.983,8.98,0.873
2026-07-02 19:30:00-05:00,30.9,23.888,9.9,0.876
2026-07-03 07:30:00-05:00,28.94,24.384,8.18,1.046
2026-07-03 19:30:00-05:00,30.65,23.888,11.46,0.788
2026-07-04 07:30:00-05:00,29.45,24.927,10.44,0.594
2026-07-04 19:30:00-05:00,29.12,25.774,8.78,0.856
2026-07-05 07:30:00-05:00,27.37,23.83,11.3,2.177
2026-07-05 19:30:00-05:00,28.86,26.069,9.4,2.215
2026-07-06 07:30:00-05:00,30.0,25.084,6.82,1.416
2026-07-06 19:30:00-05:00,30.29,24.593,8.7,2.251
2026-07-07 07:30:00-05:00,29.98,24.967,7.5,1.273
2026-07-07 19:30:00-05:00,30.39,24.278,7.9,1.832
2026-07-08 07:30:00-05:00,27.46,22.089,12.3,2.261
2026-07-08 19:30:00-05:00,28.07,21.716,13.78,1.335
2026-07-09 07:30:00-05:00,26.13,20.099,16.28,4.383
2026-07-09 19:30:00-05:00,26.38,24.888,8.44,4.223
2026-07-10 07:30:00-05:00,26.25,22.219,12.76,3.697
2026-07-10 19:30:00-05:00,29.1,20.676,15.04,1.532
2026-07-11 07:30:00-05:00,29.2,23.383,9.58,1.861
2026-07-12 07:30:00-05:00,28.58,22.996,10.72,1.251
2026-07-12 19:30:00-05:00,30.22,24.984,8.1,1.107
2026-07-13 07:30:00-05:00,29.91,25.375,8.62,0.959
2026-07-13 19:30:00-05:00,29.5,24.589,8.88,1.126
2026-07-14 07:30:00-05:00,30.2,26.217,7.9,1.131
2026-07-14 19:30:00-05:00,28.08,26.86,8.56,1.069
2026-07-15 07:30:00-05:00,27.82,25.576,9.5,0.742
2026-07-15 19:30:00-05:00,28.71,25.422,10.48,1.071
2026-07-16 07:30:00-05:00,28.16,22.55,13.16,1.19
2026-07-16 19:30:00-05:00,30.49,21.608,13.4,0.832
2026-07-17 07:30:00-05:00,29.2,22.071,11.46,0.729
2026-07-17 19:30:00-05:00,29.56,21.923,12.1,0.997
2026-07-18 07:30:00-05:00,29.47,22.798,10.9,0.972
2026-07-18 19:30:00-05:00,29.28,22.089,11.34,1.555
2026-07-19 07:30:00-05:00,29.19,21.36,12.94,1.564
2026-07-19 19:30:00-05:00,29.62,23.095,11.78,1.928
2026-07-20 07:30:00-05:00,28.43,24.631,8.8,3.145
2026-07-20 19:30:00-05:00,27.53,24.278,10.84,2.239
2026-07-21 07:30:00-05:00,28.98,25.672,9.24,1.211
2026-07-21 19:30:00-05:00,27.6,27.258,8.04,1.142
2026-07-22 07:30:00-05:00,29.43,27.012,7.18,1.389
2026-07-22 19:30:00-05:00,28.19,26.615,8.28,1.501
2026-07-23 07:30:00-05:00,29.51,27.605,8.46,1.275
2026-07-23 19:30:00-05:00,30.21,27.164,6.84,1.243
2026-07-24 07:30:00-05:00,28.73,25.028,10.0,1.432
2026-07-24 19:30:00-05:00,29.34,27.308,8.14,1.006
2026-07-25 07:30:00-05:00,28.73,24.706,10.48,1.408
2026-07-25 19:30:00-05:00,28.2,23.383,11.54,1.617
2026-07-26 07:30:00-05:00,27.7,24.171,11.44,1.367
2026-07-26 19:30:00-05:00,30.25,24.521,10.04,1.012
2026-07-27 07:30:00-05:00,27.27,22.388,14.74,2.512
2026-07-27 19:30:00-05:00,29.66,24.527,9.36,1.862
2026-07-28 07:30:00-05:00,27.0,24.676,10.06,1.623
2026-07-28 19:30:00-05:00,28.56,24.875,10.82,1.245
2026-07-29 07:30:00-05:00,28.65,26.169,8.6,1.209
2026-07-29 19:30:00-05:00,29.89,29.042,6.04,0.871
2026-07-30 07:30:00-05:00,27.85,25.771,10.72,1.133
2026-07-30 19:30:00-05:00,28.51,27.456,8.32,1.049
2026-07-31 07:30:00-05:00,28.26,22.885,13.56,1.006
2026-07-31 19:30:00-05:00,28.78,22.792,14.86,0.917
2026-08-01 07:30:00-05:00,28.18,27.258,9.3,0.868
2026-08-01 19:30:00-05:00,28.26,21.41,13.44,0.781
2026-08-02 07:30:00-05:00,28.67,24.776,9.5,1.462
2026-08-02 19:30:00-05:00,27.76,25.204,10.54,1.289
2026-08-03 07:30:00-05:00,29.81,23.838,10.92,1.007
2026-08-03 19:30:00-05:00,28.64,22.885,13.58,1.408
2026-08-04 07:30:00-05:00,27.67,25.771,9.14,1.032
2026-08-04 19:30:00-05:00,28.05,24.378,10.82,1.71
2026-08-05 07:30:00-05:00,29.13,25.198,9.34,1.122
2026-08-05 19:30:00-05:00,30.35,22.288,12.6,1.314
2026-08-06 07:30:00-05:00,29.11,23.681,12.38,0.931
2026-08-06 19:30:00-05:00,28.67,27.512,7.76,0.665
2026-08-07 07:30:00-05:00,30.0,28.441,4.96,1.115
2026-08-07 19:30:00-05:00,29.34,26.959,7.88,1.065
2026-08-08 07:30:00-05:00,28.4,25.181,10.92,1.199
2026-08-08 19:30:00-05:00,28.58,23.354,12.18,0.857
2026-08-09 07:30:00-05:00,29.58,22.811,12.86,0.834
2026-08-09 19:30:00-05:00,29.54,25.028,9.24,1.165
2026-08-10 07:30:00-05:00,29.76,26.961,8.32,1.1
2026-08-10 19:30:00-05:00,27.09,23.392,11.74,1.416
2026-08-11 07:30:00-05:00,30.07,23.789,10.94,1.281
2026-08-11 19:30:00-05:00,28.69,23.392,11.6,1.386
2026-08-12 07:30:00-05:00,29.49,22.401,12.42,1.32
2026-08-12 19:30:00-05:00,30.18,23.98,10.28,1.093
2026-08-13 19:30:00-05:00,32.39,21.741,7.0,1.13
2026-08-14 07:30:00-05:00,28.31,26.169,9.2,1.706
2026-08-14 19:30:00-05:00,27.82,21.932,16.42,1.631
2026-08-15 07:30:00-05:00,26.09,25.474,9.64,2.851
2026-08-15 19:30:00-05:00,27.86,24.879,10.76,2.198
2026-08-16 07:30:00-05:00,27.11,21.806,13.62,3.442
2026-08-16 19:30:00-05:00,27.72,22.686,12.76,3.913
2026-08-17 07:30:00-05:00,27.15,23.88,11.92,2.123
2026-08-17 19:30:00-05:00,28.61,25.176,10.2,2.168
2026-08-18 07:30:00-05:00,27.12,24.532,11.1,2.146
2026-08-18 19:30:00-05:00,27.91,22.897,11.56,1.854
2026-08-19 07:30:00-05:00,30.76,24.384,8.5,0.754
2026-08-19 19:30:00-05:00,29.55,23.293,12.08,0.686
2026-08-20 07:30:00-05:00,29.37,24.228,9.96,0.678
2026-08-20 19:30:00-05:00,28.72,22.599,13.08,0.975
2026-08-21 07:30:00-05:00,28.42,22.985,11.52,0.695
2026-08-21 19:30:00-05:00,30.48,23.789,10.34,0.746
2026-08-22 07:30:00-05:00,27.7,24.324,11.76,1.467
2026-08-22 19:30:00-05:00,27.31,24.975,11.1,1.473
2026-08-23 07:30:00-05:00,28.91,22.885,10.34,2.68
2026-08-23 19:30:00-05:00,29.53,24.776,11.4,1.624
2026-08-24 07:30:00-05:00,26.86,21.144,16.3,2.946
2026-08-24 19:30:00-05:00,28.49,24.331,11.7,1.764
2026-08-25 07:30:00-05:00,28.47,23.065,12.62,1.617
2026-08-25 19:30:00-05:00,27.39,24.726,11.26,1.437
2026-08-26 07:30:00-05:00,24.83,18.288,23.16,1.561
2026-08-26 19:30:00-05:00,28.0,26.913,7.96,2.29
2026-08-27 07:30:00-05:00,32.68,21.336,7.92,1.775
2026-08-27 19:30:00-05:00,28.99,26.716,7.86,1.678
2026-08-28 07:30:00-05:00,29.63,21.856,12.48,2.311
2026-08-28 19:30:00-05:00,28.85,23.388,13.2,1.841
2026-08-29 07:30:00-05:00,28.44,23.383,13.4,0.894
2026-08-29 19:30:00-05:00,29.95,21.791,12.78,1.287
2026-08-30 07:30:00-05:00,29.75,24.726,9.48,1.101
2026-08-30 19:30:00-05:00,29.28,23.681,10.76,1.906
2026-08-31 07:30:00-05:00,27.82,23.864,10.82,1.807
2026-09-01 07:30:00-05:00,26.2,23.084,11.68,1.97
2026-09-01 19:30:00-05:00,28.28,24.762,9.96,2.947
2026-09-02 07:30:00-05:00,27.42,24.185,10.32,2.61
2026-09-02 19:30:00-05:00,31.25,25.35,6.88,1.585
2026-09-03 07:30:00-05:00,29.95,25.373,7.4,1.788
2026-09-03 19:30:00-05:00,29.25,19.9,15.88,1.83
2026-09-04 07:30:00-05:00,29.53,20.796,11.44,1.59
2026-09-04 19:30:00-05:00,29.3,20.298,14.46,1.876
2026-09-05 07:30:00-05:00,29.94,22.686,8.8,1.749
2026-09-05 19:30:00-05:00,29.49,21.774,11.34,2.16
2026-09-06 07:30:00-05:00,27.3,22.885,10.08,2.927
2026-09-06 19:30:00-05:00,27.19,22.972,9.74,2.488
2026-09-07 07:30:00-05:00,27.28,24.975,10.48,2.383
2026-09-07 19:30:00-05:00,27.72,25.276,9.72,2.198
2026-09-08 07:30:00-05:00,26.88,23.322,12.58,3.17
2026-09-08 19:30:00-05:00,26.64,26.672,8.4,2.805
2026-09-09 07:30:00-05:00,25.94,23.249,13.06,4.569
2026-09-09 19:30:00-05:00,26.53,26.019,9.22,2.318
2026-09-10 07:30:00-05:00,29.51,28.291,5.66,2.926
2026-09-10 19:30:00-05:00,29.45,26.468,8.96,2.081
2026-09-11 07:30:00-05:00,28.29,24.695,10.98,2.645
2026-09-11 19:30:00-05:00,27.84,25.769,9.26,2.647
2026-09-12 07:30:00-05:00,28.66,24.577,10.96,3.649
2026-09-12 19:30:00-05:00,29.24,24.97,10.28,2.346
2026-09-13 07:30:00-05:00,29.47,23.078,13.18,1.899
2026-09-13 19:30:00-05:00,25.97,23.651,12.76,2.242
2026-09-14 07:30:00-05:00,30.82,24.278,10.3,1.81
2026-09-14 19:30:00-05:00,29.29,22.985,12.12,1.064
2026-09-15 07:30:00-05:00,28.6,23.419,12.6,1.253
2026-09-15 19:30:00-05:00,28.85,23.805,12.74,1.472
2026-09-16 07:30:00-05:00,29.34,27.164,7.04,1.319
2026-09-16 19:30:00-05:00,27.9,23.781,15.22,1.419
2026-09-17 07:30:00-05:00,28.54,24.97,11.04,1.783
2026-09-17 19:30:00-05:00,27.78,24.203,11.4,4.443
2026-09-18 07:30:00-05:00,28.18,24.574,10.58,2.624
2026-09-18 19:30:00-05:00,27.44,22.96,15.16,1.505
2026-09-19 07:30:00-05:00,27.83,23.869,11.66,1.909
2026-09-19 19:30:00-05:00,29.87,25.769,9.18,2.068
2026-09-20 07:30:00-05:00,28.81,25.07,9.3,2.817
2026-09-20 19:30:00-05:00,29.26,24.97,11.14,2.169
2026-09-21 07:30:00-05:00,27.9,23.572,12.36,2.692
2026-09-21 19:30:00-05:00,28.74,23.358,14.1,2.132
2026-09-22 07:30:00-05:00,31.46,22.868,9.76,1.453
2026-09-22 19:30:00-05:00,26.53,21.374,15.74,1.689
2026-09-23 07:30:00-05:00,27.58,24.795,11.54,1.863
2026-09-23 19:30:00-05:00,28.77,25.074,9.8,2.109
2026-09-24 07:30:00-05:00,29.39,25.619,9.74,2.006
2026-09-24 19:30:00-05:00,28.75,27.667,7.6,1.363
2026-09-25 07:30:00-05:00,30.44,24.549,10.4,1.351
2026-09-25 19:30:00-05:00,28.53,25.671,8.8,1.958
