,n2cu,n1fe,n4mo,n6sc,n3zn
2026-09-01 00:00:00,33447.45,34289.9063,3381.649,1216.07373,275.938751
2026-09-01 00:15:00,33447.45,34289.9063,3381.649,1216.07373,275.938751
2026-09-01 00:30:00,34124.41,34056.09,3376.143,1231.34,284.5338
2026-09-01 00:45:00,34687.875,34816.5273,3297.32861,1205.016,284.550476
2026-09-01 01:00:00,34687.875,34816.5273,3297.32861,1205.016,284.550476
2026-09-01 01:15:00,34192.0664,34104.41,3519.80786,1221.066,285.549347
2026-09-01 01:30:00,34329.6641,34210.8242,3611.88867,1217.28467,281.9091
2026-09-01 01:45:00,34329.6641,34210.8242,3611.88867,1217.28467,281.9091
2026-09-01 02:00:00,33523.46,34136.6563,3930.28418,1207.77954,264.285065
2026-09-01 02:15:00,33523.46,34136.6563,3930.28418,1207.77954,264.285065
2026-09-01 02:30:00,33166.13,33445.28,4390.53369,1204.25793,262.209167
2026-09-01 02:45:00,32887.88,33657.9023,4344.00635,1207.42871,254.40451
2026-09-01 03:00:00,32887.88,33657.9023,4344.00635,1207.42871,254.40451
2026-09-01 03:15:00,34087.4336,33862.3,4407.08936,1213.77319,255.873184
2026-09-01 03:30:00,33978.24,33508.8867,4271.4165,1233.92993,250.484467
2026-09-01 03:45:00,33978.24,33508.8867,4271.4165,1233.92993,250.484467
2026-09-01 04:00:00,34304.97,33085.6328,4283.74854,1241.03564,252.847885
2026-09-01 04:15:00,33691.8945,32395.8887,4424.67871,1233.90649,244.691116
2026-09-01 04:30:00,33691.8945,32395.8887,4424.67871,1233.90649,244.691116
2026-09-01 04:45:00,32798.29,32745.2988,4399.039,1227.923,230.5659
2026-09-01 05:00:00,33826.8867,32235.7988,4416.316,1226.3667,232.276733
2026-09-01 05:15:00,33826.8867,32235.7988,4416.316,1226.3667,232.276733
2026-09-01 05:30:00,33849.92,32695.041,4363.983,1221.40381,233.264191
2026-09-01 05:45:00,33727.4727,32701.4238,4423.59033,1227.05493,225.7139
2026-09-01 06:00:00,33727.4727,32701.4238,4423.59033,1227.05493,225.7139
2026-09-01 06:15:00,33478.1641,34196.6875,4174.938,1204.98853,218.4213
2026-09-01 06:30:00,33478.1641,34196.6875,4174.938,1204.98853,218.4213
2026-09-01 06:45:00,34050.207,33276.39,4262.96338,1229.10144,218.684509
2026-09-01 07:00:00,33983.707,35502.9023,3751.0603,1187.37964,208.086655
2026-09-01 07:15:00,33983.707,35502.9023,3751.0603,1187.37964,208.086655
2026-09-01 07:30:00,35054.3047,33634.0,4470.89746,1221.00854,210.718018
2026-09-01 07:45:00,35054.3047,33634.0,4470.89746,1221.00854,210.718018
2026-09-01 08:00:00,35070.2539,33582.9258,4477.03467,1229.07129,213.545746
2026-09-01 08:15:00,35070.2539,33582.9258,4477.03467,1229.07129,213.545746
2026-09-01 08:30:00,34938.0156,33121.4922,4593.14746,1243.52014,211.511292
2026-09-01 08:45:00,30774.7988,33801.34,4974.562,1183.191,190.275574
2026-09-01 09:00:00,30774.7988,33801.34,4974.562,1183.191,190.275574
2026-09-01 09:15:00,30824.9219,35135.5859,4296.089,1149.9176,181.636627
2026-09-01 09:30:00,31696.3984,33697.1953,4367.47266,1192.67163,188.027344
2026-09-01 09:45:00,31696.3984,33697.1953,4367.47266,1192.67163,188.027344
2026-09-01 10:00:00,31785.8535,33387.0625,4355.564,1195.939,185.122223
2026-09-01 10:15:00,32008.4727,33596.9141,3927.198,1201.62341,187.739456
2026-09-01 10:30:00,32008.4727,33596.9141,3927.198,1201.62341,187.739456
2026-09-01 10:45:00,30029.6387,34021.1172,3826.19971,1173.51514,186.024628
2026-09-01 11:00:00,30476.0742,34197.543,3874.64551,1189.76831,187.395935
2026-09-01 11:15:00,30476.0742,34197.543,3874.64551,1189.76831,187.395935
2026-09-01 11:30:00,30223.6563,33661.0352,3806.35767,1183.44263,186.981628
2026-09-01 11:45:00,31621.22,33584.62,3756.185,1205.112,191.674911
2026-09-01 12:00:00,31621.22,33584.62,3756.185,1205.112,191.674911
2026-09-01 12:15:00,32268.623,33151.0039,3783.312,1224.2002,187.505875
2026-09-01 12:30:00,32268.623,33151.0039,3783.312,1224.2002,187.505875
2026-09-01 12:45:00,26217.9,30413.4844,5323.71631,1230.951,165.013824
2026-09-01 13:00:00,31539.1543,29081.0879,2572.099,1344.87708,187.73291
2026-09-01 13:15:00,31539.1543,29081.0879,2572.099,1344.87708,187.73291
2026-09-01 13:30:00,30409.2754,28757.8047,3345.478,1337.13562,182.853149
2026-09-01 13:45:00,31169.5645,27897.791,2463.03,1388.20825,189.382
2026-09-01 14:00:00,30269.6211,26648.1426,2470.90332,1406.20715,190.5754
2026-09-01 14:15:00,30269.6211,26648.1426,2470.90332,1406.20715,190.5754
2026-09-01 14:30:00,30094.3145,25057.752,2120.02246,1445.618,186.886826
2026-09-01 14:45:00,37278.09,33307.18,2269.39941,1295.9906,221.401611
2026-09-01 15:00:00,37446.8477,35561.0664,3352.17749,1231.61963,215.691879
2026-09-01 15:15:00,37446.8477,35561.0664,3352.17749,1231.61963,215.691879
2026-09-01 15:30:00,32230.332,33125.9375,4871.623,1226.21631,193.800751
2026-09-01 15:45:00,32230.332,33125.9375,4871.623,1226.21631,193.800751
2026-09-01 16:00:00,31497.5273,32210.8652,4787.40527,1257.52063,180.79718
2026-09-01 16:15:00,31545.0059,32735.332,4796.131,1230.24927,175.2938
2026-09-01 16:30:00,31545.0059,32735.332,4796.131,1230.24927,175.2938
2026-09-01 16:45:00,30619.4355,31909.2813,4974.762,1243.72229,174.36937
2026-09-01 17:00:00,33698.5664,33153.0039,3789.62134,1240.64575,184.749466
2026-09-01 17:15:00,33698.5664,33153.0039,3789.62134,1240.64575,184.749466
2026-09-01 17:30:00,31020.2031,31173.6816,4670.124,1257.64429,178.176788
2026-09-01 17:45:00,31020.2031,31173.6816,4670.124,1257.64429,178.176788
2026-09-01 18:00:00,32066.6914,32228.4727,4574.43164,1236.9624,181.2767
2026-09-01 18:15:00,34477.25,33249.6328,4162.95947,1237.4563,184.761368
2026-09-01 18:30:00,34477.25,33249.6328,4162.95947,1237.4563,184.761368
2026-09-01 18:45:00,34298.668,32283.7266,4422.17334,1268.93933,186.892639
2026-09-01 19:00:00,34298.668,32283.7266,4422.17334,1268.93933,186.892639
2026-09-01 19:15:00,36228.92,34257.74,4101.124,1231.99561,187.92572
2026-09-01 19:30:00,35698.1953,34461.76,4066.13184,1214.67053,186.546829
2026-09-01 19:45:00,36301.73,35160.9727,4127.87061,1219.31506,187.96167
2026-09-01 20:00:00,36301.73,35160.9727,4127.87061,1219.31506,187.96167
2026-09-01 20:15:00,37836.2578,35467.97,4181.59033,1237.67078,198.210236
2026-09-01 20:30:00,37986.0664,35075.8164,4447.95361,1240.637,205.627945
2026-09-01 20:45:00,37986.0664,35075.8164,4447.95361,1240.637,205.627945
2026-09-01 21:00:00,38592.5625,36155.043,4178.44971,1220.022,209.466232
2026-09-01 21:15:00,38853.14,35975.6328,4224.165,1240.07983,213.44043
2026-09-01 21:30:00,38853.14,35975.6328,4224.165,1240.07983,213.44043
2026-09-01 21:45:00,39017.7,36206.9648,4402.27734,1240.88647,214.807648
2026-09-01 22:00:00,39581.2344,36286.168,4165.72461,1243.83813,213.2895
2026-09-01 22:15:00,39581.2344,36286.168,4165.72461,1243.83813,213.2895
2026-09-01 22:30:00,39941.46,37072.2422,3761.75537,1231.42712,210.6639
2026-09-01 22:45:00,36436.6445,35360.7461,4470.89844,1225.48828,199.768555
2026-09-01 23:00:00,36436.6445,35360.7461,4470.89844,1225.48828,199.768555
2026-09-01 23:15:00,35361.91,34895.81,4244.68,1208.42322,194.4309
2026-09-01 23:30:00,35361.91,34895.81,4244.68,1208.42322,194.4309
2026-09-01 23:45:00,35248.5625,34448.793,4440.85156,1210.36389,196.19577
2026-09-02 00:00:00,35248.5625,34448.793,4440.85156,1210.36389,196.19577
2026-09-02 00:15:00,34874.6875,34533.66,4624.583,1207.66113,195.041656
2026-09-02 00:30:00,34057.88,33766.3672,5332.36035,1217.06506,186.6198
2026-09-02 00:45:00,34057.88,33766.3672,5332.36035,1217.06506,186.6198
2026-09-02 01:00:00,36219.9,34837.53,3942.89331,1236.93335,196.78093
2026-09-02 01:15:00,36219.9,34837.53,3942.89331,1236.93335,196.78093
2026-09-02 01:30:00,35192.02,33921.3867,4762.821,1222.83875,191.586731
2026-09-02 01:45:00,37178.92,34851.0352,4389.86133,1246.82751,196.543945
2026-09-02 02:00:00,37178.92,34851.0352,4389.86133,1246.82751,196.543945
2026-09-02 02:15:00,36896.1875,34636.2969,4498.982,1233.57556,201.454788
2026-09-02 02:30:00,38199.5625,35256.9375,4101.072,1245.70215,203.25946
2026-09-02 02:45:00,38199.5625,35256.9375,4101.072,1245.70215,203.25946
2026-09-02 03:00:00,38232.87,35557.81,3602.81,1234.87463,209.826584
2026-09-02 03:15:00,37849.1641,35098.39,4110.40332,1231.02759,211.907928
2026-09-02 03:30:00,37849.1641,35098.39,4110.40332,1231.02759,211.907928
2026-09-02 03:45:00,37936.5273,34602.23,4238.113,1239.78674,222.486664
2026-09-02 04:00:00,37683.32,34090.8438,4480.407,1248.81,223.511154
2026-09-02 04:15:00,37683.32,34090.8438,4480.407,1248.81,223.511154
2026-09-02 04:30:00,38404.01,34788.2773,4151.311,1251.17639,229.868454
2026-09-02 04:45:00,38447.1367,34706.55,4143.68945,1239.065,233.5484
2026-09-02 05:00:00,38447.1367,34706.55,4143.68945,1239.065,233.5484
2026-09-02 05:15:00,38125.56,34346.9648,3966.3147,1248.69531,233.1791
2026-09-02 05:30:00,38125.56,34346.9648,3966.3147,1248.69531,233.1791
2026-09-02 05:45:00,37854.3945,34028.4766,4313.025,1257.92139,230.056046
2026-09-02 06:00:00,37757.51,33069.37,4424.36,1281.63892,234.268616
2026-09-02 06:15:00,37757.51,33069.37,4424.36,1281.63892,234.268616
2026-09-02 06:30:00,0.0,0.0,0.0,0.0,0.0
2026-09-02 06:45:00,38460.3555,33250.14,3465.24,1300.55408,214.218384
2026-09-02 07:00:00,38460.3555,33250.14,3465.24,1300.55408,214.218384
2026-09-02 07:15:00,38460.3555,33250.14,3465.24,1300.55408,214.218384
2026-09-02 07:30:00,37661.98,33413.58,4117.12646,1264.58923,213.1444
2026-09-02 07:45:00,37536.17,33477.8828,3910.63037,1275.04236,208.901
2026-09-02 08:00:00,37536.17,33477.8828,3910.63037,1275.04236,208.901
2026-09-02 08:15:00,36340.63,34275.14,4155.44775,1243.14087,196.197647
2026-09-02 08:30:00,37039.0938,33352.7539,3763.92578,1274.3877,192.678528
2026-09-02 08:45:00,37039.0938,33352.7539,3763.92578,1274.3877,192.678528
2026-09-02 09:00:00,37227.5234,33781.6,3999.46362,1259.42981,196.05983
2026-09-02 09:15:00,36759.03,33690.96,4000.96533,1265.95361,197.8678
2026-09-02 09:30:00,36759.03,33690.96,4000.96533,1265.95361,197.8678
2026-09-02 09:45:00,36172.18,33945.56,3782.51172,1245.71094,197.632019
2026-09-02 10:00:00,35693.32,33486.5742,3989.10156,1243.20178,195.245468
2026-09-02 10:15:00,35693.32,33486.5742,3989.10156,1243.20178,195.245468
2026-09-02 10:30:00,34144.04,29524.4883,3370.66431,1342.36145,195.385208
2026-09-02 10:45:00,35559.37,31868.8457,3523.79932,1313.1637,201.4075
2026-09-02 11:00:00,35559.37,31868.8457,3523.79932,1313.1637,201.4075
2026-09-02 11:15:00,34200.3125,32933.3125,3351.81616,1242.58313,195.0589
2026-09-02 11:30:00,34200.3125,32933.3125,3351.81616,1242.58313,195.0589
2026-09-02 11:45:00,34099.1953,33130.332,3402.20142,1240.67688,193.82782
2026-09-02 12:00:00,34043.0234,33774.0742,3554.498,1213.3634,197.242462
2026-09-02 12:15:00,34043.0234,33774.0742,3554.498,1213.3634,197.242462
2026-09-02 12:30:00,34325.13,34069.48,3578.13037,1211.625,196.115082
2026-09-02 12:45:00,33407.69,32147.8574,4094.177,1251.73132,192.651718
2026-09-02 13:00:00,33407.69,32147.8574,4094.177,1251.73132,192.651718
2026-09-02 13:15:00,35444.2539,32955.31,3323.69043,1264.39246,193.725342
2026-09-02 13:30:00,35444.2539,32955.31,3323.69043,1264.39246,193.725342
2026-09-02 13:45:00,35019.45,30712.1484,3612.82983,1322.16919,194.799057
2026-09-02 14:00:00,34587.9648,30844.1523,3482.968,1307.81409,193.108353
2026-09-02 14:15:00,34587.9648,30844.1523,3482.968,1307.81409,193.108353
2026-09-02 14:30:00,33844.81,30808.2031,3703.21948,1295.3114,198.977951
2026-09-02 14:45:00,33844.81,30808.2031,3703.21948,1295.3114,198.977951
2026-09-02 15:00:00,34966.5547,32689.4688,3245.59473,1258.99463,192.6774
2026-09-02 15:15:00,33681.6133,29962.584,3406.9624,1325.9364,199.46582
2026-09-02 15:30:00,33681.6133,29962.584,3406.9624,1325.9364,199.46582
2026-09-02 15:45:00,31927.57,29286.9551,3313.62427,1309.99377,194.1621
2026-09-02 16:00:00,29961.3945,28395.4316,3366.947,1314.24512,189.739227
2026-09-02 16:15:00,29961.3945,28395.4316,3366.947,1314.24512,189.739227
2026-09-02 16:30:00,29233.2988,28456.8633,3403.702,1297.4447,188.90979
2026-09-02 16:45:00,29233.2988,28456.8633,3403.702,1297.4447,188.90979
2026-09-02 17:00:00,26778.4453,27579.8887,3264.91333,1295.9856,182.117935
2026-09-02 17:15:00,31320.4531,27977.6211,2677.97241,1346.22522,189.181335
2026-09-02 17:30:00,31320.4531,27977.6211,2677.97241,1346.22522,189.181335
2026-09-02 17:45:00,32356.0625,29852.49,3104.387,1304.37244,193.6019
2026-09-02 18:00:00,32452.4629,29869.9375,3292.67,1289.06677,196.859848
2026-09-02 18:15:00,32452.4629,29869.9375,3292.67,1289.06677,196.859848
2026-09-02 18:30:00,30449.375,29955.2559,3448.54443,1261.947,181.4331
2026-09-02 18:45:00,31595.0684,31354.5313,3272.4502,1243.1543,184.362381
2026-09-02 19:00:00,31595.0684,31354.5313,3272.4502,1243.1543,184.362381
2026-09-02 19:15:00,32532.1621,30722.541,3023.10962,1264.42151,182.702759
2026-09-02 19:30:00,32532.1621,30722.541,3023.10962,1264.42151,182.702759
2026-09-02 19:45:00,32066.3984,31686.9648,3023.60815,1256.80151,175.197021
2026-09-02 20:00:00,33562.45,30934.4043,2878.88916,1283.797,186.422058
2026-09-02 20:15:00,33562.45,30934.4043,2878.88916,1283.797,186.422058
2026-09-02 20:30:00,30961.8242,30216.7949,3461.491,1263.28723,175.770676
2026-09-02 20:45:00,28257.5273,29558.957,3231.9812,1256.23572,160.501572
2026-09-02 21:00:00,28257.5273,29558.957,3231.9812,1256.23572,160.501572
2026-09-02 21:15:00,28048.2813,30006.2324,3170.28,1266.23328,161.440536
2026-09-02 21:30:00,25996.918,28762.0449,3283.708,1272.34949,158.114273
2026-09-02 21:45:00,25996.918,28762.0449,3283.708,1272.34949,158.114273
2026-09-02 22:00:00,21057.06,18515.332,2183.51733,1554.37781,144.119034
2026-09-02 22:15:00,20313.0215,15907.833,2095.19141,1627.73914,146.997559
2026-09-02 22:30:00,26359.0332,21325.5215,1833.85352,1526.69641,154.195068
2026-09-02 22:45:00,26359.0332,21325.5215,1833.85352,1526.69641,154.195068
2026-09-02 23:00:00,21770.06,16489.707,1996.73071,1625.46765,140.698654
2026-09-02 23:15:00,18309.8945,13294.7139,1993.57068,1696.83032,134.093719
2026-09-02 23:30:00,18309.8945,13294.7139,1993.57068,1696.83032,134.093719
2026-09-02 23:45:00,32401.9551,27047.1172,2330.9646,1395.44983,191.136642
2026-09-03 00:00:00,33133.3359,36594.09,3146.66235,1165.87451,181.498642
2026-09-03 00:15:00,33133.3359,36594.09,3146.66235,1165.87451,181.498642
2026-09-03 00:30:00,31114.4883,33159.4961,3513.456,1229.75891,186.965
2026-09-03 00:45:00,33771.0078,34039.3125,3202.71753,1259.35449,205.435776
2026-09-03 01:00:00,33771.0078,34039.3125,3202.71753,1259.35449,205.435776
2026-09-03 01:15:00,34061.34,33826.12,2982.13232,1255.7334,209.880783
2026-09-03 01:30:00,35185.6563,35166.1563,2917.21143,1233.52551,213.147629
2026-09-03 01:45:00,34319.02,35365.01,3145.12476,1219.93481,212.712051
2026-09-03 02:00:00,34319.02,35365.01,3145.12476,1219.93481,212.712051
2026-09-03 02:15:00,33450.93,34489.94,3579.337,1220.797,204.918228
2026-09-03 02:30:00,35501.05,35026.0234,3053.68066,1240.18591,218.005569
2026-09-03 02:45:00,35501.05,35026.0234,3053.68066,1240.18591,218.005569
2026-09-03 03:00:00,35895.7227,35382.62,3199.65649,1241.32092,218.138611
2026-09-03 03:15:00,34784.5,34439.0,3420.37842,1237.721,212.255569
2026-09-03 03:30:00,34784.5,34439.0,3420.37842,1237.721,212.255569
2026-09-03 03:45:00,32744.6816,34814.8945,3570.14063,1203.70715,201.9252
2026-09-03 04:00:00,31656.0156,34871.5039,3444.0083,1203.91565,189.844391
2026-09-03 04:15:00,31656.0156,34871.5039,3444.0083,1203.91565,189.844391
2026-09-03 04:30:00,31856.9043,33268.8242,3494.64624,1251.084,196.460144
2026-09-03 04:45:00,0.0,0.0,0.0,0.0,0.0
2026-09-03 05:00:00,0.0,0.0,0.0,0.0,0.0
2026-09-03 05:15:00,0.0,0.0,0.0,0.0,0.0
2026-09-03 05:30:00,0.0,0.0,0.0,0.0,0.0
2026-09-03 05:45:00,0.0,0.0,0.0,0.0,0.0
2026-09-03 06:00:00,0.0,0.0,0.0,0.0,0.0
2026-09-03 06:15:00,0.0,0.0,0.0,0.0,0.0
2026-09-03 06:30:00,0.0,0.0,0.0,0.0,0.0
2026-09-03 06:45:00,0.0,0.0,0.0,0.0,0.0
2026-09-03 07:00:00,0.0,0.0,0.0,0.0,0.0
2026-09-03 07:15:00,0.0,0.0,0.0,0.0,0.0
2026-09-03 07:30:00,0.0,0.0,0.0,0.0,0.0
2026-09-03 07:45:00,0.0,0.0,0.0,0.0,0.0
2026-09-03 08:00:00,0.0,0.0,0.0,0.0,0.0
2026-09-03 08:15:00,0.0,0.0,0.0,0.0,0.0
2026-09-03 08:30:00,0.0,0.0,0.0,0.0,0.0
2026-09-03 08:45:00,0.0,0.0,0.0,0.0,0.0
2026-09-03 09:00:00,0.0,0.0,0.0,0.0,0.0
2026-09-03 09:15:00,37949.74,35120.7266,2946.34985,1276.97668,234.610291
2026-09-03 09:30:00,38404.875,35955.12,2983.3916,1244.20227,236.908981
2026-09-03 09:45:00,35191.457,36765.2773,3627.229,1192.79626,221.189438
2026-09-03 10:00:00,35191.457,36765.2773,3627.229,1192.79626,221.189438
2026-09-03 10:15:00,35191.457,36765.2773,3627.229,1192.79626,221.189438
2026-09-03 10:30:00,33969.2578,36442.1055,3318.216,1197.27771,222.886429
2026-09-03 10:45:00,33969.2578,36442.1055,3318.216,1197.27771,222.886429
2026-09-03 11:00:00,0.0,0.0,0.0,0.0,0.0
2026-09-03 11:15:00,0.0,0.0,0.0,0.0,0.0
2026-09-03 11:30:00,0.0,0.0,0.0,0.0,0.0
2026-09-03 11:45:00,0.0,0.0,0.0,0.0,0.0
2026-09-03 12:00:00,0.0,0.0,0.0,0.0,0.0
2026-09-03 12:15:00,0.0,0.0,0.0,0.0,0.0
2026-09-03 12:30:00,0.0,0.0,0.0,0.0,0.0
2026-09-03 12:45:00,0.0,0.0,0.0,0.0,0.0
2026-09-03 13:00:00,0.0,0.0,0.0,0.0,0.0
2026-09-03 13:15:00,0.0,0.0,0.0,0.0,0.0
2026-09-03 13:30:00,0.0,0.0,0.0,0.0,0.0
2026-09-03 13:45:00,0.0,0.0,0.0,0.0,0.0
2026-09-03 14:00:00,0.0,0.0,0.0,0.0,0.0
2026-09-03 14:15:00,0.0,0.0,0.0,0.0,0.0
2026-09-03 14:30:00,0.0,0.0,0.0,0.0,0.0
2026-09-03 14:45:00,0.0,0.0,0.0,0.0,0.0
2026-09-03 15:00:00,0.0,0.0,0.0,0.0,0.0
2026-09-03 15:15:00,0.0,0.0,0.0,0.0,0.0
2026-09-03 15:30:00,0.0,0.0,0.0,0.0,0.0
2026-09-03 15:45:00,0.0,0.0,0.0,0.0,0.0
2026-09-03 16:00:00,0.0,0.0,0.0,0.0,0.0
2026-09-03 16:15:00,0.0,0.0,0.0,0.0,0.0
2026-09-03 16:30:00,0.0,0.0,0.0,0.0,0.0
2026-09-03 16:45:00,0.0,0.0,0.0,0.0,0.0
2026-09-03 17:00:00,0.0,0.0,0.0,0.0,0.0
2026-09-03 17:15:00,0.0,0.0,0.0,0.0,0.0
2026-09-03 17:30:00,0.0,0.0,0.0,0.0,0.0
2026-09-03 17:45:00,0.0,0.0,0.0,0.0,0.0
2026-09-03 18:00:00,0.0,0.0,0.0,0.0,0.0
2026-09-03 18:15:00,0.0,0.0,0.0,0.0,0.0
2026-09-03 18:30:00,0.0,0.0,0.0,0.0,0.0
2026-09-03 18:45:00,0.0,0.0,0.0,0.0,0.0
2026-09-03 19:00:00,0.0,0.0,0.0,0.0,0.0
2026-09-03 19:15:00,0.0,0.0,0.0,0.0,0.0
2026-09-03 19:30:00,0.0,0.0,0.0,0.0,0.0
2026-09-03 19:45:00,0.0,0.0,0.0,0.0,0.0
2026-09-03 20:00:00,0.0,0.0,0.0,0.0,0.0
2026-09-03 20:15:00,0.0,0.0,0.0,0.0,0.0
2026-09-03 20:30:00,0.0,0.0,0.0,0.0,0.0
2026-09-03 20:45:00,0.0,0.0,0.0,0.0,0.0
2026-09-03 21:00:00,0.0,0.0,0.0,0.0,0.0
2026-09-03 21:15:00,0.0,0.0,0.0,0.0,0.0
2026-09-03 21:30:00,0.0,0.0,0.0,0.0,0.0
2026-09-03 21:45:00,0.0,0.0,0.0,0.0,0.0
2026-09-03 22:00:00,0.0,0.0,0.0,0.0,0.0
2026-09-03 22:15:00,0.0,0.0,0.0,0.0,0.0
2026-09-03 22:30:00,0.0,0.0,0.0,0.0,0.0
2026-09-03 22:45:00,0.0,0.0,0.0,0.0,0.0
2026-09-03 23:00:00,0.0,0.0,0.0,0.0,0.0
2026-09-03 23:15:00,0.0,0.0,0.0,0.0,0.0
2026-09-03 23:30:00,0.0,0.0,0.0,0.0,0.0
2026-09-03 23:45:00,0.0,0.0,0.0,0.0,0.0
2026-09-04 00:00:00,0.0,0.0,0.0,0.0,0.0
2026-09-04 00:15:00,0.0,0.0,0.0,0.0,0.0
2026-09-04 00:30:00,34084.53,33822.3242,2611.305,1253.07654,282.177124
2026-09-04 00:45:00,35084.32,34300.13,2627.08887,1253.42981,280.285431
2026-09-04 01:00:00,33651.9336,34373.68,3033.319,1223.389,263.204681
2026-09-04 01:15:00,33457.7148,34746.3,2764.20581,1213.38757,256.285065
2026-09-04 01:30:00,33457.7148,34746.3,2764.20581,1213.38757,256.285065
2026-09-04 01:45:00,32344.123,33660.5,2941.88672,1225.20166,243.217728
2026-09-04 02:00:00,31712.8613,33719.2461,2990.82544,1219.13379,236.357574
2026-09-04 02:15:00,32528.79,34229.9336,2654.31836,1216.82227,236.662689
2026-09-04 02:30:00,32528.79,34229.9336,2654.31836,1216.82227,236.662689
2026-09-04 02:45:00,31258.6426,34208.87,2729.92,1202.74133,224.426544
2026-09-04 03:00:00,31058.4043,34501.67,2717.25977,1192.81421,220.808228
2026-09-04 03:15:00,31058.4043,34501.67,2717.25977,1192.81421,220.808228
2026-09-04 03:30:00,32485.2949,34242.8047,2476.49316,1222.86987,228.0826
2026-09-04 03:45:00,31432.7617,34790.29,2362.836,1198.45374,221.648254
2026-09-04 04:00:00,31092.31,34592.4,2432.5896,1195.10852,214.95903
2026-09-04 04:15:00,31092.31,34592.4,2432.5896,1195.10852,214.95903
2026-09-04 04:30:00,31960.2441,34008.5352,2408.71216,1221.87622,215.389786
2026-09-04 04:45:00,31849.207,34482.6172,2314.57178,1216.63965,220.478592
2026-09-04 05:00:00,30070.33,33926.3672,2460.601,1206.4679,207.993561
2026-09-04 05:15:00,30266.5977,34030.1328,2494.07153,1204.91125,211.251389
2026-09-04 05:30:00,30266.5977,34030.1328,2494.07153,1204.91125,211.251389
2026-09-04 05:45:00,31265.2441,33611.8242,2500.1062,1226.99365,208.137253
2026-09-04 06:00:00,31337.5469,34325.4531,2269.345,1221.11926,203.788925
2026-09-04 06:15:00,31337.5469,34325.4531,2269.345,1221.11926,203.788925
2026-09-04 06:30:00,30264.9863,34898.64,2299.08472,1186.82031,195.863159
2026-09-04 06:45:00,30423.2813,34672.2773,2070.13086,1204.62634,193.43071
2026-09-04 07:00:00,30423.2813,34672.2773,2070.13086,1204.62634,193.43071
2026-09-04 07:15:00,31839.0938,35198.3359,2115.36133,1218.86536,203.458817
2026-09-04 07:30:00,32019.3066,35446.4727,1837.194,1205.14563,204.277573
2026-09-04 07:45:00,32019.3066,35446.4727,1837.194,1205.14563,204.277573
2026-09-04 08:00:00,27311.8047,34247.7539,3022.5166,1192.24231,184.933212
2026-09-04 08:15:00,30105.8926,35065.1875,2123.05933,1190.45166,200.686676
2026-09-04 08:30:00,29997.4238,34961.72,2306.23828,1196.53418,202.7888
2026-09-04 08:45:00,28330.57,33909.96,2513.97217,1203.84155,192.554459
2026-09-04 09:00:00,28330.57,33909.96,2513.97217,1203.84155,192.554459
2026-09-04 09:15:00,30625.8535,34928.7344,2032.56641,1197.72717,206.656281
2026-09-04 09:30:00,28986.082,33540.9727,2294.20361,1212.25854,203.744751
2026-09-04 09:45:00,28986.082,33540.9727,2294.20361,1212.25854,203.744751
2026-09-04 10:00:00,29414.4219,34252.5,2106.91187,1206.89648,212.193085
2026-09-04 10:15:00,27281.8379,33566.2539,2193.23462,1193.46985,214.265747
2026-09-04 10:30:00,27281.8379,33566.2539,2193.23462,1193.46985,214.265747
2026-09-04 10:45:00,27281.8379,33566.2539,2193.23462,1193.46985,214.265747
2026-09-04 11:00:00,28295.77,34386.7656,2569.0603,1187.85388,221.333084
2026-09-04 11:15:00,28295.77,34386.7656,2569.0603,1187.85388,221.333084
2026-09-04 11:30:00,28361.0332,34096.5273,2399.24561,1201.44763,238.8704
2026-09-04 11:45:00,29923.8672,34315.4961,2294.461,1214.35754,256.124878
2026-09-04 12:00:00,29923.8672,34315.4961,2294.461,1214.35754,256.124878
2026-09-04 12:15:00,29691.2188,34994.65,2260.27124,1185.80737,257.126221
2026-09-04 12:30:00,29781.2148,34519.52,2442.63013,1202.9325,262.643555
2026-09-04 12:45:00,29781.2148,34519.52,2442.63013,1202.9325,262.643555
2026-09-04 13:00:00,27184.8066,35155.1836,2375.341,1165.43567,246.975708
2026-09-04 13:15:00,30815.58,34152.8242,2471.26025,1240.969,268.458649
2026-09-04 13:30:00,28847.92,33364.96,2656.569,1221.76953,254.746552
2026-09-04 13:45:00,31214.36,34119.49,2281.655,1234.99121,275.656219
2026-09-04 14:00:00,31214.36,34119.49,2281.655,1234.99121,275.656219
2026-09-04 14:15:00,31932.2051,36066.84,2357.31177,1189.17615,264.8389
2026-09-04 14:30:00,30892.8359,34245.47,2844.00269,1216.835,266.5017
2026-09-04 14:45:00,33230.06,34441.5156,2527.99487,1242.11218,282.81308
2026-09-04 15:00:00,33230.06,34441.5156,2527.99487,1242.11218,282.81308
2026-09-04 15:15:00,32447.91,33958.78,3071.7522,1237.77966,277.796783
2026-09-04 15:30:00,32447.91,33958.78,3071.7522,1237.77966,277.796783
2026-09-04 15:45:00,31869.66,33012.17,3392.177,1232.39331,275.638916
2026-09-04 16:00:00,32870.6445,34286.1367,2748.4563,1223.40564,278.376373
2026-09-04 16:15:00,32027.166,33370.9141,3393.321,1232.18457,275.047974
2026-09-04 16:30:00,32027.166,33370.9141,3393.321,1232.18457,275.047974
2026-09-04 16:45:00,32861.5625,33718.0039,3487.85986,1233.32263,281.637756
2026-09-04 17:00:00,34256.3633,34710.7539,2779.11768,1224.17749,285.2265
2026-09-04 17:15:00,33196.1445,33826.13,3427.5752,1223.02087,277.4845
2026-09-04 17:30:00,32610.36,33390.4922,3760.95947,1245.80237,266.154327
2026-09-04 17:45:00,34721.543,34337.6836,3333.038,1250.06189,279.365479
2026-09-04 18:00:00,34721.543,34337.6836,3333.038,1250.06189,279.365479
2026-09-04 18:15:00,35238.625,34733.6953,2963.1438,1246.6438,278.6639
2026-09-04 18:30:00,35238.625,34733.6953,2963.1438,1246.6438,278.6639
2026-09-04 18:45:00,33933.4063,34352.15,3724.21558,1239.22388,267.0876
2026-09-04 19:00:00,34399.0352,35339.96,3152.59229,1221.667,265.511322
2026-09-04 19:15:00,34399.0352,35339.96,3152.59229,1221.667,265.511322
2026-09-04 19:30:00,34055.6172,34297.293,3266.33618,1247.40271,265.038971
2026-09-04 19:45:00,33022.5547,34239.1523,4084.925,1224.51563,263.2231
2026-09-04 20:00:00,33022.5547,34239.1523,4084.925,1224.51563,263.2231
2026-09-04 20:15:00,33596.9453,34322.7148,3080.00244,1246.554,261.4387
2026-09-04 20:30:00,32223.33,34492.8164,3685.44849,1214.515,249.879364
2026-09-04 20:45:00,32223.33,34492.8164,3685.44849,1214.515,249.879364
2026-09-04 21:00:00,34496.1367,34713.99,2777.72437,1241.88293,275.9098
2026-09-04 21:15:00,32631.8184,34343.8633,3538.94556,1224.63916,262.274353
2026-09-04 21:30:00,32631.8184,34343.8633,3538.94556,1224.63916,262.274353
2026-09-04 21:45:00,34843.2148,35313.55,2737.75854,1230.9176,265.7207
2026-09-04 22:00:00,35308.9141,34706.0469,2712.61646,1249.36816,266.061035
2026-09-04 22:15:00,35308.9141,34706.0469,2712.61646,1249.36816,266.061035
2026-09-04 22:30:00,34000.1445,34856.1563,3037.063,1228.261,258.864655
2026-09-04 22:45:00,34979.918,34674.3164,2486.433,1241.41577,263.307556
2026-09-04 23:00:00,34979.918,34674.3164,2486.433,1241.41577,263.307556
2026-09-04 23:15:00,34308.1328,34524.37,2697.50684,1238.0769,253.303329
2026-09-04 23:30:00,33951.6367,34233.5469,2650.90747,1235.17126,262.534
2026-09-04 23:45:00,33951.6367,34233.5469,2650.90747,1235.17126,262.534
2026-09-05 00:00:00,31732.4082,31204.67,2790.93164,1287.55615,245.683929
2026-09-05 00:15:00,32896.4258,31476.0625,2677.90674,1300.3241,246.367981
2026-09-05 00:30:00,32896.4258,31476.0625,2677.90674,1300.3241,246.367981
2026-09-05 00:45:00,33610.47,32248.6035,2724.571,1281.84058,247.621368
2026-09-05 01:00:00,33475.1328,31795.78,2850.66016,1297.72913,243.367569
2026-09-05 01:15:00,33475.1328,31795.78,2850.66016,1297.72913,243.367569
2026-09-05 01:30:00,28962.09,32180.4336,4066.32227,1218.75073,220.575363
2026-09-05 01:45:00,31230.2363,32558.7734,2676.01465,1244.04724,231.84169
2026-09-05 02:00:00,31230.2363,32558.7734,2676.01465,1244.04724,231.84169
2026-09-05 02:15:00,33414.65,32608.1855,2324.27979,1265.82922,250.553238
2026-09-05 02:30:00,32822.12,32453.42,2667.496,1276.49011,252.554
2026-09-05 02:45:00,32822.12,32453.42,2667.496,1276.49011,252.554
2026-09-05 03:00:00,32592.23,32649.6445,2800.59033,1257.28247,248.545868
2026-09-05 03:15:00,32802.3125,33040.1836,3025.84326,1255.215,248.3144
2026-09-05 03:30:00,32802.3125,33040.1836,3025.84326,1255.215,248.3144
2026-09-05 03:45:00,32799.35,33081.1875,3077.77856,1255.771,248.777069
2026-09-05 04:00:00,32513.07,32632.2129,3055.6853,1255.07007,242.601425
2026-09-05 04:15:00,32513.07,32632.2129,3055.6853,1255.07007,242.601425
2026-09-05 04:30:00,31981.6387,31781.8555,3204.542,1265.34387,242.3832
2026-09-05 04:45:00,32389.8418,32436.7617,3310.98145,1256.29858,244.8677
2026-09-05 05:00:00,32389.8418,32436.7617,3310.98145,1256.29858,244.8677
2026-09-05 05:15:00,32883.5234,32534.416,3288.82959,1244.08411,247.2024
2026-09-05 05:30:00,32259.58,32096.4121,3545.22754,1263.15967,237.965454
2026-09-05 05:45:00,32259.58,32096.4121,3545.22754,1263.15967,237.965454
2026-09-05 06:00:00,31897.1328,32231.2285,3509.5896,1264.31873,231.926926
2026-09-05 06:15:00,32207.332,32289.6563,3517.95068,1261.86987,232.39476
2026-09-05 06:30:00,32207.332,32289.6563,3517.95068,1261.86987,232.39476
2026-09-05 06:45:00,32316.9883,31778.2773,3806.514,1259.04846,238.5186
2026-09-05 07:00:00,34004.61,34412.65,3641.03174,1222.119,245.451553
2026-09-05 07:15:00,34004.61,34412.65,3641.03174,1222.119,245.451553
2026-09-05 07:30:00,34054.31,33763.0234,3797.889,1230.448,250.644028
2026-09-05 07:45:00,33399.63,34256.2227,3516.951,1232.76526,254.51181
2026-09-05 08:00:00,33399.63,34256.2227,3516.951,1232.76526,254.51181
2026-09-05 08:15:00,33883.2344,34505.918,3424.541,1226.82,267.262146
2026-09-05 08:30:00,33363.5469,34583.61,3346.13452,1219.61584,275.502655
2026-09-05 08:45:00,33363.5469,34583.61,3346.13452,1219.61584,275.502655
2026-09-05 09:00:00,31981.7422,34477.93,3121.48364,1211.1925,262.343323
2026-09-05 09:15:00,29998.5313,34497.875,3356.99268,1181.2627,242.102509
2026-09-05 09:30:00,29998.5313,34497.875,3356.99268,1181.2627,242.102509
2026-09-05 09:45:00,25601.5586,33355.6523,4027.35962,1162.33435,222.775345
2026-09-05 10:00:00,27247.7246,30964.1387,3493.659,1225.113,234.717163
2026-09-05 10:15:00,27247.7246,30964.1387,3493.659,1225.113,234.717163
2026-09-05 10:30:00,21717.4238,32108.79,3024.269,1162.96863,194.360947
2026-09-05 10:45:00,23427.6289,29102.4688,3029.71167,1251.00854,209.8341
2026-09-05 11:00:00,23427.6289,29102.4688,3029.71167,1251.00854,209.8341
2026-09-05 11:15:00,25615.043,31165.36,2519.11963,1236.44775,223.408752
2026-09-05 11:30:00,25615.043,31165.36,2519.11963,1236.44775,223.408752
2026-09-05 11:45:00,27243.5566,30857.0117,2551.42871,1260.04688,235.567749
2026-09-05 12:00:00,26751.209,30356.4043,2866.05249,1263.83057,236.616837
2026-09-05 12:15:00,27324.5625,30020.2246,2851.3103,1291.87488,241.67511
2026-09-05 12:30:00,27324.5625,30020.2246,2851.3103,1291.87488,241.67511
2026-09-05 12:45:00,30558.6523,31530.18,2654.45654,1283.53723,272.772278
2026-09-05 13:00:00,30280.8672,30449.7383,2830.82813,1306.41052,259.4813
2026-09-05 13:15:00,30280.8672,30449.7383,2830.82813,1306.41052,259.4813
2026-09-05 13:30:00,29427.6816,28689.0332,2597.63623,1348.52454,255.578415
2026-09-05 13:45:00,32355.6719,30025.6152,2583.82959,1336.93372,279.808655
2026-09-05 14:00:00,32355.6719,30025.6152,2583.82959,1336.93372,279.808655
2026-09-05 14:15:00,33301.89,29891.4922,2500.907,1355.67053,288.893127
2026-09-05 14:30:00,33301.89,29891.4922,2500.907,1355.67053,288.893127
2026-09-05 14:45:00,34515.4023,30820.93,2471.89478,1343.17444,303.442627
2026-09-05 15:00:00,31920.12,28060.97,2353.82031,1400.299,287.905182
2026-09-05 15:15:00,31920.12,28060.97,2353.82031,1400.299,287.905182
2026-09-05 15:30:00,33172.8633,28118.2578,2365.459,1389.88892,295.9158
2026-09-05 15:45:00,33821.9141,28517.291,2370.22021,1382.36389,301.797974
2026-09-05 16:00:00,33821.9141,28517.291,2370.22021,1382.36389,301.797974
2026-09-05 16:15:00,33650.32,28510.37,2495.22314,1380.72974,305.5278
2026-09-05 16:30:00,33471.1445,27960.8633,2520.527,1389.95911,317.627838
2026-09-05 16:45:00,33471.1445,27960.8633,2520.527,1389.95911,317.627838
2026-09-05 17:00:00,33338.8828,28029.5859,2533.25171,1397.6615,311.513458
2026-09-05 17:15:00,30735.9824,26386.3867,2181.613,1414.10144,341.0571
2026-09-05 17:30:00,30735.9824,26386.3867,2181.613,1414.10144,341.0571
2026-09-05 17:45:00,31555.7734,28473.5547,1802.22815,1352.56885,304.56958
2026-09-05 18:00:00,29611.9453,28082.1074,1868.66956,1354.62329,298.273926
2026-09-05 18:15:00,29611.9453,28082.1074,1868.66956,1354.62329,298.273926
2026-09-05 18:30:00,29919.89,28295.4336,1888.15613,1354.94739,314.7051
2026-09-05 18:45:00,33045.79,32305.1973,1674.175,1290.79211,342.638336
2026-09-05 19:00:00,33045.79,32305.1973,1674.175,1290.79211,342.638336
2026-09-05 19:15:00,32990.4063,32167.6211,1975.3009,1288.05029,342.902344
2026-09-05 19:30:00,32605.1953,31940.5352,2015.46155,1297.902,339.954742
2026-09-05 19:45:00,32605.1953,31940.5352,2015.46155,1297.902,339.954742
2026-09-05 20:00:00,33322.84,31703.53,2029.103,1309.55981,348.3203
2026-09-05 20:15:00,34230.8672,32460.5723,2038.69226,1309.59412,346.1491
2026-09-05 20:30:00,34230.8672,32460.5723,2038.69226,1309.59412,346.1491
2026-09-05 20:45:00,35937.84,33260.12,2003.76672,1307.61951,342.940918
2026-09-05 21:00:00,35695.12,33645.2969,1918.4469,1290.93835,361.2455
2026-09-05 21:15:00,35695.12,33645.2969,1918.4469,1290.93835,361.2455
2026-09-05 21:30:00,34737.6172,33904.375,2504.981,1263.87952,341.756958
2026-09-05 21:45:00,33962.1367,32070.7,2482.5083,1298.87537,319.8625
2026-09-05 22:00:00,33962.1367,32070.7,2482.5083,1298.87537,319.8625
2026-09-05 22:15:00,35094.36,33544.02,2539.59277,1282.324,302.74585
2026-09-05 22:30:00,34350.207,32362.7188,2737.53467,1284.778,296.017639
2026-09-05 22:45:00,34350.207,32362.7188,2737.53467,1284.778,296.017639
2026-09-05 23:00:00,34674.6523,32956.3477,2674.63135,1288.64648,294.704681
2026-09-05 23:15:00,35042.332,33020.1367,2706.622,1281.49255,289.068146
2026-09-05 23:30:00,35042.332,33020.1367,2706.622,1281.49255,289.068146
2026-09-05 23:45:00,34412.2734,32661.6543,2910.71582,1279.37891,278.29184
2026-09-06 00:00:00,35095.9727,33059.63,2684.87427,1280.94214,272.325836
2026-09-06 00:15:00,35095.9727,33059.63,2684.87427,1280.94214,272.325836
2026-09-06 00:30:00,35519.82,33571.2031,2873.98218,1274.51123,270.95343
2026-09-06 00:45:00,35815.56,33838.79,2665.013,1269.63953,267.036133
2026-09-06 01:00:00,35815.56,33838.79,2665.013,1269.63953,267.036133
2026-09-06 01:15:00,33522.2422,33934.2539,3066.557,1233.4447,254.8474
2026-09-06 01:30:00,33389.01,33276.39,2887.64966,1247.83362,249.894547
2026-09-06 01:45:00,33389.01,33276.39,2887.64966,1247.83362,249.894547
2026-09-06 02:00:00,33466.8828,33464.2539,3542.78735,1250.39783,251.713974
2026-09-06 02:15:00,33595.7734,32829.18,3610.33081,1249.92578,254.507309
2026-09-06 02:30:00,33595.7734,32829.18,3610.33081,1249.92578,254.507309
2026-09-06 02:45:00,33610.8867,33109.82,3745.55542,1251.08423,250.269226
2026-09-06 03:00:00,34202.5039,32947.5859,3727.751,1250.82227,257.128723
2026-09-06 03:15:00,34202.5039,32947.5859,3727.751,1250.82227,257.128723
2026-09-06 03:30:00,34293.0547,33332.4922,3796.1687,1250.03137,260.2627
2026-09-06 03:45:00,33730.2773,33159.81,4066.428,1241.57434,261.364441
2026-09-06 04:00:00,33730.2773,33159.81,4066.428,1241.57434,261.364441
2026-09-06 04:15:00,33578.6953,33046.8555,3975.11255,1242.038,265.110229
2026-09-06 04:30:00,33554.8164,33167.3867,3937.34717,1225.79858,267.044
2026-09-06 04:45:00,33554.8164,33167.3867,3937.34717,1225.79858,267.044
2026-09-06 05:00:00,33877.8125,32539.7012,4223.41943,1233.8313,266.316833
2026-09-06 05:15:00,32808.89,31614.0684,4251.1665,1267.325,258.7163
2026-09-06 05:30:00,32808.89,31614.0684,4251.1665,1267.325,258.7163
2026-09-06 05:45:00,33281.58,32589.4863,4297.8833,1240.61707,258.286
2026-09-06 06:00:00,33620.7031,32252.3613,4353.2334,1245.55627,255.615555
2026-09-06 06:15:00,33620.7031,32252.3613,4353.2334,1245.55627,255.615555
2026-09-06 06:30:00,33832.98,32331.7461,4502.8623,1252.0553,256.929535
2026-09-06 06:45:00,34205.7656,32449.3633,4042.319,1253.46118,254.354462
2026-09-06 07:00:00,34205.7656,32449.3633,4042.319,1253.46118,254.354462
2026-09-06 07:15:00,34860.31,33066.95,4359.737,1252.60535,255.996246
2026-09-06 07:30:00,34226.52,32818.0859,4235.489,1248.18579,248.4264
2026-09-06 07:45:00,34226.52,32818.0859,4235.489,1248.18579,248.4264
2026-09-06 08:00:00,34266.6641,32612.502,4719.533,1247.17224,255.198257
2026-09-06 08:15:00,34425.3555,32694.3555,4601.188,1247.36353,252.98
2026-09-06 08:30:00,34425.3555,32694.3555,4601.188,1247.36353,252.98
2026-09-06 08:45:00,32106.3984,33028.2344,4363.09375,1227.87048,245.036118
2026-09-06 09:00:00,32436.8359,31214.2363,4558.072,1275.11194,256.548584
2026-09-06 09:15:00,32436.8359,31214.2363,4558.072,1275.11194,256.548584
2026-09-06 09:30:00,32336.19,31335.38,4593.706,1258.28516,259.251556
2026-09-06 09:45:00,32336.19,31335.38,4593.706,1258.28516,259.251556
2026-09-06 10:00:00,32542.7246,31436.8477,4213.55,1260.10974,261.057556
2026-09-06 10:15:00,32700.8555,31586.666,4340.682,1249.3197,264.417755
2026-09-06 10:30:00,32700.8555,31586.666,4340.682,1249.3197,264.417755
2026-09-06 10:45:00,32316.7871,31409.125,4186.024,1264.81018,264.121429
2026-09-06 11:00:00,31802.4668,31310.13,3975.69849,1255.35291,252.060944
2026-09-06 11:15:00,31802.4668,31310.13,3975.69849,1255.35291,252.060944
2026-09-06 11:30:00,30998.27,30137.82,4760.4873,1280.0708,255.3177
2026-09-06 11:45:00,32303.54,31294.28,4014.23438,1268.79,260.3634
2026-09-06 12:00:00,32303.54,31294.28,4014.23438,1268.79,260.3634
2026-09-06 12:15:00,31722.6914,32149.957,4026.974,1242.47046,255.274521
2026-09-06 12:30:00,31656.49,30783.5566,4306.01758,1272.38745,262.251984
2026-09-06 12:45:00,31656.49,30783.5566,4306.01758,1272.38745,262.251984
2026-09-06 13:00:00,31816.9785,31092.0645,4426.869,1270.84265,267.823029
2026-09-06 13:15:00,31046.0371,31232.3164,4321.788,1246.3324,270.010254
2026-09-06 13:30:00,31046.0371,31232.3164,4321.788,1246.3324,270.010254
2026-09-06 13:45:00,30321.4063,30817.04,4751.51953,1259.45825,272.6198
2026-09-06 14:00:00,29057.4668,30419.2969,5563.74854,1247.51428,258.1761
2026-09-06 14:15:00,29057.4668,30419.2969,5563.74854,1247.51428,258.1761
2026-09-06 14:30:00,28612.7188,30359.8926,5388.97559,1256.63147,245.5371
2026-09-06 14:45:00,31390.252,32068.7227,4863.24365,1251.9458,265.656342
2026-09-06 15:00:00,32564.0273,32272.627,4892.90527,1251.36841,272.24054
2026-09-06 15:15:00,32318.7559,32001.4,5073.27734,1252.57153,267.0648
2026-09-06 15:30:00,33209.5625,32135.08,4803.09668,1262.5437,272.63623
2026-09-06 15:45:00,33209.5625,32135.08,4803.09668,1262.5437,272.63623
2026-09-06 16:00:00,32597.87,31305.8887,5356.89844,1265.008,260.690826
2026-09-06 16:15:00,34729.3047,32138.8066,4417.219,1282.85437,274.065765
2026-09-06 16:30:00,35013.1523,31954.3262,4755.724,1287.66638,269.384277
2026-09-06 16:45:00,35013.1523,31954.3262,4755.724,1287.66638,269.384277
2026-09-06 17:00:00,34543.88,31356.0234,4375.389,1296.93127,269.414276
2026-09-06 17:15:00,34543.88,31356.0234,4375.389,1296.93127,269.414276
2026-09-06 17:30:00,33147.07,31294.6074,4096.502,1285.15637,256.937164
2026-09-06 17:45:00,32982.55,30884.1426,4151.292,1285.52563,250.420227
2026-09-06 18:00:00,32982.55,30884.1426,4151.292,1285.52563,250.420227
2026-09-06 18:15:00,33312.543,30550.125,4232.3,1302.47522,250.365646
2026-09-06 18:30:00,33229.8438,30713.7676,3885.588,1305.47485,251.199265
2026-09-06 18:45:00,33229.8438,30713.7676,3885.588,1305.47485,251.199265
2026-09-06 19:00:00,34872.29,31830.0957,3611.89063,1292.57532,251.596741
2026-09-06 19:15:00,34600.3477,31094.0469,3878.00684,1307.35986,249.783142
2026-09-06 19:30:00,34600.3477,31094.0469,3878.00684,1307.35986,249.783142
2026-09-06 19:45:00,34349.2969,30961.1367,4375.049,1304.88232,245.601151
2026-09-06 20:00:00,33620.5039,30712.0371,4808.216,1292.81128,242.8945
2026-09-06 20:15:00,33620.5039,30712.0371,4808.216,1292.81128,242.8945
2026-09-06 20:30:00,34612.7734,31398.7441,4335.85742,1305.9447,242.617279
2026-09-06 20:45:00,34965.707,31657.5254,4314.26367,1291.32764,246.736511
2026-09-06 21:00:00,34965.707,31657.5254,4314.26367,1291.32764,246.736511
2026-09-06 21:15:00,34391.1523,30776.9316,4237.33,1302.24084,245.868378
2026-09-06 21:30:00,32929.26,30688.082,4537.66064,1292.40662,240.69426
2026-09-06 21:45:00,32929.26,30688.082,4537.66064,1292.40662,240.69426
2026-09-06 22:00:00,34144.9766,30679.377,4740.098,1308.5332,245.4484
2026-09-06 22:15:00,34471.3477,30982.5313,3981.6958,1305.56543,248.771515
2026-09-06 22:30:00,34471.3477,30982.5313,3981.6958,1305.56543,248.771515
2026-09-06 22:45:00,34427.88,31977.2539,4308.93164,1274.80554,239.268448
2026-09-06 23:00:00,31180.8652,30060.4238,5358.804,1277.53748,231.033737
2026-09-06 23:15:00,31180.8652,30060.4238,5358.804,1277.53748,231.033737
2026-09-06 23:30:00,30968.5859,28706.55,4391.668,1334.696,228.7708
2026-09-06 23:45:00,30591.7,28005.0273,4296.5293,1334.07874,225.778976
2026-09-07 00:00:00,30591.7,28005.0273,4296.5293,1334.07874,225.778976
2026-09-07 00:15:00,34167.8359,30962.9727,3396.0957,1294.34473,241.8219
2026-09-07 00:30:00,31214.8555,30860.2559,3392.36572,1277.40466,217.062485
2026-09-07 00:45:00,31214.8555,30860.2559,3392.36572,1277.40466,217.062485
2026-09-07 01:00:00,33276.3047,30098.6426,3637.51855,1296.16418,240.199844
2026-09-07 01:15:00,31950.0684,29384.99,4482.70752,1296.34363,233.025269
2026-09-07 01:30:00,31950.0684,29384.99,4482.70752,1296.34363,233.025269
2026-09-07 01:45:00,33336.625,30110.17,3929.95581,1308.58508,237.382553
2026-09-07 02:00:00,33890.4844,30711.4414,3760.964,1289.20374,240.3684
2026-09-07 02:15:00,33890.4844,30711.4414,3760.964,1289.20374,240.3684
2026-09-07 02:30:00,32568.1523,29676.9727,3921.719,1318.85608,230.470047
2026-09-07 02:45:00,32568.1523,29676.9727,3921.719,1318.85608,230.470047
2026-09-07 03:00:00,34934.0938,31258.2383,3434.81958,1299.3064,235.2373
2026-09-07 03:15:00,34284.9336,31017.77,3557.975,1294.95288,226.182831
2026-09-07 03:30:00,35980.98,31545.0938,3291.44116,1323.27917,222.911911
2026-09-07 03:45:00,35980.98,31545.0938,3291.44116,1323.27917,222.911911
2026-09-07 04:00:00,35612.77,31816.4766,3623.51318,1292.49158,216.725433
2026-09-07 04:15:00,37124.9063,32686.7148,3165.42065,1297.99023,212.142319
2026-09-07 04:30:00,37124.9063,32686.7148,3165.42065,1297.99023,212.142319
2026-09-07 04:45:00,36758.32,32533.418,3427.641,1293.564,208.1442
2026-09-07 05:00:00,36984.5859,32939.2539,3706.94482,1285.442,198.500244
2026-09-07 05:15:00,36984.5859,32939.2539,3706.94482,1285.442,198.500244
2026-09-07 05:30:00,36659.74,32193.6465,3665.90649,1296.95178,197.424652
2026-09-07 05:45:00,36659.74,32193.6465,3665.90649,1296.95178,197.424652
2026-09-07 06:00:00,33976.7266,31298.9668,4653.77637,1267.22546,192.500015
2026-09-07 06:15:00,35317.43,31685.4863,3929.473,1288.44873,187.974152
2026-09-07 06:30:00,35317.43,31685.4863,3929.473,1288.44873,187.974152
2026-09-07 06:45:00,35863.09,31735.7969,3632.39673,1295.02539,186.341568
2026-09-07 07:00:00,35932.74,31220.0566,3578.88379,1302.10645,178.732
2026-09-07 07:15:00,36580.6758,31998.209,3299.53,1303.1543,174.999191
2026-09-07 07:30:00,36580.6758,31998.209,3299.53,1303.1543,174.999191
2026-09-07 07:45:00,36993.1875,31956.6777,3271.1062,1297.64148,178.20578
2026-09-07 08:00:00,36993.1875,31956.6777,3271.1062,1297.64148,178.20578
2026-09-07 08:15:00,35725.23,32085.1563,3516.5022,1283.48621,168.802277
2026-09-07 08:30:00,36633.2,31326.4961,3548.675,1318.17712,170.951019
2026-09-07 08:45:00,36633.2,31326.4961,3548.675,1318.17712,170.951019
2026-09-07 09:00:00,36571.09,32200.9414,3575.99268,1296.626,174.462265
2026-09-07 09:15:00,36060.1523,31854.8125,3787.47754,1290.12122,177.2207
2026-09-07 09:30:00,36060.1523,31854.8125,3787.47754,1290.12122,177.2207
2026-09-07 09:45:00,37070.28,32599.9473,3866.70923,1285.98157,183.132263
2026-09-07 10:00:00,36683.5039,32362.3945,3530.34521,1282.82324,182.4168
2026-09-07 10:15:00,36683.5039,32362.3945,3530.34521,1282.82324,182.4168
2026-09-07 10:30:00,35859.37,32768.77,3796.13257,1269.13062,176.133987
2026-09-07 10:45:00,35644.58,32127.6152,4060.634,1286.89929,177.7463
2026-09-07 11:00:00,35644.58,32127.6152,4060.634,1286.89929,177.7463
2026-09-07 11:15:00,37137.51,32761.62,3919.43262,1286.91968,178.010117
2026-09-07 11:30:00,36588.6,31558.05,4923.75928,1300.02161,184.5704
2026-09-07 11:45:00,36758.83,31669.9,5302.232,1301.09155,181.137375
2026-09-07 12:00:00,36758.83,31669.9,5302.232,1301.09155,181.137375
2026-09-07 12:15:00,36758.83,31669.9,5302.232,1301.09155,181.137375
2026-09-07 12:30:00,36758.83,31669.9,5302.232,1301.09155,181.137375
2026-09-07 12:45:00,36278.125,32451.8984,4781.211,1286.47388,179.160873
2026-09-07 13:00:00,36278.125,32451.8984,4781.211,1286.47388,179.160873
2026-09-07 13:15:00,36982.3828,32628.0215,4475.41943,1276.72681,182.361557
2026-09-07 13:30:00,36982.3828,32628.0215,4475.41943,1276.72681,182.361557
2026-09-07 13:45:00,37068.5,32824.4766,4096.2085,1268.33643,180.016357
2026-09-07 14:00:00,35892.3438,31539.957,4744.37842,1290.26868,178.6257
2026-09-07 14:15:00,36558.21,32095.5215,4455.53955,1288.779,181.712814
2026-09-07 14:30:00,36558.21,32095.5215,4455.53955,1288.779,181.712814
2026-09-07 14:45:00,36740.2734,32493.9453,4283.53125,1278.93372,181.331635
2026-09-07 15:00:00,36740.2734,32493.9453,4283.53125,1278.93372,181.331635
2026-09-07 15:15:00,37045.58,32473.5059,4163.74,1286.07813,175.749634
2026-09-07 15:30:00,36556.5273,32161.4941,4191.3,1298.89526,171.633331
2026-09-07 15:45:00,36556.5273,32161.4941,4191.3,1298.89526,171.633331
2026-09-07 16:00:00,36888.13,32305.4727,4181.16553,1303.00232,172.672073
2026-09-07 16:15:00,37217.02,32733.6973,3774.17773,1291.56873,171.8501
2026-09-07 16:30:00,37217.02,32733.6973,3774.17773,1291.56873,171.8501
2026-09-07 16:45:00,37014.73,32902.64,3776.6958,1283.50879,173.810989
2026-09-07 17:00:00,37331.168,32727.2578,3807.67139,1290.53564,171.448685
2026-09-07 17:15:00,37331.168,32727.2578,3807.67139,1290.53564,171.448685
2026-09-07 17:30:00,37452.3672,32686.8184,3762.87036,1303.93262,176.947983
2026-09-07 17:45:00,37572.29,32410.791,3557.13062,1309.00562,175.526138
2026-09-07 18:00:00,37572.29,32410.791,3557.13062,1309.00562,175.526138
2026-09-07 18:15:00,37807.13,32959.875,3547.01221,1292.4491,176.924728
2026-09-07 18:30:00,37656.1523,32307.3086,3711.349,1315.00427,179.051254
2026-09-07 18:45:00,37656.1523,32307.3086,3711.349,1315.00427,179.051254
2026-09-07 19:00:00,37590.3438,32996.66,3424.39429,1299.80225,177.990646
2026-09-07 19:15:00,37820.5547,32703.36,3573.79443,1296.5094,179.775253
2026-09-07 19:30:00,37820.5547,32703.36,3573.79443,1296.5094,179.775253
2026-09-07 19:45:00,37532.94,32618.4336,3399.43066,1291.87622,175.291519
2026-09-07 20:00:00,37193.3359,31913.1582,3417.68677,1298.56042,173.298889
2026-09-07 20:15:00,37193.3359,31913.1582,3417.68677,1298.56042,173.298889
2026-09-07 20:30:00,36942.4922,31949.6738,3758.68286,1302.13086,171.251816
2026-09-07 20:45:00,36087.4141,31146.31,3932.02271,1306.25024,171.233688
2026-09-07 21:00:00,36087.4141,31146.31,3932.02271,1306.25024,171.233688
2026-09-07 21:15:00,37131.8242,32588.4785,3522.61353,1297.04089,174.298737
2026-09-07 21:30:00,36598.3047,31832.35,3827.70117,1306.9115,170.59758
2026-09-07 21:45:00,36598.3047,31832.35,3827.70117,1306.9115,170.59758
2026-09-07 22:00:00,36395.06,32749.2031,3800.5603,1285.31909,169.716614
2026-09-07 22:15:00,36055.15,32332.332,3792.07739,1288.815,168.596725
2026-09-07 22:30:00,36055.15,32332.332,3792.07739,1288.815,168.596725
2026-09-07 22:45:00,35888.207,31420.9668,4068.93164,1303.58069,168.963577
2026-09-07 23:00:00,35930.6445,33080.9,3708.68774,1279.35437,167.436218
2026-09-07 23:15:00,35930.6445,33080.9,3708.68774,1279.35437,167.436218
2026-09-07 23:30:00,36696.3438,33085.8242,3506.332,1279.21509,168.56662
2026-09-07 23:45:00,36293.9727,33080.625,3461.6853,1277.41223,169.691132
2026-09-08 00:00:00,36293.9727,33080.625,3461.6853,1277.41223,169.691132
2026-09-08 00:15:00,36146.9453,32824.2969,3505.26733,1291.6554,170.949631
2026-09-08 00:30:00,35769.8047,33102.47,3509.37964,1268.49731,166.911652
2026-09-08 00:45:00,35769.8047,33102.47,3509.37964,1268.49731,166.911652
2026-09-08 01:00:00,36055.2031,33195.06,3181.34155,1270.39343,167.0089
2026-09-08 01:15:00,35974.9453,32629.041,3197.22461,1279.5603,166.434753
2026-09-08 01:30:00,35974.9453,32629.041,3197.22461,1279.5603,166.434753
2026-09-08 01:45:00,36383.03,32592.1641,3155.27051,1290.76257,166.241669
2026-09-08 02:00:00,36078.6367,32951.18,2927.1355,1269.26563,162.204071
2026-09-08 02:15:00,36078.6367,32951.18,2927.1355,1269.26563,162.204071
2026-09-08 02:30:00,36654.9,33143.6328,2792.788,1288.64355,161.957016
2026-09-08 02:45:00,37019.7227,33238.3555,2729.20581,1281.80566,166.188629
2026-09-08 03:00:00,37019.7227,33238.3555,2729.20581,1281.80566,166.188629
2026-09-08 03:15:00,36790.0664,32988.8633,2882.35767,1279.21094,165.399445
2026-09-08 03:30:00,37006.23,33194.73,2932.63428,1285.576,162.6349
2026-09-08 03:45:00,37006.23,33194.73,2932.63428,1285.576,162.6349
2026-09-08 04:00:00,36720.67,32507.1484,3186.00952,1288.02063,160.523514
2026-09-08 04:15:00,36941.5469,32710.998,3359.963,1289.46057,168.643814
2026-09-08 04:30:00,36941.5469,32710.998,3359.963,1289.46057,168.643814
2026-09-08 04:45:00,37198.69,33261.55,3509.43726,1281.43286,168.546371
2026-09-08 05:00:00,37010.27,33118.41,3943.013,1282.12341,167.8651
2026-09-08 05:15:00,37010.27,33118.41,3943.013,1282.12341,167.8651
2026-09-08 05:30:00,35878.4141,32716.2617,4279.47559,1262.96326,166.767166
2026-09-08 05:45:00,35938.64,32303.7539,4397.03857,1275.17871,166.315247
2026-09-08 06:00:00,35938.64,32303.7539,4397.03857,1275.17871,166.315247
2026-09-08 06:15:00,35672.3438,32883.6836,4584.646,1248.27686,167.109314
2026-09-08 06:30:00,35672.3438,32883.6836,4584.646,1248.27686,167.109314
2026-09-08 06:45:00,34493.01,31983.9941,5158.17529,1251.76733,163.992981
2026-09-08 07:00:00,34795.28,31604.3516,5158.455,1274.59558,168.610779
2026-09-08 07:15:00,35072.8945,31414.123,4860.67529,1286.43982,166.677933
2026-09-08 07:30:00,35072.8945,31414.123,4860.67529,1286.43982,166.677933
2026-09-08 07:45:00,34799.9648,31956.15,5131.54541,1261.87537,166.1212
2026-09-08 08:00:00,35148.8438,31984.6035,4988.95264,1265.3468,162.682785
2026-09-08 08:15:00,35148.8438,31984.6035,4988.95264,1265.3468,162.682785
2026-09-08 08:30:00,33595.0078,30978.5371,5050.242,1259.03552,158.032227
2026-09-08 08:45:00,33670.23,30543.7363,5240.785,1269.86487,160.530121
2026-09-08 09:00:00,33670.23,30543.7363,5240.785,1269.86487,160.530121
2026-09-08 09:15:00,33213.41,30441.7324,5549.63232,1273.77551,158.2138
2026-09-08 09:30:00,33213.41,30441.7324,5549.63232,1273.77551,158.2138
2026-09-08 09:45:00,33128.96,30058.6348,5164.405,1287.35291,157.862259
2026-09-08 10:00:00,32560.5176,30039.502,5201.707,1277.20728,157.026337
2026-09-08 10:15:00,32560.5176,30039.502,5201.707,1277.20728,157.026337
2026-09-08 10:30:00,33013.168,30712.6211,4951.963,1259.837,155.7247
2026-09-08 10:45:00,33083.2539,30116.49,5036.72656,1286.6106,158.269455
2026-09-08 11:00:00,33083.2539,30116.49,5036.72656,1286.6106,158.269455
2026-09-08 11:15:00,32230.0078,31250.2617,4930.26172,1259.17236,159.891174
2026-09-08 11:30:00,31807.1582,28731.4141,5261.4126,1315.88684,163.812668
2026-09-08 11:45:00,31807.1582,28731.4141,5261.4126,1315.88684,163.812668
2026-09-08 12:00:00,29002.0313,29081.5039,5759.662,1257.36157,156.3069
2026-09-08 12:15:00,31079.3457,29694.1934,4796.18,1270.81824,159.716782
2026-09-08 12:30:00,31079.3457,29694.1934,4796.18,1270.81824,159.716782
2026-09-08 12:45:00,30691.0742,29145.7129,4687.814,1298.61047,159.10524
2026-09-08 13:00:00,31238.3867,29949.38,4594.76953,1286.21826,153.674484
2026-09-08 13:15:00,31238.3867,29949.38,4594.76953,1286.21826,153.674484
2026-09-08 13:30:00,32269.418,29540.65,4687.46973,1319.60547,161.234192
2026-09-08 13:45:00,33571.43,30623.4375,4269.34473,1294.95422,159.564026
2026-09-08 14:00:00,33571.43,30623.4375,4269.34473,1294.95422,159.564026
2026-09-08 14:15:00,33023.14,29789.4219,5291.87256,1297.6499,159.383072
2026-09-08 14:30:00,34469.26,30459.1621,4801.30664,1300.34631,159.442551
2026-09-08 14:45:00,34469.26,30459.1621,4801.30664,1300.34631,159.442551
2026-09-08 15:00:00,33323.85,30178.5527,5271.72266,1273.99072,154.703766
2026-09-08 15:15:00,32301.4023,28485.041,5745.198,1316.54028,153.680679
2026-09-08 15:30:00,32301.4023,28485.041,5745.198,1316.54028,153.680679
2026-09-08 15:45:00,32114.13,28598.8086,5731.83447,1301.77576,150.883423
2026-09-08 16:00:00,32267.9668,27939.4336,5325.46826,1328.98987,153.886765
2026-09-08 16:15:00,32267.9668,27939.4336,5325.46826,1328.98987,153.886765
2026-09-08 16:30:00,32147.9414,28476.3867,5181.454,1310.2478,150.7671
2026-09-08 16:45:00,32627.1523,29160.1563,5533.13574,1290.92249,152.332535
2026-09-08 17:00:00,30759.5684,26860.5488,5282.181,1349.37463,152.335083
2026-09-08 17:15:00,32500.2246,28236.2871,4848.96143,1325.52783,156.051
2026-09-08 17:30:00,30928.3516,27018.6523,5624.148,1319.72107,154.135452
2026-09-08 17:45:00,30928.3516,27018.6523,5624.148,1319.72107,154.135452
2026-09-08 18:00:00,31235.84,27528.7188,4843.452,1330.19482,155.3468
2026-09-08 18:15:00,32528.8047,27590.7188,4520.92,1365.37708,157.622925
2026-09-08 18:30:00,32528.8047,27590.7188,4520.92,1365.37708,157.622925
2026-09-08 18:45:00,32425.67,27738.2051,4670.56,1358.54578,158.105637
2026-09-08 19:00:00,32334.5918,27887.9355,4692.94971,1357.91956,162.361908
2026-09-08 19:15:00,32334.5918,27887.9355,4692.94971,1357.91956,162.361908
2026-09-08 19:30:00,33971.7031,29329.6816,4735.4043,1335.91174,162.135422
2026-09-08 19:45:00,34924.0,30527.9746,4644.84668,1310.72571,163.115417
2026-09-08 20:00:00,34924.0,30527.9746,4644.84668,1310.72571,163.115417
2026-09-08 20:15:00,34369.52,29900.6816,4965.78271,1327.87134,164.490234
2026-09-08 20:30:00,37940.24,32971.6836,4825.83154,1282.56909,172.592285
2026-09-08 20:45:00,37940.24,32971.6836,4825.83154,1282.56909,172.592285
2026-09-08 21:00:00,36098.4531,33242.2422,4748.143,1251.97913,167.856476
2026-09-08 21:15:00,35033.66,32777.6328,5285.149,1241.09644,164.11882
2026-09-08 21:30:00,35033.66,32777.6328,5285.149,1241.09644,164.11882
2026-09-08 21:45:00,37118.1,34412.3633,4552.032,1229.82153,173.535522
2026-09-08 22:00:00,36520.457,33421.7461,5320.17,1249.58887,174.271759
2026-09-08 22:15:00,36520.457,33421.7461,5320.17,1249.58887,174.271759
2026-09-08 22:30:00,37415.38,33470.8477,5046.02734,1278.32837,180.874741
2026-09-08 22:45:00,38194.5859,33830.8633,4581.94629,1277.8562,186.906784
2026-09-08 23:00:00,38194.5859,33830.8633,4581.94629,1277.8562,186.906784
2026-09-08 23:15:00,39204.0469,34792.9766,4300.13672,1276.24573,185.076355
2026-09-08 23:30:00,38735.94,34897.36,4572.39551,1255.92834,182.389023
2026-09-08 23:45:00,38735.94,34897.36,4572.39551,1255.92834,182.389023
2026-09-09 00:00:00,38088.6367,34433.02,4813.131,1263.87354,179.34877
2026-09-09 00:15:00,38679.2227,34603.24,4589.15625,1258.25842,179.7221
2026-09-09 00:30:00,38679.2227,34603.24,4589.15625,1258.25842,179.7221
2026-09-09 00:45:00,37147.1367,34468.7227,5071.736,1248.12024,169.507065
2026-09-09 01:00:00,36609.3125,34025.8555,5468.105,1246.02234,166.325943
2026-09-09 01:15:00,36609.3125,34025.8555,5468.105,1246.02234,166.325943
2026-09-09 01:30:00,36506.9336,33828.88,4727.703,1256.77869,163.112442
2026-09-09 01:45:00,35551.3359,33303.0938,4952.419,1251.25928,159.876022
2026-09-09 02:00:00,35551.3359,33303.0938,4952.419,1251.25928,159.876022
2026-09-09 02:15:00,35767.4844,32430.4941,4928.90527,1275.538,160.467087
2026-09-09 02:30:00,35279.8672,32726.6563,5001.87842,1247.50525,158.2451
2026-09-09 02:45:00,35279.8672,32726.6563,5001.87842,1247.50525,158.2451
2026-09-09 03:00:00,35279.8672,32726.6563,5001.87842,1247.50525,158.2451
2026-09-09 03:15:00,35279.8672,32726.6563,5001.87842,1247.50525,158.2451
2026-09-09 03:30:00,35279.8672,32726.6563,5001.87842,1247.50525,158.2451
2026-09-09 03:45:00,35279.8672,32726.6563,5001.87842,1247.50525,158.2451
2026-09-09 04:00:00,35279.8672,32726.6563,5001.87842,1247.50525,158.2451
2026-09-09 04:15:00,35279.8672,32726.6563,5001.87842,1247.50525,158.2451
2026-09-09 04:30:00,35279.8672,32726.6563,5001.87842,1247.50525,158.2451
2026-09-09 04:45:00,35279.8672,32726.6563,5001.87842,1247.50525,158.2451
2026-09-09 05:00:00,35279.8672,32726.6563,5001.87842,1247.50525,158.2451
2026-09-09 05:15:00,35279.8672,32726.6563,5001.87842,1247.50525,158.2451
2026-09-09 05:30:00,35279.8672,32726.6563,5001.87842,1247.50525,158.2451
2026-09-09 05:45:00,35279.8672,32726.6563,5001.87842,1247.50525,158.2451
2026-09-09 06:00:00,35831.1953,33387.02,5599.124,1242.7572,148.4398
2026-09-09 06:15:00,35831.1953,33387.02,5599.124,1242.7572,148.4398
2026-09-09 06:30:00,35791.0977,33146.33,5866.0293,1243.13989,143.260559
2026-09-09 06:45:00,36001.35,33166.1328,6002.3335,1245.8125,144.97081
2026-09-09 07:00:00,36001.35,33166.1328,6002.3335,1245.8125,144.97081
2026-09-09 07:15:00,37802.77,33711.0352,5239.711,1266.9613,148.027481
2026-09-09 07:30:00,37188.7148,33538.6758,5678.693,1262.14319,147.308716
2026-09-09 07:45:00,37188.7148,33538.6758,5678.693,1262.14319,147.308716
2026-09-09 08:00:00,37442.2734,33507.33,6000.933,1245.2085,142.568176
2026-09-09 08:15:00,37718.918,33611.5039,5945.428,1246.808,146.8558
2026-09-09 08:30:00,37718.918,33611.5039,5945.428,1246.808,146.8558
2026-09-09 08:45:00,38000.4648,33793.44,5973.71533,1234.958,144.914261
2026-09-09 09:00:00,37227.7461,33273.6328,6750.62354,1241.3175,145.542252
2026-09-09 09:15:00,37227.7461,33273.6328,6750.62354,1241.3175,145.542252
2026-09-09 09:30:00,37430.15,33152.793,6987.16846,1245.29138,148.0833
2026-09-09 09:45:00,37531.33,33154.5234,6952.742,1234.81506,148.4079
2026-09-09 10:00:00,37531.33,33154.5234,6952.742,1234.81506,148.4079
2026-09-09 10:15:00,36767.1758,32774.95,7437.18945,1239.434,152.538437
2026-09-09 10:30:00,37037.2734,33054.5547,7517.08936,1229.58252,154.20459
2026-09-09 10:45:00,37037.2734,33054.5547,7517.08936,1229.58252,154.20459
2026-09-09 11:00:00,37037.2734,33054.5547,7517.08936,1229.58252,154.20459
2026-09-09 11:15:00,36785.81,33489.2344,6987.268,1226.3562,155.759232
2026-09-09 11:30:00,36785.81,33489.2344,6987.268,1226.3562,155.759232
2026-09-09 11:45:00,37468.34,33691.5352,6395.6626,1238.99231,167.466583
2026-09-09 12:00:00,37468.34,33691.5352,6395.6626,1238.99231,167.466583
2026-09-09 12:15:00,36590.34,33010.5938,6645.936,1216.13208,164.158173
2026-09-09 12:30:00,37111.57,33191.22,6410.29346,1237.42322,172.420181
2026-09-09 12:45:00,36742.9961,32716.0742,6654.705,1236.95459,175.297379
2026-09-09 13:00:00,36742.9961,32716.0742,6654.705,1236.95459,175.297379
2026-09-09 13:15:00,34555.5,31742.45,7608.647,1229.16443,165.786484
2026-09-09 13:30:00,34720.74,32246.7012,7059.70752,1232.81262,165.348526
2026-09-09 13:45:00,36016.24,32754.09,6020.8667,1248.46228,169.672134
2026-09-09 14:00:00,36016.24,32754.09,6020.8667,1248.46228,169.672134
2026-09-09 14:15:00,33374.88,32092.57,6366.588,1230.56226,168.396881
2026-09-09 14:30:00,34079.41,32536.5059,5841.921,1235.6355,167.24324
2026-09-09 14:45:00,34079.41,32536.5059,5841.921,1235.6355,167.24324
2026-09-09 15:00:00,32625.1152,29907.5254,6259.79639,1301.07288,167.572433
2026-09-09 15:15:00,35849.93,30436.8672,4998.232,1352.31909,177.3993
2026-09-09 15:30:00,35849.93,30436.8672,4998.232,1352.31909,177.3993
2026-09-09 15:45:00,37391.7578,31427.4863,4898.0957,1331.69983,180.2963
2026-09-09 16:00:00,38793.34,32764.7363,4736.04834,1318.81287,184.57692
2026-09-09 16:15:00,33571.16,32602.4434,7482.512,1216.14856,167.862549
2026-09-09 16:30:00,36837.42,34202.79,4997.84766,1237.65552,167.173843
2026-09-09 16:45:00,36837.42,34202.79,4997.84766,1237.65552,167.173843
2026-09-09 17:00:00,38611.9063,34965.9961,5294.738,1251.37952,183.480637
2026-09-09 17:15:00,38988.8164,34604.6133,5315.71143,1263.24084,179.719437
2026-09-09 17:30:00,38988.8164,34604.6133,5315.71143,1263.24084,179.719437
2026-09-09 17:45:00,38933.49,34174.77,5241.67529,1268.89038,180.072739
2026-09-09 18:00:00,38151.8047,34266.9766,5522.69775,1246.42712,174.4866
2026-09-09 18:15:00,38532.2,34384.9141,5066.438,1263.34485,175.870667
2026-09-09 18:30:00,38532.2,34384.9141,5066.438,1263.34485,175.870667
2026-09-09 18:45:00,39181.2539,34562.6563,4693.18164,1268.94348,181.478531
2026-09-09 19:00:00,39181.2539,34562.6563,4693.18164,1268.94348,181.478531
2026-09-09 19:15:00,39553.3047,35260.418,4502.314,1249.75452,183.923828
2026-09-09 19:30:00,40203.9648,34913.7148,4208.965,1271.36633,184.010651
2026-09-09 19:45:00,40203.9648,34913.7148,4208.965,1271.36633,184.010651
2026-09-09 20:00:00,40756.7344,35528.32,3716.27783,1274.33643,185.845627
2026-09-09 20:15:00,40190.2969,35029.2266,4201.65674,1277.64185,183.747055
2026-09-09 20:30:00,40190.2969,35029.2266,4201.65674,1277.64185,183.747055
2026-09-09 20:45:00,40176.0078,35080.0,4034.64526,1262.44287,181.9507
2026-09-09 21:00:00,37942.5078,33829.67,4343.32666,1252.65991,174.1363
2026-09-09 21:15:00,37942.5078,33829.67,4343.32666,1252.65991,174.1363
2026-09-09 21:30:00,37131.4258,32323.6738,4845.383,1284.55835,171.957382
2026-09-09 21:45:00,36697.043,32390.3145,4479.555,1278.50659,173.784271
2026-09-09 22:00:00,36697.043,32390.3145,4479.555,1278.50659,173.784271
2026-09-09 22:15:00,36674.2773,32494.4023,4528.35547,1278.44385,170.7758
2026-09-09 22:30:00,36501.71,32353.07,4467.196,1275.91809,170.131714
2026-09-09 22:45:00,36501.71,32353.07,4467.196,1275.91809,170.131714
2026-09-09 23:00:00,34908.3633,31145.0039,4641.50439,1290.96655,169.700333
2026-09-09 23:15:00,35622.2344,31649.4648,4460.074,1284.05554,169.221481
2026-09-09 23:30:00,35622.2344,31649.4648,4460.074,1284.05554,169.221481
2026-09-09 23:45:00,35030.05,31221.6758,4708.82666,1287.09558,168.935913
2026-09-10 00:00:00,35124.375,31689.9043,4279.7124,1271.41077,168.80101
2026-09-10 00:15:00,35124.375,31689.9043,4279.7124,1271.41077,168.80101
2026-09-10 00:30:00,34898.1133,31050.9258,4218.921,1290.99744,172.462784
2026-09-10 00:45:00,34340.1523,31122.1,4217.8335,1282.12329,176.107178
2026-09-10 01:00:00,34340.1523,31122.1,4217.8335,1282.12329,176.107178
2026-09-10 01:15:00,33500.5977,30597.0586,4184.869,1273.2218,183.5594
2026-09-10 01:30:00,34474.2969,31338.5859,3745.23218,1283.15894,188.151459
2026-09-10 01:45:00,34474.2969,31338.5859,3745.23218,1283.15894,188.151459
2026-09-10 02:00:00,33384.5469,30652.5859,4158.707,1281.3335,188.5414
2026-09-10 02:15:00,33193.7539,30976.2676,4217.29541,1279.578,190.401352
2026-09-10 02:30:00,33193.7539,30976.2676,4217.29541,1279.578,190.401352
2026-09-10 02:45:00,34106.23,31283.21,3869.84619,1284.38184,189.806717
2026-09-10 03:00:00,33507.34,32764.7031,3992.78076,1250.38574,179.861481
2026-09-10 03:15:00,33507.34,32764.7031,3992.78076,1250.38574,179.861481
2026-09-10 03:30:00,34317.8125,31111.2676,3862.57446,1279.9187,183.013535
2026-09-10 03:45:00,34762.7773,31406.3457,3940.396,1282.42688,180.82753
2026-09-10 04:00:00,34762.7773,31406.3457,3940.396,1282.42688,180.82753
2026-09-10 04:15:00,33865.15,30557.752,4348.735,1282.52087,176.369354
2026-09-10 04:30:00,34213.11,31173.0,4188.54443,1288.63916,175.4773
2026-09-10 04:45:00,34213.11,31173.0,4188.54443,1288.63916,175.4773
2026-09-10 05:00:00,34483.83,31156.2871,3903.21338,1286.37122,174.616516
2026-09-10 05:15:00,34832.82,31693.2031,4205.934,1285.818,170.112289
2026-09-10 05:30:00,34832.82,31693.2031,4205.934,1285.818,170.112289
2026-09-10 05:45:00,35675.21,31296.9063,3902.13428,1304.65112,171.49556
2026-09-10 06:00:00,36697.332,32356.25,3323.998,1289.46179,168.980225
2026-09-10 06:15:00,36697.332,32356.25,3323.998,1289.46179,168.980225
2026-09-10 06:30:00,36197.375,30788.9941,3588.04272,1334.18188,166.19371
2026-09-10 06:45:00,37669.9023,32723.416,3981.28247,1308.493,170.997
2026-09-10 07:00:00,39460.8438,34950.9023,3627.84326,1261.38953,169.736
2026-09-10 07:15:00,39460.8438,34950.9023,3627.84326,1261.38953,169.736
2026-09-10 07:30:00,40092.8555,35275.0,3486.78833,1278.518,171.972946
2026-09-10 07:45:00,40071.2422,34830.43,3764.404,1292.59131,166.092484
2026-09-10 08:00:00,40330.21,34608.0742,3625.89868,1305.397,168.525421
2026-09-10 08:15:00,40994.78,35111.52,3291.92041,1305.18713,173.648926
2026-09-10 08:30:00,39716.0273,34038.5078,3865.82764,1301.89148,169.516342
2026-09-10 08:45:00,39516.02,33277.0352,3882.22559,1327.05151,165.316132
2026-09-10 09:00:00,40331.1641,33441.5664,3494.423,1346.09839,167.262314
2026-09-10 09:15:00,40802.1445,33918.1641,3332.043,1337.43115,170.336182
2026-09-10 09:30:00,41306.94,34113.4375,3016.38843,1338.28662,163.79921
2026-09-10 09:45:00,40591.582,34188.81,3254.47241,1335.89258,166.240845
2026-09-10 10:00:00,41257.2578,34108.28,2896.25415,1349.0249,162.878937
2026-09-10 10:15:00,41257.2578,34108.28,2896.25415,1349.0249,162.878937
2026-09-10 10:30:00,40799.4727,33829.2,3407.055,1339.41724,163.51564
2026-09-10 10:45:00,40799.4727,33829.2,3407.055,1339.41724,163.51564
2026-09-10 11:00:00,36686.43,29268.8164,3366.04419,1398.01416,150.3798
2026-09-10 11:15:00,35666.6172,28294.1289,3723.59814,1396.528,148.507034
2026-09-10 11:30:00,34344.0273,27549.5254,4266.31641,1408.78442,148.1679
2026-09-10 11:45:00,34344.0273,27549.5254,4266.31641,1408.78442,148.1679
2026-09-10 12:00:00,36718.75,28760.2949,3403.499,1422.48352,152.398331
2026-09-10 12:15:00,35982.02,28349.0918,3455.13354,1410.18347,149.537231
2026-09-10 12:30:00,36051.5664,28875.81,3865.51123,1402.40088,145.835
2026-09-10 12:45:00,34315.4844,27908.6328,4409.068,1392.87012,146.310608
2026-09-10 13:00:00,36256.09,29397.8086,3439.04272,1390.82129,147.088074
2026-09-10 13:15:00,35352.1,29315.8027,3684.95947,1371.26868,149.782654
2026-09-10 13:30:00,34109.3125,29659.4727,4646.27148,1330.12341,143.95253
2026-09-10 13:45:00,33448.09,27993.7012,4427.86426,1378.66846,142.865616
2026-09-10 14:00:00,34193.5664,28689.28,3941.02661,1373.63831,145.449509
2026-09-10 14:15:00,35583.1367,30620.4727,3684.62646,1348.18945,146.439789
2026-09-10 14:30:00,32009.23,27252.16,5091.63037,1392.3313,142.472046
2026-09-10 14:45:00,34104.625,27755.4824,3808.85474,1402.163,144.7201
2026-09-10 15:00:00,34388.61,27733.5039,3757.53174,1410.33911,151.249
2026-09-10 15:15:00,35876.92,29048.0664,3455.34229,1384.74353,150.8599
2026-09-10 15:30:00,33822.94,26765.1172,4073.451,1434.6842,153.479126
2026-09-10 15:45:00,35355.082,27948.1445,3522.50659,1422.23987,153.562378
2026-09-10 16:00:00,36109.1875,29038.584,3326.71924,1402.24414,154.6247
2026-09-10 16:15:00,35263.5938,28619.4727,4006.647,1385.4696,156.896744
2026-09-10 16:30:00,35742.8242,29068.3535,3600.5415,1395.97351,158.953735
2026-09-10 16:45:00,35164.1563,28594.4668,3843.29419,1401.23291,162.218353
2026-09-10 17:00:00,35143.4258,28844.7012,3804.218,1402.55347,165.382263
2026-09-10 17:15:00,35388.7227,29089.9355,3831.92188,1392.0896,163.1647
2026-09-10 17:30:00,34410.15,28265.9551,3959.85376,1381.16614,163.982361
2026-09-10 17:45:00,35545.88,27883.6816,3234.43066,1422.04333,164.484421
2026-09-10 18:00:00,35968.6172,28545.38,3272.893,1423.46558,167.122757
2026-09-10 18:15:00,36838.2344,30813.19,3235.27637,1364.1189,169.628464
2026-09-10 18:30:00,34775.793,28621.56,3605.5918,1364.65759,163.959824
2026-09-10 18:45:00,35494.4453,28378.1113,3285.34351,1401.48755,162.302917
2026-09-10 19:00:00,35154.8672,27194.6641,3019.915,1424.22888,162.641434
2026-09-10 19:15:00,34824.5742,26782.27,3182.88574,1436.36658,160.899948
2026-09-10 19:30:00,34785.5938,26349.4648,3232.94287,1449.37939,160.731308
2026-09-10 19:45:00,34644.293,26097.5039,3221.9646,1459.06982,168.942474
2026-09-10 20:00:00,36337.6055,27700.5156,2806.24316,1434.39856,169.436569
2026-09-10 20:15:00,36749.082,28810.2832,2943.73486,1407.23547,172.153183
2026-09-10 20:30:00,37422.9727,29369.0254,2882.81445,1394.08154,171.2926
2026-09-10 20:45:00,37035.375,31222.2578,3145.94922,1328.20276,166.169159
2026-09-10 21:00:00,35392.582,29885.16,4001.544,1335.563,165.898972
2026-09-10 21:15:00,35351.1836,29183.7383,3753.61914,1356.53149,164.530014
2026-09-10 21:30:00,34677.1,28249.4941,4056.402,1363.15356,170.673813
2026-09-10 21:45:00,34466.0859,28207.6836,4350.81836,1367.89282,170.94754
2026-09-10 22:00:00,34087.72,27774.6621,4154.268,1383.59351,172.430389
2026-09-10 22:15:00,32033.6641,25839.4258,4862.851,1412.97156,166.065338
2026-09-10 22:30:00,32033.6641,25839.4258,4862.851,1412.97156,166.065338
2026-09-10 22:45:00,32033.6641,25839.4258,4862.851,1412.97156,166.065338
2026-09-10 23:00:00,34940.0078,29002.5859,3936.79443,1352.83154,172.606567
2026-09-10 23:15:00,34940.0078,29002.5859,3936.79443,1352.83154,172.606567
2026-09-10 23:30:00,35638.418,29676.28,3674.70825,1349.94812,179.015732
2026-09-10 23:45:00,35638.418,29676.28,3674.70825,1349.94812,179.015732
2026-09-11 00:00:00,34632.57,29601.87,4029.7085,1329.231,171.642258
2026-09-11 00:15:00,35230.7227,30077.85,3694.29932,1326.35168,177.922668
2026-09-11 00:30:00,35702.4844,30498.9531,3482.68018,1326.5033,185.641174
2026-09-11 00:45:00,35702.4844,30498.9531,3482.68018,1326.5033,185.641174
2026-09-11 01:00:00,36336.0625,30944.8,3267.213,1337.14807,193.555191
2026-09-11 01:15:00,36578.62,31446.8516,3200.32886,1324.61975,200.88179
2026-09-11 01:30:00,35427.19,30776.16,3397.92432,1334.31677,203.954315
2026-09-11 01:45:00,35427.19,30776.16,3397.92432,1334.31677,203.954315
2026-09-11 02:00:00,36287.84,31352.0371,3169.80884,1343.92273,211.722534
2026-09-11 02:15:00,36287.84,31352.0371,3169.80884,1343.92273,211.722534
2026-09-11 02:30:00,35555.63,30591.9355,3398.95361,1335.29663,209.362854
2026-09-11 02:45:00,36005.5,30974.1426,3243.892,1341.487,208.66124
2026-09-11 03:00:00,36058.26,30922.123,3148.92871,1337.50793,205.516022
2026-09-11 03:15:00,36058.26,30922.123,3148.92871,1337.50793,205.516022
2026-09-11 03:30:00,35956.8164,31021.6875,3148.22583,1337.21265,204.292831
2026-09-11 03:45:00,35956.8164,31021.6875,3148.22583,1337.21265,204.292831
2026-09-11 04:00:00,36163.97,30926.79,2956.45483,1336.52,199.675568
2026-09-11 04:15:00,36230.6328,31477.83,2904.867,1326.25964,193.449936
2026-09-11 04:30:00,36230.6328,31477.83,2904.867,1326.25964,193.449936
2026-09-11 04:45:00,36525.79,31082.748,2935.281,1343.4729,190.713455
2026-09-11 05:00:00,35863.22,31992.5547,3055.41357,1294.725,185.746277
2026-09-11 05:15:00,35863.22,31992.5547,3055.41357,1294.725,185.746277
2026-09-11 05:30:00,36284.59,30912.6719,3071.45459,1334.8761,183.9266
2026-09-11 05:45:00,36534.24,31095.5313,3072.37329,1334.08777,181.096344
2026-09-11 06:00:00,36534.24,31095.5313,3072.37329,1334.08777,181.096344
2026-09-11 06:15:00,36303.64,30994.125,3032.814,1337.85071,174.354385
2026-09-11 06:30:00,36108.375,30795.3262,3103.6,1335.827,176.695
2026-09-11 06:45:00,36108.375,30795.3262,3103.6,1335.827,176.695
2026-09-11 07:00:00,36236.42,30350.84,3011.21313,1351.806,171.845078
2026-09-11 07:15:00,36237.5742,30570.35,3066.269,1349.43689,175.17952
2026-09-11 07:30:00,36237.5742,30570.35,3066.269,1349.43689,175.17952
2026-09-11 07:45:00,36190.5273,30381.1621,3257.24585,1353.16431,175.759338
2026-09-11 08:00:00,35697.01,29908.873,3279.274,1362.88354,174.494431
2026-09-11 08:15:00,35697.01,29908.873,3279.274,1362.88354,174.494431
2026-09-11 08:30:00,36101.4258,30603.0332,3229.40674,1333.43164,176.857361
2026-09-11 08:45:00,34506.0,29382.041,3793.766,1346.44128,173.248154
2026-09-11 09:00:00,34506.0,29382.041,3793.766,1346.44128,173.248154
2026-09-11 09:15:00,35193.7344,29948.4375,3550.48315,1337.84082,177.6165
2026-09-11 09:30:00,33804.0625,28581.66,4234.809,1350.76709,177.0658
2026-09-11 09:45:00,33804.0625,28581.66,4234.809,1350.76709,177.0658
2026-09-11 10:00:00,32697.9023,28148.1133,4392.917,1333.48254,169.838531
2026-09-11 10:15:00,33536.53,30236.8086,3790.77441,1302.50476,166.186615
2026-09-11 10:30:00,33536.53,30236.8086,3790.77441,1302.50476,166.186615
2026-09-11 10:45:00,31681.8535,27815.8184,4610.013,1348.57,171.750687
2026-09-11 11:00:00,31103.5664,27564.8047,4493.9043,1338.95813,162.343445
2026-09-11 11:15:00,31103.5664,27564.8047,4493.9043,1338.95813,162.343445
2026-09-11 11:30:00,31923.8359,27730.8477,4349.923,1334.10242,163.895432
2026-09-11 11:45:00,31679.1289,27138.9746,4228.415,1349.10229,164.6566
2026-09-11 12:00:00,31679.1289,27138.9746,4228.415,1349.10229,164.6566
2026-09-11 12:15:00,32054.1621,27948.2012,4082.87915,1345.266,165.376038
2026-09-11 12:30:00,32683.1074,27025.3516,4269.08,1364.84277,165.903961
2026-09-11 12:45:00,32683.1074,27025.3516,4269.08,1364.84277,165.903961
2026-09-11 13:00:00,32850.3,27711.5176,4344.614,1362.1908,169.495
2026-09-11 13:15:00,33522.7227,29344.8789,3756.04077,1305.4856,171.068527
2026-09-11 13:30:00,33522.7227,29344.8789,3756.04077,1305.4856,171.068527
2026-09-11 13:45:00,33882.9063,28197.6035,4062.20923,1354.61609,182.545883
2026-09-11 14:00:00,33374.42,27424.4258,4347.41,1367.64465,186.792282
2026-09-11 14:15:00,33374.42,27424.4258,4347.41,1367.64465,186.792282
2026-09-11 14:30:00,34148.1,29121.7148,4460.8623,1330.13477,187.943573
2026-09-11 14:45:00,34975.69,29789.55,4254.073,1347.17676,190.639267
2026-09-11 15:00:00,34975.69,29789.55,4254.073,1347.17676,190.639267
2026-09-11 15:15:00,35682.0859,30146.7246,3930.9585,1347.73022,188.373169
2026-09-11 15:30:00,34430.3867,29273.66,4541.23438,1353.979,184.780014
2026-09-11 15:45:00,34430.3867,29273.66,4541.23438,1353.979,184.780014
2026-09-11 16:00:00,33925.8945,28995.5156,4488.09229,1334.13269,180.676071
2026-09-11 16:15:00,32636.4258,28211.6445,5183.1543,1355.5304,177.210938
2026-09-11 16:30:00,32636.4258,28211.6445,5183.1543,1355.5304,177.210938
2026-09-11 16:45:00,33804.45,28496.2363,4682.559,1374.63208,184.944962
2026-09-11 17:00:00,34344.418,29258.6152,4730.564,1341.25757,183.720276
2026-09-11 17:15:00,33301.2578,29725.48,5063.25244,1313.23743,180.6101
2026-09-11 17:30:00,33859.3672,29421.6836,4960.08154,1328.38416,182.604034
2026-09-11 17:45:00,33802.5625,28901.332,5141.17334,1334.33936,183.081512
2026-09-11 18:00:00,33802.5625,28901.332,5141.17334,1334.33936,183.081512
2026-09-11 18:15:00,32380.9453,27856.2988,5541.6416,1337.67065,171.144882
2026-09-11 18:30:00,33581.375,28858.123,5027.79443,1336.85632,172.0401
2026-09-11 18:45:00,33581.375,28858.123,5027.79443,1336.85632,172.0401
2026-09-11 19:00:00,33642.8828,28732.2285,4959.92041,1344.96716,168.657562
2026-09-11 19:15:00,33215.4453,28064.01,4976.1084,1344.73242,165.176239
2026-09-11 19:30:00,33215.4453,28064.01,4976.1084,1344.73242,165.176239
2026-09-11 19:45:00,33353.5859,28186.6777,4300.29736,1357.92065,160.9234
2026-09-11 20:00:00,34746.51,28927.7324,4379.516,1335.89514,165.188141
2026-09-11 20:15:00,34746.51,28927.7324,4379.516,1335.89514,165.188141
2026-09-11 20:30:00,35556.12,29445.2715,3938.01538,1358.19946,164.684
2026-09-11 20:45:00,35936.543,29530.0273,3817.96216,1353.98572,164.270477
2026-09-11 21:00:00,35936.543,29530.0273,3817.96216,1353.98572,164.270477
2026-09-11 21:15:00,35980.5039,29524.07,4036.24976,1357.74487,167.427765
2026-09-11 21:30:00,33156.1172,28328.4473,4401.801,1355.51135,163.214081
2026-09-11 21:45:00,33156.1172,28328.4473,4401.801,1355.51135,163.214081
2026-09-11 22:00:00,32868.3242,28031.5078,4077.22827,1355.307,160.171021
2026-09-11 22:15:00,32944.3477,27722.1172,4362.786,1370.36182,170.898132
2026-09-11 22:30:00,32944.3477,27722.1172,4362.786,1370.36182,170.898132
2026-09-11 22:45:00,33239.1641,27860.2676,4268.1123,1371.11536,170.739243
2026-09-11 23:00:00,33239.1641,27860.2676,4268.1123,1371.11536,170.739243
2026-09-11 23:15:00,32783.74,27949.7949,4551.1333,1354.82642,170.159866
2026-09-11 23:30:00,33952.7539,28016.6211,4314.53662,1374.6886,173.5203
2026-09-11 23:45:00,34153.0273,29404.9766,4541.711,1340.86292,175.1167
2026-09-12 00:00:00,34153.0273,29404.9766,4541.711,1340.86292,175.1167
2026-09-12 00:15:00,34938.5156,29707.9414,4308.929,1334.29907,181.942719
2026-09-12 00:30:00,34938.5156,29707.9414,4308.929,1334.29907,181.942719
2026-09-12 00:45:00,35090.1758,29637.252,4290.03027,1338.90613,184.1
2026-09-12 01:00:00,35309.9961,29911.5938,4189.972,1337.05591,189.58226
2026-09-12 01:15:00,34259.8945,29243.5449,4262.295,1341.7915,191.40593
2026-09-12 01:30:00,34259.8945,29243.5449,4262.295,1341.7915,191.40593
2026-09-12 01:45:00,34331.23,30148.6367,3958.66187,1321.15076,188.685516
2026-09-12 02:00:00,34331.23,30148.6367,3958.66187,1321.15076,188.685516
2026-09-12 02:15:00,34429.82,29534.0762,3798.681,1341.71362,195.372543
2026-09-12 02:30:00,34050.9727,28691.31,3734.426,1362.66077,197.778992
2026-09-12 02:45:00,34050.9727,28691.31,3734.426,1362.66077,197.778992
2026-09-12 03:00:00,34994.3828,29244.7324,3417.92822,1371.32764,200.62529
2026-09-12 03:15:00,34561.8047,29026.3145,3516.89526,1360.98572,205.139465
2026-09-12 03:30:00,34561.8047,29026.3145,3516.89526,1360.98572,205.139465
2026-09-12 03:45:00,34400.5156,28737.9648,3572.96924,1374.23877,200.537262
2026-09-12 04:00:00,35045.5859,29358.0938,3370.791,1355.54565,207.238815
2026-09-12 04:15:00,35045.5859,29358.0938,3370.791,1355.54565,207.238815
2026-09-12 04:30:00,34157.1523,28354.6016,3820.17529,1375.47192,205.191086
2026-09-12 04:45:00,34691.1133,28486.0176,3889.85132,1363.96375,211.963654
2026-09-12 05:00:00,34691.1133,28486.0176,3889.85132,1363.96375,211.963654
2026-09-12 05:15:00,33424.4961,28604.252,4096.50537,1352.66541,205.267532
2026-09-12 05:30:00,33182.6055,28356.0957,4397.764,1351.23657,206.71347
2026-09-12 05:45:00,33182.6055,28356.0957,4397.764,1351.23657,206.71347
2026-09-12 06:00:00,33603.1445,28827.8867,4323.508,1340.37671,208.80217
2026-09-12 06:15:00,33531.2852,28580.0137,4569.21631,1354.9043,209.275909
2026-09-12 06:30:00,33531.2852,28580.0137,4569.21631,1354.9043,209.275909
2026-09-12 06:45:00,32669.8574,27797.9238,4666.78,1360.22852,202.703033
2026-09-12 07:00:00,34853.3125,29089.22,4439.394,1359.75208,208.784775
2026-09-12 07:15:00,34853.3125,29089.22,4439.394,1359.75208,208.784775
2026-09-12 07:30:00,34299.99,29198.457,4962.80664,1335.70032,197.492889
2026-09-12 07:45:00,35520.2422,29924.9648,5480.42139,1338.716,200.909149
2026-09-12 08:00:00,35520.2422,29924.9648,5480.42139,1338.716,200.909149
2026-09-12 08:15:00,38020.5625,31744.08,4491.57471,1322.3623,201.299423
2026-09-12 08:30:00,36317.4648,30674.293,5941.81445,1319.31384,201.9023
2026-09-12 08:45:00,36317.4648,30674.293,5941.81445,1319.31384,201.9023
2026-09-12 09:00:00,27266.8477,23788.5078,6686.77148,1396.89307,173.857559
2026-09-12 09:15:00,32734.752,27569.248,6039.256,1355.19824,191.644
2026-09-12 09:30:00,32734.752,27569.248,6039.256,1355.19824,191.644
2026-09-12 09:45:00,34732.1875,29388.1387,6019.634,1316.16516,196.144257
2026-09-12 10:00:00,33547.3945,30456.7246,5479.53271,1277.26953,180.187912
2026-09-12 10:15:00,33547.3945,30456.7246,5479.53271,1277.26953,180.187912
2026-09-12 10:30:00,31419.6934,27474.46,6559.67041,1325.237,195.449
2026-09-12 10:45:00,31320.53,27779.9141,6077.01953,1322.08765,188.065384
2026-09-12 11:00:00,31320.53,27779.9141,6077.01953,1322.08765,188.065384
2026-09-12 11:15:00,31929.54,27133.7715,5792.512,1347.83667,192.780289
2026-09-12 11:30:00,28506.1582,26285.2324,6067.35645,1339.34363,181.037827
2026-09-12 11:45:00,28506.1582,26285.2324,6067.35645,1339.34363,181.037827
2026-09-12 12:00:00,35714.52,30531.82,5093.996,1321.6134,199.238968
2026-09-12 12:15:00,33774.3672,29426.29,5553.0415,1316.67761,203.899277
2026-09-12 12:30:00,33774.3672,29426.29,5553.0415,1316.67761,203.899277
2026-09-12 12:45:00,33465.3867,29351.3359,5660.40771,1314.35669,199.618912
2026-09-12 13:00:00,33020.2578,29425.2949,6110.79834,1296.61011,193.771133
2026-09-12 13:15:00,33020.2578,29425.2949,6110.79834,1296.61011,193.771133
2026-09-12 13:30:00,33680.9531,29484.5781,5621.96338,1304.83826,198.772812
2026-09-12 13:45:00,34153.3,31202.584,5579.533,1282.85864,194.701859
2026-09-12 14:00:00,34153.3,31202.584,5579.533,1282.85864,194.701859
2026-09-12 14:15:00,35234.5039,30174.0234,5166.222,1327.23816,197.167465
2026-09-12 14:30:00,33512.9258,29186.2324,5826.20947,1318.88965,199.264236
2026-09-12 14:45:00,33512.9258,29186.2324,5826.20947,1318.88965,199.264236
2026-09-12 15:00:00,34708.63,29439.2539,4689.86963,1340.6322,196.347488
2026-09-12 15:15:00,35037.54,30607.0469,5250.96,1299.99963,198.5092
2026-09-12 15:30:00,35037.54,30607.0469,5250.96,1299.99963,198.5092
2026-09-12 15:45:00,36054.14,30956.3516,5031.621,1298.64551,205.658981
2026-09-12 16:00:00,35834.64,31795.0039,4819.74463,1291.167,203.6786
2026-09-12 16:15:00,35834.64,31795.0039,4819.74463,1291.167,203.6786
2026-09-12 16:30:00,36521.8672,31769.2754,4374.45361,1295.51428,210.8906
2026-09-12 16:45:00,36416.9375,31782.457,4473.716,1290.54553,217.777817
2026-09-12 17:00:00,36416.9375,31782.457,4473.716,1290.54553,217.777817
2026-09-12 17:15:00,36378.4023,31529.4277,4141.721,1293.80347,222.9975
2026-09-12 17:30:00,35056.2461,30575.9238,4555.396,1300.36743,222.283508
2026-09-12 17:45:00,35056.2461,30575.9238,4555.396,1300.36743,222.283508
2026-09-12 18:00:00,35969.92,31178.752,4029.97656,1310.16968,234.873764
2026-09-12 18:15:00,35452.19,31282.3867,4188.88525,1304.15649,234.779129
2026-09-12 18:30:00,35452.19,31282.3867,4188.88525,1304.15649,234.779129
2026-09-12 18:45:00,35717.67,30849.4238,4012.82886,1316.18835,239.345154
2026-09-12 19:00:00,35717.67,30849.4238,4012.82886,1316.18835,239.345154
2026-09-12 19:15:00,36089.2773,31394.9473,3819.89,1307.39807,237.919052
2026-09-12 19:30:00,35185.9023,30724.8086,4083.10571,1304.01135,232.012878
2026-09-12 19:45:00,35185.9023,30724.8086,4083.10571,1304.01135,232.012878
2026-09-12 20:00:00,36326.2734,31576.084,3641.5603,1314.82227,235.338684
2026-09-12 20:15:00,32761.2773,28876.2148,4128.945,1335.97144,217.718445
2026-09-12 20:30:00,32761.2773,28876.2148,4128.945,1335.97144,217.718445
2026-09-12 20:45:00,32664.59,28303.041,3746.50513,1364.05713,214.451981
2026-09-12 21:00:00,33975.59,29388.5039,3568.07471,1348.44812,218.832428
2026-09-12 21:15:00,33975.59,29388.5039,3568.07471,1348.44812,218.832428
2026-09-12 21:30:00,32701.8652,28384.373,4083.47827,1338.58215,213.485657
2026-09-12 21:45:00,32349.2773,27686.57,3835.126,1362.28638,214.833069
2026-09-12 22:00:00,32349.2773,27686.57,3835.126,1362.28638,214.833069
2026-09-12 22:15:00,33495.2148,29380.61,3435.49365,1339.29541,219.224731
2026-09-12 22:30:00,31558.0879,27969.5254,3872.19556,1345.72937,211.1756
2026-09-12 22:45:00,31558.0879,27969.5254,3872.19556,1345.72937,211.1756
2026-09-12 23:00:00,32967.57,28714.373,3520.628,1349.67969,214.5663
2026-09-12 23:15:00,32044.625,29186.5918,3721.846,1319.791,205.206421
2026-09-12 23:30:00,32044.625,29186.5918,3721.846,1319.791,205.206421
2026-09-12 23:45:00,30743.9375,28083.05,3384.18579,1327.12244,203.3047
2026-09-13 00:00:00,31058.123,28542.4922,3857.954,1312.11621,199.841278
2026-09-13 00:15:00,31058.123,28542.4922,3857.954,1312.11621,199.841278
2026-09-13 00:30:00,30075.9121,27783.4121,3752.28735,1330.30469,198.154419
2026-09-13 00:45:00,31441.7813,28109.875,3454.50977,1347.89,201.231125
2026-09-13 01:00:00,31441.7813,28109.875,3454.50977,1347.89,201.231125
2026-09-13 01:15:00,31588.4785,29001.4727,3567.92114,1318.80542,196.5507
2026-09-13 01:30:00,30433.87,27850.89,3658.75049,1338.71021,190.149261
2026-09-13 01:45:00,30433.87,27850.89,3658.75049,1338.71021,190.149261
2026-09-13 02:00:00,31749.7227,28390.457,3353.948,1329.46936,199.712677
2026-09-13 02:15:00,31272.06,28768.4883,3382.75732,1320.71045,189.9162
2026-09-13 02:30:00,31272.06,28768.4883,3382.75732,1320.71045,189.9162
2026-09-13 02:45:00,30982.07,29168.623,3127.47632,1323.67957,186.437683
2026-09-13 03:00:00,30613.9316,28092.043,3262.49683,1327.05115,183.607269
2026-09-13 03:15:00,30613.9316,28092.043,3262.49683,1327.05115,183.607269
2026-09-13 03:30:00,31322.3379,28383.2285,3168.493,1331.40527,186.671646
2026-09-13 03:45:00,30927.0039,28954.6563,3177.79541,1313.46277,181.531616
2026-09-13 04:00:00,30927.0039,28954.6563,3177.79541,1313.46277,181.531616
2026-09-13 04:15:00,31310.2344,28526.9473,3133.35449,1337.30908,181.020065
2026-09-13 04:30:00,31159.5137,29172.2188,3169.56177,1319.47791,175.040909
2026-09-13 04:45:00,31159.5137,29172.2188,3169.56177,1319.47791,175.040909
2026-09-13 05:00:00,31020.7266,30015.084,3121.98682,1293.68665,173.8823
2026-09-13 05:15:00,30968.1367,28979.8867,3135.1123,1323.169,173.354736
2026-09-13 05:30:00,30968.1367,28979.8867,3135.1123,1323.169,173.354736
2026-09-13 05:45:00,31243.6855,28882.3223,3090.12378,1319.61853,176.329636
2026-09-13 06:00:00,31352.834,28778.39,3126.17188,1320.76978,175.86557
2026-09-13 06:15:00,31352.834,28778.39,3126.17188,1320.76978,175.86557
2026-09-13 06:30:00,31246.6641,27449.7363,2932.93262,1358.68347,180.308365
2026-09-13 06:45:00,31003.6465,28226.38,2935.92969,1345.3512,187.4609
2026-09-13 07:00:00,31003.6465,28226.38,2935.92969,1345.3512,187.4609
2026-09-13 07:15:00,26828.709,25105.0059,3470.44214,1392.89526,180.457809
2026-09-13 07:30:00,32353.3711,27818.5039,2864.35425,1358.69934,211.6857
2026-09-13 07:45:00,32353.3711,27818.5039,2864.35425,1358.69934,211.6857
2026-09-13 08:00:00,31359.7988,28076.3652,3090.915,1348.29333,215.70755
2026-09-13 08:15:00,32039.06,28156.4121,2951.26685,1350.80969,226.80777
2026-09-13 08:30:00,32039.06,28156.4121,2951.26685,1350.80969,226.80777
2026-09-13 08:45:00,30695.2383,28359.0781,3084.857,1334.87134,224.253235
2026-09-13 09:00:00,31457.8242,27964.4863,3031.33,1349.80823,229.499847
2026-09-13 09:15:00,31457.8242,27964.4863,3031.33,1349.80823,229.499847
2026-09-13 09:30:00,32915.8,29012.5137,2776.20166,1333.04688,237.427414
2026-09-13 09:45:00,33688.5664,29244.6641,2536.75635,1350.57007,246.682037
2026-09-13 10:00:00,33688.5664,29244.6641,2536.75635,1350.57007,246.682037
2026-09-13 10:15:00,31429.5273,28573.0313,3092.13623,1347.54211,236.902771
2026-09-13 10:30:00,31429.5273,28573.0313,3092.13623,1347.54211,236.902771
2026-09-13 10:45:00,31659.9238,28520.4551,2954.242,1341.50732,235.638718
2026-09-13 11:00:00,31750.3867,28106.2,3154.0022,1353.15942,234.684235
2026-09-13 11:15:00,31750.3867,28106.2,3154.0022,1353.15942,234.684235
2026-09-13 11:30:00,29752.2441,28252.3438,3140.19482,1335.4137,227.2868
2026-09-13 11:45:00,29648.5645,27417.5469,3413.86133,1342.33154,219.538
2026-09-13 12:00:00,29648.5645,27417.5469,3413.86133,1342.33154,219.538
2026-09-13 12:15:00,28877.7188,26620.1836,3293.63159,1363.34241,210.202682
2026-09-13 12:30:00,28877.7188,26620.1836,3293.63159,1363.34241,210.202682
2026-09-13 12:45:00,29143.0586,26277.3242,2956.9502,1361.96863,202.332413
2026-09-13 13:00:00,26987.5078,24790.13,3159.80322,1386.94,188.779
2026-09-13 13:15:00,26987.5078,24790.13,3159.80322,1386.94,188.779
2026-09-13 13:30:00,29860.1582,26309.0977,3027.98022,1379.09851,204.184967
2026-09-13 13:45:00,31842.127,27668.6113,2716.8064,1352.33557,205.355057
2026-09-13 14:00:00,31842.127,27668.6113,2716.8064,1352.33557,205.355057
2026-09-13 14:15:00,30548.9219,26993.25,2787.04565,1359.38586,203.442886
2026-09-13 14:30:00,31739.75,27112.4512,2238.52783,1365.08435,196.247025
2026-09-13 14:45:00,31739.75,27112.4512,2238.52783,1365.08435,196.247025
2026-09-13 15:00:00,27307.7227,24372.082,2838.899,1402.0675,191.57811
2026-09-13 15:15:00,29636.7852,25810.543,2749.13428,1383.92334,197.784775
2026-09-13 15:30:00,29636.7852,25810.543,2749.13428,1383.92334,197.784775
2026-09-13 15:45:00,30599.252,26718.7461,2637.147,1368.85132,197.3422
2026-09-13 16:00:00,29809.8359,26970.5117,2648.54028,1359.65479,190.4099
2026-09-13 16:15:00,29809.8359,26970.5117,2648.54028,1359.65479,190.4099
2026-09-13 16:30:00,29328.6934,27025.11,2689.48242,1350.961,191.937988
2026-09-13 16:45:00,29328.6934,27025.11,2689.48242,1350.961,191.937988
2026-09-13 17:00:00,31812.4824,28305.03,2493.858,1336.35352,193.397324
2026-09-13 17:15:00,31812.4824,28305.03,2493.858,1336.35352,193.397324
2026-09-13 17:30:00,31812.4824,28305.03,2493.858,1336.35352,193.397324
2026-09-13 17:45:00,31812.4824,28305.03,2493.858,1336.35352,193.397324
2026-09-13 18:00:00,31812.4824,28305.03,2493.858,1336.35352,193.397324
2026-09-13 18:15:00,31812.4824,28305.03,2493.858,1336.35352,193.397324
2026-09-13 18:30:00,31812.4824,28305.03,2493.858,1336.35352,193.397324
2026-09-13 18:45:00,31812.4824,28305.03,2493.858,1336.35352,193.397324
2026-09-13 19:00:00,31812.4824,28305.03,2493.858,1336.35352,193.397324
2026-09-13 19:15:00,31977.5723,28889.1836,3497.68848,1313.22607,189.495224
2026-09-13 19:30:00,30868.2031,27766.6055,3888.565,1350.78833,187.7416
2026-09-13 19:45:00,33025.84,28546.98,3227.1543,1343.13928,187.854782
2026-09-13 20:00:00,32436.26,28264.8027,3741.25732,1348.80139,192.830612
2026-09-13 20:15:00,33639.2461,29144.44,3619.54761,1329.40833,190.373581
2026-09-13 20:30:00,33360.9023,28910.7715,3649.8396,1339.50037,187.412216
2026-09-13 20:45:00,33691.48,28932.6641,3574.3335,1334.60364,183.91185
2026-09-13 21:00:00,33325.3945,28818.2578,3918.279,1345.12231,181.781815
2026-09-13 21:15:00,34098.9961,29612.0957,3766.93481,1316.71643,183.458572
2026-09-13 21:30:00,34175.793,29212.4,3343.58472,1334.43,175.680954
2026-09-13 21:45:00,31127.5918,26655.8047,4504.08,1355.46216,178.3062
2026-09-13 22:00:00,0.0,0.0,0.0,0.0,0.0
2026-09-13 22:15:00,32316.1055,27544.4727,2498.8064,1401.264,166.524933
2026-09-13 22:30:00,30984.3945,24055.15,2423.34619,1492.44824,163.4484
2026-09-13 22:45:00,32502.8672,24210.7715,2323.51318,1498.75159,162.54213
2026-09-13 23:00:00,32273.9336,23118.7,2357.73267,1525.74512,168.003281
2026-09-13 23:15:00,31099.6367,22391.082,2367.75464,1530.33179,165.106079
2026-09-13 23:30:00,29971.4824,21517.6953,2254.07031,1550.80908,160.714111
2026-09-13 23:45:00,27123.2773,18642.373,2336.22778,1622.6908,154.585678
2026-09-14 00:00:00,24335.4043,15998.6836,2157.251,1694.21667,145.723755
2026-09-14 00:15:00,22867.6465,14857.3613,2221.12476,1696.24414,145.843979
2026-09-14 00:30:00,21801.2422,14108.0625,2168.48315,1723.95,146.292
2026-09-14 00:45:00,18572.9648,11764.4355,2227.89453,1766.70789,139.301117
2026-09-14 01:00:00,18616.59,11599.9424,2121.624,1773.8252,140.87326
2026-09-14 01:15:00,15810.17,9547.801,2184.548,1830.14954,135.58374
2026-09-14 01:30:00,15810.17,9547.801,2184.548,1830.14954,135.58374
2026-09-14 01:45:00,14835.47,8739.271,2184.493,1835.71606,133.34108
2026-09-14 02:00:00,14835.47,8739.271,2184.493,1835.71606,133.34108
2026-09-14 02:15:00,13829.043,8138.35449,2270.49976,1843.90576,133.5453
2026-09-14 02:30:00,12959.0166,7443.38965,2114.138,1864.85242,125.30542
2026-09-14 02:45:00,11405.0645,6486.421,2169.40039,1885.02478,128.312225
2026-09-14 03:00:00,32437.1133,24245.89,2385.711,1511.31067,177.170731
2026-09-14 03:15:00,32996.69,26728.5039,3397.3418,1407.23291,179.085648
2026-09-14 03:30:00,31662.2441,27865.5039,5167.066,1349.24573,180.167923
2026-09-14 03:45:00,28548.4082,23952.541,4776.62549,1445.1792,171.184982
2026-09-14 04:00:00,31638.2266,25513.64,3916.798,1440.396,181.707443
2026-09-14 04:15:00,33107.4336,27717.166,3778.56421,1403.77966,186.642014
2026-09-14 04:30:00,33745.23,28247.5469,3484.321,1406.8938,183.166641
2026-09-14 04:45:00,35353.61,29703.07,3273.96631,1370.62854,186.278152
2026-09-14 05:00:00,36611.4531,30709.8516,3279.09546,1354.7688,190.147781
2026-09-14 05:15:00,37757.2344,32255.2656,3092.399,1332.06946,196.566147
2026-09-14 05:30:00,33489.7461,31799.0469,4090.73853,1284.60217,182.020874
2026-09-14 05:45:00,31408.2344,31793.1211,4352.73828,1251.92444,166.7883
2026-09-14 06:00:00,31763.2051,30797.74,3767.83,1280.01453,166.750092
2026-09-14 06:15:00,33659.5859,31047.916,3009.967,1312.81763,171.94426
2026-09-14 06:30:00,34659.5977,31191.875,2808.64136,1301.68909,177.34111
2026-09-14 06:45:00,34850.5977,31215.9922,2790.41626,1301.34277,172.648361
2026-09-14 07:00:00,35072.7227,31064.1348,2785.95825,1307.24951,178.561279
2026-09-14 07:15:00,35181.1055,31083.2188,2711.288,1307.19214,176.134827
2026-09-14 07:30:00,35181.1055,31083.2188,2711.288,1307.19214,176.134827
2026-09-14 07:45:00,35179.3555,31426.0371,2685.2998,1308.45581,179.548035
2026-09-14 08:00:00,35089.57,31265.7656,2695.50684,1304.461,179.754547
2026-09-14 08:15:00,35300.0625,31766.8066,2544.192,1302.94531,178.999939
2026-09-14 08:30:00,34882.7344,32270.45,2681.5896,1282.51843,181.967361
2026-09-14 08:45:00,34748.1,31807.7949,2726.179,1289.80652,181.678711
2026-09-14 09:00:00,34952.5273,31300.4414,2575.3,1319.78223,185.954224
2026-09-14 09:15:00,34752.4648,31287.2559,2512.2124,1303.31445,191.256943
2026-09-14 09:30:00,34679.18,32165.9688,2403.85718,1280.20862,190.441132
2026-09-14 09:45:00,34400.8867,32598.8086,2388.904,1290.20642,183.261612
2026-09-14 10:00:00,33796.91,31680.7813,2458.88867,1291.79407,189.625488
2026-09-14 10:15:00,34318.6328,31780.15,2317.65356,1289.46863,192.575653
2026-09-14 10:30:00,33431.72,31604.1563,2582.96143,1298.082,194.375717
2026-09-14 10:45:00,33431.72,31604.1563,2582.96143,1298.082,194.375717
2026-09-14 11:00:00,33958.52,32387.4629,2426.339,1280.58752,198.537521
2026-09-14 11:15:00,31316.8066,30084.1387,2606.30664,1304.61292,191.919144
2026-09-14 11:30:00,31316.8066,30084.1387,2606.30664,1304.61292,191.919144
2026-09-14 11:45:00,31498.5977,29357.4121,2485.953,1324.04053,197.2799
2026-09-14 12:00:00,32553.3027,29708.2656,2354.97363,1334.82837,201.6961
2026-09-14 12:15:00,30645.7637,28377.1719,2490.93823,1350.13757,202.070328
2026-09-14 12:30:00,30645.7637,28377.1719,2490.93823,1350.13757,202.070328
2026-09-14 12:45:00,31742.0234,29428.8223,2335.916,1327.7384,203.242264
2026-09-14 13:00:00,31742.0234,29428.8223,2335.916,1327.7384,203.242264
2026-09-14 13:15:00,32556.1523,28567.4883,2260.65063,1363.51746,214.22821
2026-09-14 13:30:00,31896.7871,30620.2813,2109.9707,1310.78333,203.619263
2026-09-14 13:45:00,31896.7871,30620.2813,2109.9707,1310.78333,203.619263
2026-09-14 14:00:00,32252.7676,28628.416,2379.854,1343.88074,210.866409
2026-09-14 14:15:00,32238.38,29597.8828,2288.544,1311.277,211.576492
2026-09-14 14:30:00,32238.38,29597.8828,2288.544,1311.277,211.576492
2026-09-14 14:45:00,31633.3281,29926.5957,2258.047,1305.38818,208.160019
2026-09-14 15:00:00,31633.3281,29926.5957,2258.047,1305.38818,208.160019
2026-09-14 15:15:00,30743.79,29172.0117,2436.29175,1314.56274,210.8367
2026-09-14 15:30:00,31798.832,29309.2852,2239.95215,1333.244,217.742508
2026-09-14 15:45:00,31798.832,29309.2852,2239.95215,1333.244,217.742508
2026-09-14 16:00:00,31071.7324,29319.0918,2293.16772,1317.14343,212.314835
2026-09-14 16:15:00,31071.7324,29319.0918,2293.16772,1317.14343,212.314835
2026-09-14 16:30:00,29289.5137,28124.6484,2358.39185,1338.57178,204.106079
2026-09-14 16:45:00,30385.1543,28394.9473,2312.849,1329.76086,211.974457
2026-09-14 17:00:00,30385.1543,28394.9473,2312.849,1329.76086,211.974457
2026-09-14 17:15:00,29909.84,28223.373,2157.761,1342.62988,206.506668
2026-09-14 17:30:00,29909.84,28223.373,2157.761,1342.62988,206.506668
2026-09-14 17:45:00,30859.1367,28263.5938,2122.91113,1349.01685,208.130676
2026-09-14 18:00:00,32150.6953,28882.2949,1934.10632,1347.60754,200.687973
2026-09-14 18:15:00,32150.6953,28882.2949,1934.10632,1347.60754,200.687973
2026-09-14 18:30:00,31615.2344,28138.9141,2097.6543,1365.962,204.018768
2026-09-14 18:45:00,31846.8613,28581.9688,1976.0918,1362.12732,196.898422
2026-09-14 19:00:00,31846.8613,28581.9688,1976.0918,1362.12732,196.898422
2026-09-14 19:15:00,31495.2871,28446.6621,2095.00537,1346.47278,200.4175
2026-09-14 19:30:00,31495.2871,28446.6621,2095.00537,1346.47278,200.4175
2026-09-14 19:45:00,31703.2715,29086.04,1981.186,1333.77771,193.343948
2026-09-14 20:00:00,30599.1445,29070.6035,2034.72375,1319.73352,191.3253
2026-09-14 20:15:00,30599.1445,29070.6035,2034.72375,1319.73352,191.3253
2026-09-14 20:30:00,30874.3086,28298.582,1908.92053,1344.09924,189.629028
2026-09-14 20:45:00,30175.9121,28922.0547,1995.54761,1316.19324,184.28479
2026-09-14 21:00:00,30175.9121,28922.0547,1995.54761,1316.19324,184.28479
2026-09-14 21:15:00,30076.5039,28777.5547,1943.56384,1325.62366,184.458313
2026-09-14 21:30:00,31321.77,29061.2363,1808.36707,1328.759,188.862488
2026-09-14 21:45:00,31321.77,29061.2363,1808.36707,1328.759,188.862488
2026-09-14 22:00:00,30542.0176,29015.7422,1912.70117,1323.21619,189.930588
2026-09-14 22:15:00,31847.9531,29971.834,1802.16724,1317.51343,190.422058
2026-09-14 22:30:00,31847.9531,29971.834,1802.16724,1317.51343,190.422058
2026-09-14 22:45:00,31489.67,29712.32,1945.87488,1320.35339,184.140091
2026-09-14 23:00:00,33801.0625,31790.6719,1860.21777,1293.41187,196.752762
2026-09-14 23:15:00,33801.0625,31790.6719,1860.21777,1293.41187,196.752762
2026-09-14 23:30:00,32284.07,29172.01,2075.163,1331.51843,194.584351
2026-09-14 23:45:00,33076.9531,29545.3359,2000.52161,1332.56445,196.756348
2026-09-15 00:00:00,33076.9531,29545.3359,2000.52161,1332.56445,196.756348
2026-09-15 00:15:00,32957.2227,29771.1367,2034.87158,1330.83984,193.28183
2026-09-15 00:30:00,32957.2227,29771.1367,2034.87158,1330.83984,193.28183
2026-09-15 00:45:00,31791.2344,29459.8984,2184.33179,1330.83984,192.480072
2026-09-15 01:00:00,31791.2344,29459.8984,2184.33179,1324.75256,192.480072
2026-09-15 01:15:00,33025.82,30458.5059,2020.81335,1306.12769,194.077225
2026-09-15 01:30:00,33025.82,30458.5059,2020.81335,1306.12769,194.077225
2026-09-15 01:45:00,33126.3672,30365.25,2064.92725,1325.66589,194.480453
2026-09-15 02:00:00,33952.8867,30765.25,1979.43433,1304.43372,191.313736
2026-09-15 02:15:00,33952.8867,30765.25,1979.43433,1304.43372,191.313736
2026-09-15 02:30:00,32915.06,31311.0527,2070.36914,1292.47656,184.811218
2026-09-15 02:45:00,33426.0273,31078.1289,2016.13452,1308.03186,188.933319
2026-09-15 03:00:00,33426.0273,31078.1289,2016.13452,1308.03186,188.933319
2026-09-15 03:15:00,32739.0938,29483.8379,2064.18237,1341.81372,188.702911
2026-09-15 03:30:00,33990.332,30517.77,2047.08887,1320.7865,188.871475
2026-09-15 03:45:00,33990.332,30517.77,2047.08887,1320.7865,188.871475
2026-09-15 04:00:00,32602.8047,29733.1738,2138.86035,1323.69763,185.849609
2026-09-15 04:15:00,33246.9453,30860.5313,2049.81348,1293.93811,185.963379
2026-09-15 04:30:00,33246.9453,30860.5313,2049.81348,1293.93811,185.963379
2026-09-15 04:45:00,32650.8574,30485.4922,2254.45044,1308.88049,182.638611
2026-09-15 05:00:00,32980.74,29995.9258,2144.04272,1309.52563,189.222885
2026-09-15 05:15:00,32980.74,29995.9258,2144.04272,1309.52563,189.222885
2026-09-15 05:30:00,33504.6133,30851.209,2178.86768,1306.8894,184.113586
2026-09-15 05:45:00,33504.6133,30851.209,2178.86768,1306.8894,184.113586
2026-09-15 06:00:00,32969.92,30354.834,2279.94775,1315.163,183.667816
2026-09-15 06:15:00,32800.6758,31302.1426,2227.6145,1284.35413,182.562225
2026-09-15 06:30:00,32800.6758,31302.1426,2227.6145,1284.35413,182.562225
2026-09-15 06:45:00,33800.4258,30745.9141,2318.21436,1302.23071,184.86058
2026-09-15 07:00:00,33673.34,30661.0859,2377.609,1315.451,185.648422
2026-09-15 07:15:00,33673.34,30661.0859,2377.609,1315.451,185.648422
2026-09-15 07:30:00,34039.125,30467.0762,2429.12573,1314.279,187.887573
2026-09-15 07:45:00,34039.125,30467.0762,2429.12573,1314.279,187.887573
2026-09-15 08:00:00,33682.5,29373.4277,2486.442,1347.0957,195.426285
2026-09-15 08:15:00,33682.5,29373.4277,2486.442,1347.0957,195.426285
2026-09-15 08:30:00,31384.11,30658.7617,2460.90186,1289.16907,190.778458
2026-09-15 08:45:00,32940.9023,30073.627,2401.42627,1304.33044,193.3326
2026-09-15 09:00:00,32940.9023,30073.627,2401.42627,1304.33044,193.3326
2026-09-15 09:15:00,30323.459,30755.3,2404.816,1287.40442,193.748474
2026-09-15 09:30:00,31566.17,28853.2129,2317.795,1318.3208,199.760147
2026-09-15 09:45:00,31566.17,28853.2129,2317.795,1318.3208,199.760147
2026-09-15 10:00:00,32229.77,29540.7285,2245.71851,1313.18445,193.329117
2026-09-15 10:15:00,31853.9941,32599.0586,2044.52307,1238.78638,183.287872
2026-09-15 10:30:00,31853.9941,32599.0586,2044.52307,1238.78638,183.287872
2026-09-15 10:45:00,32262.4063,29431.0449,2169.58862,1312.59937,195.500885
2026-09-15 11:00:00,29250.03,31027.2813,2081.736,1265.05872,180.068924
2026-09-15 11:15:00,29250.03,31027.2813,2081.736,1265.05872,180.068924
2026-09-15 11:30:00,31771.7539,28541.55,2126.48071,1337.28125,185.618988
2026-09-15 11:45:00,31851.6,30839.2129,1987.93054,1275.8512,183.003326
2026-09-15 12:00:00,31851.6,30839.2129,1987.93054,1275.8512,183.003326
2026-09-15 12:15:00,33518.98,30613.748,1984.86987,1299.86987,183.48468
2026-09-15 12:30:00,33518.98,30613.748,1984.86987,1299.86987,183.48468
2026-09-15 12:45:00,32478.7227,30500.9453,1994.84607,1292.94617,180.64888
2026-09-15 13:00:00,32507.9512,30178.2617,2008.85229,1311.30237,183.359711
2026-09-15 13:15:00,32507.9512,30178.2617,2008.85229,1311.30237,183.359711
2026-09-15 13:30:00,33097.38,30992.7422,1935.933,1279.08459,179.488434
2026-09-15 13:45:00,33097.38,30992.7422,1935.933,1279.08459,179.488434
2026-09-15 14:00:00,32576.2266,29974.7441,2039.87854,1319.65259,185.022446
2026-09-15 14:15:00,33831.37,30387.9063,1919.31433,1323.59949,192.495651
2026-09-15 14:30:00,33831.37,30387.9063,1919.31433,1323.59949,192.495651
2026-09-15 14:45:00,29912.2949,28294.3262,2381.82739,1322.27893,185.10321
2026-09-15 15:00:00,33863.793,30531.7871,1885.67725,1303.53455,184.87207
2026-09-15 15:15:00,33863.793,30531.7871,1885.67725,1303.53455,184.87207
2026-09-15 15:30:00,33410.1328,30138.3418,1977.79272,1319.7395,194.937912
2026-09-15 15:45:00,33410.1328,30138.3418,1977.79272,1319.7395,194.937912
2026-09-15 16:00:00,33396.0547,29673.8828,1960.50378,1327.16443,194.455017
2026-09-15 16:15:00,33396.0547,29673.8828,1960.50378,1327.16443,194.455017
2026-09-15 16:30:00,33265.207,30031.5449,2021.733,1321.20886,188.911591
2026-09-15 16:45:00,33359.34,30431.3965,2090.44971,1312.45764,191.508667
2026-09-15 17:00:00,33359.34,30431.3965,2090.44971,1312.45764,191.508667
2026-09-15 17:15:00,33563.21,29880.4023,1983.06763,1331.02087,189.446884
2026-09-15 17:30:00,33573.5742,30123.502,2019.80518,1323.49719,193.144
2026-09-15 17:45:00,33573.5742,30123.502,2019.80518,1323.49719,193.144
2026-09-15 18:00:00,33267.6523,29344.248,2104.27466,1351.76221,196.819122
2026-09-15 18:15:00,33267.6523,29344.248,2104.27466,1351.76221,196.819122
2026-09-15 18:30:00,33876.67,29703.1465,2034.76135,1337.07117,199.5837
2026-09-15 18:45:00,33815.43,30742.73,1934.95972,1310.06677,197.7631
2026-09-15 19:00:00,33815.43,30742.73,1934.95972,1310.06677,197.7631
2026-09-15 19:15:00,34108.125,30313.2676,2008.40344,1331.27917,202.804489
2026-09-15 19:30:00,33577.8945,29081.24,2253.962,1353.30481,213.095947
2026-09-15 19:45:00,33577.8945,29081.24,2253.962,1353.30481,213.095947
2026-09-15 20:00:00,33577.8945,29081.24,2253.962,1353.30481,213.095947
2026-09-15 20:15:00,33941.29,29879.375,2254.02124,1335.86755,218.229141
2026-09-15 20:30:00,33147.01,30359.59,2282.25122,1317.28772,212.934479
2026-09-15 20:45:00,33147.01,30359.59,2282.25122,1317.28772,212.934479
2026-09-15 21:00:00,32891.3359,31178.8184,2245.07715,1292.67981,213.107712
2026-09-15 21:15:00,32158.2617,30022.0742,2459.261,1301.78088,218.187881
2026-09-15 21:30:00,32158.2617,30022.0742,2459.261,1301.78088,218.187881
2026-09-15 21:45:00,32599.7051,29677.082,2387.4646,1319.881,214.464783
2026-09-15 22:00:00,31679.55,29130.99,2701.84082,1306.69312,217.460159
2026-09-15 22:15:00,31679.55,29130.99,2701.84082,1306.69312,217.460159
2026-09-15 22:30:00,31347.95,29128.9063,2831.345,1308.91907,210.48436
2026-09-15 22:45:00,31197.4844,27938.5039,2836.81543,1353.54358,216.502762
2026-09-15 23:00:00,31197.4844,27938.5039,2836.81543,1353.54358,216.502762
2026-09-15 23:15:00,32446.5781,29250.627,2832.112,1337.4635,211.9696
2026-09-15 23:30:00,33066.6328,31049.95,2772.73682,1297.81433,213.950348
2026-09-15 23:45:00,33066.6328,31049.95,2772.73682,1297.81433,213.950348
2026-09-16 00:00:00,33745.37,30169.88,3056.86548,1318.57031,211.370422
2026-09-16 00:15:00,33745.37,30169.88,3056.86548,1318.57031,211.370422
2026-09-16 00:30:00,33579.58,30013.75,3013.962,1326.34082,212.436737
2026-09-16 00:45:00,31616.9512,28848.6133,3067.54883,1334.06433,202.308
2026-09-16 01:00:00,31616.9512,28848.6133,3067.54883,1334.06433,202.308
2026-09-16 01:15:00,33197.66,29360.2715,2984.93677,1349.35742,208.352676
2026-09-16 01:30:00,34349.7578,29922.2813,3012.83252,1325.17834,213.429352
2026-09-16 01:45:00,34349.7578,29922.2813,3012.83252,1325.17834,213.429352
2026-09-16 02:00:00,35323.1758,30421.7676,2775.91162,1342.90576,219.065964
2026-09-16 02:15:00,35323.1758,30421.7676,2775.91162,1342.90576,219.065964
2026-09-16 02:30:00,34843.38,29941.2129,2788.51245,1344.8584,218.223282
2026-09-16 02:45:00,35512.8125,30568.4063,2715.16919,1333.14758,216.974579
2026-09-16 03:00:00,35512.8125,30568.4063,2715.16919,1333.14758,216.974579
2026-09-16 03:15:00,36004.67,31584.1074,2709.50684,1315.27441,211.213654
2026-09-16 03:30:00,36004.67,31584.1074,2709.50684,1315.27441,211.213654
2026-09-16 03:45:00,35369.9258,30753.7441,2679.24731,1330.71863,208.478485
2026-09-16 04:00:00,35837.3672,31263.59,2569.96558,1320.73315,210.326721
2026-09-16 04:15:00,35837.3672,31263.59,2569.96558,1320.73315,210.326721
2026-09-16 04:30:00,35680.6523,29508.36,2572.45435,1370.45618,207.675171
2026-09-16 04:45:00,35724.2773,32015.66,2423.95435,1301.526,196.86142
2026-09-16 05:00:00,35724.2773,32015.66,2423.95435,1301.526,196.86142
2026-09-16 05:15:00,36645.9766,32540.8848,2418.59619,1295.7981,197.813065
2026-09-16 05:30:00,35992.3633,31126.3281,2394.84961,1326.67566,197.435287
2026-09-16 05:45:00,35992.3633,31126.3281,2394.84961,1326.67566,197.435287
2026-09-16 06:00:00,36201.3867,31321.6582,2310.55371,1323.20544,200.089859
2026-09-16 06:15:00,36201.3867,31321.6582,2310.55371,1323.20544,200.089859
2026-09-16 06:30:00,35529.3438,30532.1445,2228.62817,1337.74329,200.340118
2026-09-16 06:45:00,36203.3867,32206.2539,1854.00439,1311.305,200.084213
2026-09-16 07:00:00,36203.3867,32206.2539,1854.00439,1311.305,200.084213
2026-09-16 07:15:00,34973.2578,30388.2285,2188.76758,1338.29968,200.338547
2026-09-16 07:30:00,34931.9336,31162.6113,2161.44336,1309.66235,196.779
2026-09-16 07:45:00,34931.9336,31162.6113,2161.44336,1309.66235,196.779
2026-09-16 08:00:00,33647.45,28827.9238,2169.291,1358.41479,204.796234
2026-09-16 08:15:00,33647.45,28827.9238,2169.291,1358.41479,204.796234
2026-09-16 08:30:00,33327.125,29564.2266,2309.462,1329.86731,214.173721
2026-09-16 08:45:00,0.0,0.0,0.0,0.0,0.0
2026-09-16 09:00:00,0.0,0.0,0.0,0.0,0.0
2026-09-16 09:15:00,30430.1211,28704.002,2387.67432,1323.07959,194.326233
2026-09-16 09:30:00,33351.2,29157.02,2246.75024,1352.33826,201.674316
2026-09-16 09:45:00,33351.2,29157.02,2246.75024,1352.33826,201.674316
2026-09-16 10:00:00,33956.082,28922.21,2434.436,1360.43652,206.860641
2026-09-16 10:15:00,35063.3359,29032.3633,2517.829,1376.99316,210.1093
2026-09-16 10:30:00,35063.3359,29032.3633,2517.829,1376.99316,210.1093
2026-09-16 10:45:00,35063.3359,29032.3633,2517.829,1376.99316,210.1093
2026-09-16 11:00:00,35063.3359,29032.3633,2517.829,1376.99316,210.1093
2026-09-16 11:15:00,35063.3359,29032.3633,2517.829,1376.99316,210.1093
2026-09-16 11:30:00,35063.3359,29032.3633,2517.829,1376.99316,210.1093
2026-09-16 11:45:00,35063.3359,29032.3633,2517.829,1376.99316,210.1093
2026-09-16 12:00:00,35063.3359,29032.3633,2517.829,1376.99316,210.1093
2026-09-16 12:15:00,35063.3359,29032.3633,2517.829,1376.99316,210.1093
2026-09-16 12:30:00,33216.97,31617.9023,2870.30249,1278.22485,201.408081
2026-09-16 12:45:00,33216.97,31617.9023,2870.30249,1278.22485,201.408081
2026-09-16 13:00:00,34037.29,31316.0332,2703.27173,1307.63818,201.621536
2026-09-16 13:15:00,34533.41,31527.9336,2673.533,1300.16077,200.828445
2026-09-16 13:30:00,31648.9863,28511.5332,2974.38428,1334.19067,193.709366
2026-09-16 13:45:00,33379.8164,29887.2715,2639.691,1323.09033,197.513336
2026-09-16 14:00:00,33379.8164,29887.2715,2639.691,1323.09033,197.513336
2026-09-16 14:15:00,32469.3477,29095.9277,2799.27075,1343.41187,193.951218
2026-09-16 14:30:00,32104.582,29194.1738,2771.083,1328.71155,193.164276
2026-09-16 14:45:00,32164.6289,29478.0977,2695.184,1321.23218,193.029373
2026-09-16 15:00:00,32316.6484,28710.67,2659.10669,1341.77747,193.300568
2026-09-16 15:15:00,31163.123,30665.7988,2573.97974,1285.98657,191.370621
2026-09-16 15:30:00,31163.123,30665.7988,2573.97974,1285.98657,191.370621
2026-09-16 15:45:00,31776.502,29402.8145,2531.37817,1320.66589,190.247284
2026-09-16 16:00:00,31193.0,30860.2031,2774.56616,1271.07007,194.849884
2026-09-16 16:15:00,31193.0,30860.2031,2774.56616,1271.07007,194.849884
2026-09-16 16:30:00,34375.46,33263.1172,2354.95459,1246.53687,190.556625
2026-09-16 16:45:00,32707.9727,32366.1445,2551.4353,1244.04016,194.076492
2026-09-16 17:00:00,32707.9727,32366.1445,2551.4353,1244.04016,194.076492
2026-09-16 17:15:00,32953.7266,31439.7031,2512.942,1291.98633,198.368149
2026-09-16 17:30:00,33837.76,31648.2871,2402.041,1294.961,207.441742
2026-09-16 17:45:00,33837.76,31648.2871,2402.041,1294.961,207.441742
2026-09-16 18:00:00,32941.05,31675.5918,2635.96948,1279.39612,203.73114
2026-09-16 18:15:00,32375.4551,30032.99,2541.67944,1306.8457,198.946045
2026-09-16 18:30:00,32375.4551,30032.99,2541.67944,1306.8457,198.946045
2026-09-16 18:45:00,32655.6348,30277.1074,2422.10034,1304.47363,195.333176
2026-09-16 19:00:00,32655.6348,30277.1074,2422.10034,1304.47363,195.333176
2026-09-16 19:15:00,33639.457,30847.9355,2468.67041,1308.73315,194.8145
2026-09-16 19:30:00,33035.9023,30017.2051,2508.347,1312.28442,196.8545
2026-09-16 19:45:00,33035.9023,30017.2051,2508.347,1312.28442,196.8545
2026-09-16 20:00:00,33337.6641,29430.2813,2481.16626,1331.82056,195.91629
2026-09-16 20:15:00,33033.84,30220.8848,2439.883,1311.45483,193.395
2026-09-16 20:30:00,33033.84,30220.8848,2439.883,1311.45483,193.395
2026-09-16 20:45:00,33970.64,29619.3711,2583.18213,1316.73718,199.249756
2026-09-16 21:00:00,34148.4063,29245.502,2549.28979,1334.00159,203.90535
2026-09-16 21:15:00,34148.4063,29245.502,2549.28979,1334.00159,203.90535
2026-09-16 21:30:00,32023.21,30576.6777,2479.37964,1279.50232,187.1682
2026-09-16 21:45:00,33302.4648,30797.709,2276.188,1309.89917,195.920776
2026-09-16 22:00:00,33302.4648,30797.709,2276.188,1309.89917,195.920776
2026-09-16 22:15:00,36148.72,31785.3789,2453.26782,1325.26892,213.777527
2026-09-16 22:30:00,36148.72,31785.3789,2453.26782,1325.26892,213.777527
2026-09-16 22:45:00,36673.2852,32067.2129,2493.38062,1315.42676,212.380386
2026-09-16 23:00:00,35486.2734,31776.1563,2833.1333,1307.56384,208.998413
2026-09-16 23:15:00,35486.2734,31776.1563,2833.1333,1307.56384,208.998413
2026-09-16 23:30:00,36397.37,32424.2051,2732.23926,1293.90466,213.082672
2026-09-16 23:45:00,36397.37,32424.2051,2732.23926,1293.90466,213.082672
2026-09-17 00:00:00,35814.26,31230.67,2791.84229,1311.61926,209.309891
2026-09-17 00:15:00,35417.4141,31172.709,2773.19873,1308.29541,207.06813
2026-09-17 00:30:00,35417.4141,31172.709,2773.19873,1308.29541,207.06813
2026-09-17 00:45:00,35213.54,32232.2168,2640.54761,1294.54236,201.74942
2026-09-17 01:00:00,34488.48,30766.1953,2634.425,1335.46631,202.398
2026-09-17 01:15:00,34488.48,30766.1953,2634.425,1335.46631,202.398
2026-09-17 01:30:00,34971.1445,31454.31,2610.4978,1307.654,197.32843
2026-09-17 01:45:00,34971.1445,31454.31,2610.4978,1307.654,197.32843
2026-09-17 02:00:00,33949.8047,32770.92,2434.89648,1258.3092,186.45137
2026-09-17 02:15:00,34960.9648,32832.36,2429.07886,1266.95984,188.086945
2026-09-17 02:30:00,34960.9648,32832.36,2429.07886,1266.95984,188.086945
2026-09-17 02:45:00,34785.81,32842.24,2241.04541,1276.83569,186.290024
2026-09-17 03:00:00,35450.91,33104.83,2219.06055,1292.35059,187.449478
2026-09-17 03:15:00,35450.91,33104.83,2219.06055,1292.35059,187.449478
2026-09-17 03:30:00,35410.59,33516.2852,2351.89063,1274.08118,189.875488
2026-09-17 03:45:00,35752.8242,33329.8477,2563.13159,1275.946,189.692
2026-09-17 04:00:00,35752.8242,33329.8477,2563.13159,1275.946,189.692
2026-09-17 04:15:00,35941.0742,33243.4648,2642.05884,1287.377,192.213
2026-09-17 04:30:00,35941.0742,33243.4648,2642.05884,1287.377,192.213
2026-09-17 04:45:00,35504.3828,32497.4043,2736.89526,1293.45239,193.155624
2026-09-17 05:00:00,35536.582,31045.1875,2542.277,1352.35364,195.836365
2026-09-17 05:15:00,35536.582,31045.1875,2542.277,1352.35364,195.836365
2026-09-17 05:30:00,34844.01,34447.875,2683.357,1243.28381,181.60376
2026-09-17 05:45:00,34844.01,34447.875,2683.357,1243.28381,181.60376
2026-09-17 06:00:00,35490.582,34018.32,2774.476,1255.56543,189.591537
2026-09-17 06:15:00,35901.58,34777.3477,2576.86328,1238.27551,192.35498
2026-09-17 06:30:00,35901.58,34777.3477,2576.86328,1238.27551,192.35498
2026-09-17 06:45:00,35908.6563,34167.99,2641.60034,1248.18237,193.46524
2026-09-17 07:00:00,35912.4727,34200.9648,2645.75781,1253.01379,194.206818
2026-09-17 07:15:00,35912.4727,34200.9648,2645.75781,1253.01379,194.206818
2026-09-17 07:30:00,35382.79,34403.2656,2751.107,1228.27515,190.5615
2026-09-17 07:45:00,36106.8242,33343.57,2727.76636,1274.95264,200.200851
2026-09-17 08:00:00,36106.8242,33343.57,2727.76636,1274.95264,200.200851
2026-09-17 08:15:00,36412.6,33232.0664,2759.86426,1279.48914,203.886917
2026-09-17 08:30:00,36716.5664,32870.3125,2825.83032,1287.21521,200.770081
2026-09-17 08:45:00,36716.5664,32870.3125,2825.83032,1287.21521,200.770081
2026-09-17 09:00:00,36929.2031,34159.582,2882.19556,1261.13208,196.108246
2026-09-17 09:15:00,36929.2031,34159.582,2882.19556,1261.13208,196.108246
2026-09-17 09:30:00,35256.3828,33422.1328,2900.40552,1264.22632,189.420212
2026-09-17 09:45:00,35908.7656,34006.3359,2717.815,1250.08142,188.389191
2026-09-17 10:00:00,35908.7656,34006.3359,2717.815,1250.08142,188.389191
2026-09-17 10:15:00,35357.4922,34405.79,2806.19775,1233.78516,188.456924
2026-09-17 10:30:00,35357.4922,34405.79,2806.19775,1233.78516,188.456924
2026-09-17 10:45:00,36072.3633,33992.832,2600.6936,1262.58459,190.985031
2026-09-17 11:00:00,35231.9023,33815.2969,2834.44287,1245.88477,184.048965
2026-09-17 11:15:00,35231.9023,33815.2969,2834.44287,1245.88477,184.048965
2026-09-17 11:30:00,35207.0469,34239.0,2803.77612,1248.17053,182.634659
2026-09-17 11:45:00,34331.47,33438.8359,2983.83447,1248.39966,181.984924
2026-09-17 12:00:00,34331.47,33438.8359,2983.83447,1248.39966,181.984924
2026-09-17 12:15:00,34331.47,33438.8359,2983.83447,1248.39966,181.984924
2026-09-17 12:30:00,34897.6953,34164.543,3284.209,1234.94849,180.438461
2026-09-17 12:45:00,35883.9063,33936.6055,3753.18872,1246.84961,186.14119
2026-09-17 13:00:00,35883.9063,33936.6055,3753.18872,1246.84961,186.14119
2026-09-17 13:15:00,36168.9336,34085.33,4201.643,1245.48779,182.0769
2026-09-17 13:30:00,36168.9336,34085.33,4201.643,1245.48779,182.0769
2026-09-17 13:45:00,36815.9141,35030.4063,4451.06641,1220.78137,182.479614
2026-09-17 14:00:00,36932.42,33986.8125,4728.43555,1238.58948,181.5112
2026-09-17 14:15:00,36932.42,33986.8125,4728.43555,1238.58948,181.5112
2026-09-17 14:30:00,37025.9141,33717.63,5204.042,1244.42261,179.062256
2026-09-17 14:45:00,37640.7969,33727.7227,5490.003,1250.64563,182.7533
2026-09-17 15:00:00,37640.7969,33727.7227,5490.003,1250.64563,182.7533
2026-09-17 15:15:00,37177.9258,34021.0625,5827.272,1227.27393,176.3288
2026-09-17 15:30:00,37539.0938,33895.19,5963.431,1231.43335,178.373352
2026-09-17 15:45:00,37539.0938,33895.19,5963.431,1231.43335,178.373352
2026-09-17 16:00:00,37951.8477,33573.8,6303.261,1243.56677,183.178955
2026-09-17 16:15:00,37951.8477,33573.8,6303.261,1243.56677,183.178955
2026-09-17 16:30:00,37343.6953,33992.918,6009.424,1238.5553,183.382568
2026-09-17 16:45:00,37776.35,33741.6133,5683.75928,1243.45313,189.802475
2026-09-17 17:00:00,37776.35,33741.6133,5683.75928,1243.45313,189.802475
2026-09-17 17:15:00,37007.957,33717.2656,5622.90967,1231.78027,188.854874
2026-09-17 17:30:00,37109.957,34628.0469,5181.195,1228.32239,188.404373
2026-09-17 17:45:00,37109.957,34628.0469,5181.195,1228.32239,188.404373
2026-09-17 18:00:00,37447.457,33925.2539,5092.69043,1247.05615,191.650391
2026-09-17 18:15:00,37447.457,33925.2539,5092.69043,1247.05615,191.650391
2026-09-17 18:30:00,38224.91,34395.2266,5297.043,1240.39563,193.627167
2026-09-17 18:45:00,38468.9258,34508.76,5317.943,1245.87927,190.425217
2026-09-17 19:00:00,38468.9258,34508.76,5317.943,1245.87927,190.425217
2026-09-17 19:15:00,40072.01,34937.41,5182.235,1268.51086,187.987137
2026-09-17 19:30:00,40072.01,34937.41,5182.235,1268.51086,187.987137
2026-09-17 19:45:00,40330.72,35004.625,6154.022,1246.73682,184.808914
2026-09-17 20:00:00,40660.2852,35178.97,6369.90234,1246.47107,179.014526
2026-09-17 20:15:00,40660.2852,35178.97,6369.90234,1246.47107,179.014526
2026-09-17 20:30:00,40358.0078,34683.43,6648.92,1247.10229,180.884216
2026-09-17 20:45:00,40358.0078,34683.43,6648.92,1247.10229,180.884216
2026-09-17 21:00:00,40479.96,34588.168,6527.9585,1246.8186,175.34166
2026-09-17 21:15:00,40772.43,35038.7461,6647.1,1248.49316,172.6687
2026-09-17 21:30:00,40772.43,35038.7461,6647.1,1248.49316,172.6687
2026-09-17 21:45:00,38980.7266,33881.8867,8174.888,1239.6698,176.05394
2026-09-17 22:00:00,39865.4023,34922.168,6903.296,1240.6438,173.483658
2026-09-17 22:15:00,39865.4023,34922.168,6903.296,1240.6438,173.483658
2026-09-17 22:30:00,39910.5859,34971.4,6337.46143,1237.80554,171.147064
2026-09-17 22:45:00,39910.5859,34971.4,6337.46143,1237.80554,171.147064
2026-09-17 23:00:00,39643.7656,34707.0352,6799.88135,1240.70166,171.404449
2026-09-17 23:15:00,39542.8633,34890.75,6717.79,1243.76929,175.652542
2026-09-17 23:30:00,39542.8633,34890.75,6717.79,1243.76929,175.652542
2026-09-17 23:45:00,39724.7539,35422.8672,6607.452,1228.49072,173.974854
2026-09-18 00:00:00,40085.5039,35306.9453,6271.49854,1238.0249,171.296219
2026-09-18 00:15:00,40085.5039,35306.9453,6271.49854,1238.0249,171.296219
2026-09-18 00:30:00,39999.375,35722.9023,6166.972,1231.25183,170.9306
2026-09-18 00:45:00,39114.2031,35466.875,6332.204,1220.13452,166.757339
2026-09-18 01:00:00,39114.2031,35466.875,6332.204,1220.13452,166.757339
2026-09-18 01:15:00,39213.5547,35459.2773,5968.655,1228.37976,169.293091
2026-09-18 01:30:00,39050.98,35622.0469,6017.659,1231.81421,167.536438
2026-09-18 01:45:00,39050.98,35622.0469,6017.659,1231.81421,167.536438
2026-09-18 02:00:00,40027.8555,35441.85,4732.908,1243.23035,172.069916
2026-09-18 02:15:00,40027.8555,35441.85,4732.908,1243.23035,172.069916
2026-09-18 02:30:00,39169.3945,34795.22,5690.94629,1249.28918,172.288742
2026-09-18 02:45:00,39169.3945,34795.22,5690.94629,1249.28918,172.288742
2026-09-18 03:00:00,39093.6523,35140.97,4908.714,1240.88745,170.404221
2026-09-18 03:15:00,39075.3,35246.01,4944.075,1247.08826,167.768143
2026-09-18 03:30:00,39576.7656,35463.25,5001.31152,1236.54,169.981613
2026-09-18 03:45:00,39201.7266,35044.543,5050.224,1247.40039,175.2728
2026-09-18 04:00:00,39822.2227,35416.81,4801.391,1246.69714,176.234482
2026-09-18 04:15:00,39291.793,34802.375,5296.09131,1258.34155,176.134262
2026-09-18 04:30:00,39847.06,35340.5273,5221.332,1244.43469,179.980881
2026-09-18 04:45:00,40114.3438,35429.9375,4956.99561,1258.075,178.596558
2026-09-18 05:00:00,40211.8125,35405.59,4853.81152,1253.96643,178.395477
2026-09-18 05:15:00,40211.8125,35405.59,4853.81152,1253.96643,178.395477
2026-09-18 05:30:00,40217.043,35484.91,5122.38428,1247.6543,180.93605
2026-09-18 05:45:00,39380.56,35447.42,5669.742,1233.69287,179.022858
2026-09-18 06:00:00,39707.668,35211.6172,5450.2583,1250.16211,182.60849
2026-09-18 06:15:00,39850.3633,35022.9023,4840.903,1244.80615,179.713608
2026-09-18 06:30:00,39850.3633,35022.9023,4840.903,1244.80615,179.713608
2026-09-18 06:45:00,39244.957,35110.79,5176.63232,1234.76489,178.266342
2026-09-18 07:00:00,38644.2578,34913.57,5452.78857,1232.17944,178.362778
2026-09-18 07:15:00,38644.2578,34913.57,5452.78857,1232.17944,178.362778
2026-09-18 07:30:00,38744.7227,34928.59,5095.554,1229.937,179.585159
2026-09-18 07:45:00,38744.7227,34928.59,5095.554,1229.937,179.585159
2026-09-18 08:00:00,38778.207,35806.91,4699.841,1222.44031,165.412537
2026-09-18 08:15:00,39545.32,34662.2148,5107.38428,1256.73328,177.974182
2026-09-18 08:30:00,39545.32,34662.2148,5107.38428,1256.73328,177.974182
2026-09-18 08:45:00,39655.47,35891.9063,4703.379,1232.7926,177.208176
2026-09-18 09:00:00,39655.47,35891.9063,4703.379,1232.7926,177.208176
2026-09-18 09:15:00,39084.457,34429.27,4867.34,1249.446,179.876862
2026-09-18 09:30:00,38796.9531,34440.3633,5066.496,1257.39319,179.979736
2026-09-18 09:45:00,38796.9531,34440.3633,5066.496,1257.39319,179.979736
2026-09-18 10:00:00,38423.58,35000.7148,4258.29834,1231.76111,178.518341
2026-09-18 10:15:00,38423.58,35000.7148,4258.29834,1231.76111,178.518341
2026-09-18 10:30:00,38081.0078,34358.3477,4951.715,1248.59424,184.292313
2026-09-18 10:45:00,37374.24,34069.3555,4901.85254,1250.28162,179.602753
2026-09-18 11:00:00,37374.24,34069.3555,4901.85254,1250.28162,179.602753
2026-09-18 11:15:00,36591.7773,34683.7656,4223.03369,1230.56921,174.738358
2026-09-18 11:30:00,36591.7773,34683.7656,4223.03369,1230.56921,174.738358
2026-09-18 11:45:00,37149.0938,34635.9023,4732.998,1239.76123,176.256287
2026-09-18 12:00:00,37240.33,34965.86,4465.335,1232.24927,172.819519
2026-09-18 12:15:00,37240.33,34965.86,4465.335,1232.24927,172.819519
2026-09-18 12:30:00,37162.54,34670.3,4495.041,1223.88745,175.683624
2026-09-18 12:45:00,37162.54,34670.3,4495.041,1223.88745,175.683624
2026-09-18 13:00:00,38705.1445,35342.5469,4033.47021,1231.45667,181.755585
2026-09-18 13:15:00,38705.1445,35342.5469,4033.47021,1231.45667,181.755585
2026-09-18 13:30:00,38395.1875,35513.8359,4170.538,1237.844,183.196289
2026-09-18 13:45:00,38395.1875,35513.8359,4170.538,1237.844,183.196289
2026-09-18 14:00:00,38700.65,35576.24,3692.215,1233.84973,186.891983
2026-09-18 14:15:00,38930.5742,35754.08,3885.03979,1232.45239,189.753433
2026-09-18 14:30:00,38930.5742,35754.08,3885.03979,1232.45239,189.753433
2026-09-18 14:45:00,39097.1055,35789.28,3329.74585,1242.05042,193.267639
2026-09-18 15:00:00,38987.56,36059.26,3349.37524,1244.14563,195.263962
2026-09-18 15:15:00,38146.71,35625.21,3801.92773,1230.21484,194.225586
2026-09-18 15:30:00,38146.71,35625.21,3801.92773,1230.21484,194.225586
2026-09-18 15:45:00,38042.69,35047.1836,3232.563,1233.19043,197.451416
2026-09-18 16:00:00,38134.0938,35384.6172,3287.94019,1239.03845,197.189392
2026-09-18 16:15:00,38134.0938,35384.6172,3287.94019,1239.03845,197.189392
2026-09-18 16:30:00,37963.88,35375.0977,3193.14771,1232.84924,195.12175
2026-09-18 16:45:00,37963.88,35375.0977,3193.14771,1232.84924,195.12175
2026-09-18 17:00:00,35933.05,34469.6367,3486.07739,1229.10767,189.494461
2026-09-18 17:15:00,37701.49,35247.99,3047.437,1235.41052,190.166718
2026-09-18 17:30:00,37701.49,35247.99,3047.437,1235.41052,190.166718
2026-09-18 17:45:00,37000.14,34427.668,3130.223,1248.712,190.773819
2026-09-18 18:00:00,32368.16,30887.3242,3203.10352,1268.52356,176.735809
2026-09-18 18:15:00,34805.15,32809.3164,2852.854,1245.01819,184.08606
2026-09-18 18:30:00,33866.8242,30853.7715,2711.976,1295.06116,184.12175
2026-09-18 18:45:00,34377.7266,32263.49,2776.521,1265.75269,178.453354
2026-09-18 19:00:00,34377.7266,32263.49,2776.521,1265.75269,178.453354
2026-09-18 19:15:00,36951.582,34314.2266,2772.65869,1246.80151,185.060822
2026-09-18 19:30:00,35814.03,33145.043,2878.38,1259.39124,185.676254
2026-09-18 19:45:00,35814.03,33145.043,2878.38,1259.39124,185.676254
2026-09-18 20:00:00,35499.8867,32629.21,2642.51758,1264.17761,179.529755
2026-09-18 20:15:00,34655.2031,31148.7637,2892.03784,1286.42114,179.366257
2026-09-18 20:30:00,34655.2031,31148.7637,2892.03784,1286.42114,179.366257
2026-09-18 20:45:00,34368.3555,31756.37,3069.73413,1268.958,180.479965
2026-09-18 21:00:00,34368.3555,31756.37,3069.73413,1268.958,180.479965
2026-09-18 21:15:00,35957.35,32316.4688,2667.73853,1277.03589,181.706055
2026-09-18 21:30:00,32576.707,30158.6367,3039.26367,1285.09619,170.772308
2026-09-18 21:45:00,32576.707,30158.6367,3039.26367,1285.09619,170.772308
2026-09-18 22:00:00,30481.12,28328.2246,3113.90454,1287.3949,167.850586
2026-09-18 22:15:00,24968.7871,24848.2969,3168.14185,1313.66943,151.440918
2026-09-18 22:30:00,24968.7871,24848.2969,3168.14185,1313.66943,151.440918
2026-09-18 22:45:00,24293.4688,22368.541,3083.52124,1389.15125,156.705368
2026-09-18 23:00:00,24293.4688,22368.541,3083.52124,1389.15125,156.705368
2026-09-18 23:15:00,26246.9883,23444.127,2981.91016,1368.8739,160.498978
2026-09-18 23:30:00,26246.9883,23444.127,2981.91016,1368.8739,160.498978
2026-09-18 23:45:00,26246.9883,23444.127,2981.91016,1368.8739,160.498978
2026-09-19 00:00:00,34527.5977,32693.51,3073.235,1243.44128,190.555023
2026-09-19 00:15:00,34527.5977,32693.51,3073.235,1243.44128,190.555023
2026-09-19 00:30:00,34527.5977,32693.51,3073.235,1243.44128,190.555023
2026-09-19 00:45:00,34527.5977,32693.51,3073.235,1243.44128,190.555023
2026-09-19 01:00:00,34527.5977,32693.51,3073.235,1243.44128,190.555023
2026-09-19 01:15:00,36701.2148,34878.4336,2963.45874,1250.77808,195.329926
2026-09-19 01:30:00,36787.9141,35070.07,2792.127,1236.75171,198.800354
2026-09-19 01:45:00,36787.9141,35070.07,2792.127,1236.75171,198.800354
2026-09-19 02:00:00,38296.1836,36506.9961,2758.58813,1231.41443,192.868134
2026-09-19 02:15:00,38230.668,37115.8242,2842.732,1222.95557,193.43396
2026-09-19 02:30:00,38647.0977,37077.98,2633.81348,1227.70251,197.706909
2026-09-19 02:45:00,38647.0977,37077.98,2633.81348,1227.70251,197.706909
2026-09-19 03:00:00,36413.2578,35225.5664,2518.15649,1241.36035,190.111282
2026-09-19 03:15:00,36073.17,35894.83,2689.65381,1220.57556,186.837875
2026-09-19 03:30:00,36073.17,35894.83,2689.65381,1220.57556,186.837875
2026-09-19 03:45:00,36783.02,35548.6641,2748.79,1233.03,188.582611
2026-09-19 04:00:00,36982.1875,35962.98,2534.65625,1237.55969,188.971725
2026-09-19 04:15:00,36982.1875,35962.98,2534.65625,1237.55969,188.971725
2026-09-19 04:30:00,37486.5977,36318.3438,2404.76245,1231.04858,190.832733
2026-09-19 04:45:00,37486.5977,36318.3438,2404.76245,1231.04858,190.832733
2026-09-19 05:00:00,37286.6641,36909.09,2511.09766,1211.33118,186.66098
2026-09-19 05:15:00,37692.46,35426.1563,2411.4917,1249.09143,193.064911
2026-09-19 05:30:00,37692.46,35426.1563,2411.4917,1249.09143,193.064911
2026-09-19 05:45:00,37036.1445,35527.7148,2500.96924,1239.44287,187.9732
2026-09-19 06:00:00,36863.19,35390.78,2524.25537,1250.11768,184.470139
2026-09-19 06:15:00,36863.19,35390.78,2524.25537,1250.11768,184.470139
2026-09-19 06:30:00,36017.9258,33726.6836,2584.68726,1270.71228,180.999039
2026-09-19 06:45:00,36500.0039,33888.5156,2544.1123,1265.7771,182.06044
2026-09-19 07:00:00,36500.0039,33888.5156,2544.1123,1265.7771,182.06044
2026-09-19 07:15:00,36674.28,33747.082,2588.681,1279.54846,182.326889
2026-09-19 07:30:00,36611.2539,33487.9,2687.30542,1272.89026,183.1289
2026-09-19 07:45:00,36611.2539,33487.9,2687.30542,1272.89026,183.1289
2026-09-19 08:00:00,36390.66,33762.1133,2833.02,1271.85645,189.833725
2026-09-19 08:15:00,36390.66,33762.1133,2833.02,1271.85645,189.833725
2026-09-19 08:30:00,36839.918,34044.082,2901.70386,1246.74536,188.18399
2026-09-19 08:45:00,35138.94,33169.67,3436.371,1262.50879,181.840363
2026-09-19 09:00:00,35138.94,33169.67,3436.371,1262.50879,181.840363
2026-09-19 09:15:00,36431.5469,33727.78,3320.8,1261.66455,188.167267
2026-09-19 09:30:00,36826.7031,34799.07,3223.06982,1242.62988,186.267212
2026-09-19 09:45:00,36826.7031,34799.07,3223.06982,1242.62988,186.267212
2026-09-19 10:00:00,37177.8945,34146.2031,3210.97046,1257.197,190.7388
2026-09-19 10:15:00,37177.8945,34146.2031,3210.97046,1257.197,190.7388
2026-09-19 10:30:00,36500.832,34392.9648,3313.24414,1239.35645,190.777435
2026-09-19 10:45:00,36500.832,34392.9648,3313.24414,1239.35645,190.777435
2026-09-19 11:00:00,33401.5156,34444.543,3987.24878,1204.09033,182.203339
2026-09-19 11:15:00,36377.5742,33900.0859,3294.02637,1260.09473,195.917969
2026-09-19 11:30:00,36377.5742,33900.0859,3294.02637,1260.09473,195.917969
2026-09-19 11:45:00,37764.3047,33907.9961,2923.00684,1294.66345,194.525055
2026-09-19 12:00:00,36447.5664,33800.4375,3214.719,1269.32227,186.62146
2026-09-19 12:15:00,37394.2148,34225.9258,3028.38428,1270.032,188.50502
2026-09-19 12:30:00,37394.2148,34225.9258,3028.38428,1270.032,188.50502
2026-09-19 12:45:00,36988.457,33766.0078,3084.429,1273.741,185.501343
2026-09-19 13:00:00,35452.15,32942.9453,3290.49536,1258.98083,183.999329
2026-09-19 13:15:00,35452.15,32942.9453,3290.49536,1258.98083,183.999329
2026-09-19 13:30:00,35654.7734,31808.8789,3236.66675,1313.1571,189.3074
2026-09-19 13:45:00,35615.85,31566.4941,3163.84937,1293.72375,188.960449
2026-09-19 14:00:00,35870.9453,32271.4629,3328.97974,1290.96936,189.41037
2026-09-19 14:15:00,35870.9453,32271.4629,3328.97974,1290.96936,189.41037
2026-09-19 14:30:00,38403.5547,34299.72,3010.548,1270.51453,203.624084
2026-09-19 14:45:00,37591.1836,34929.33,3501.9502,1230.60974,198.710358
2026-09-19 15:00:00,37591.1836,34929.33,3501.9502,1230.60974,198.710358
2026-09-19 15:15:00,38157.6367,35285.3438,3486.824,1248.96362,205.572037
2026-09-19 15:30:00,39319.875,35272.6953,3168.88379,1267.491,212.173279
2026-09-19 15:45:00,38906.9922,34948.03,3552.07617,1266.81677,215.404648
2026-09-19 16:00:00,38906.9922,34948.03,3552.07617,1266.81677,215.404648
2026-09-19 16:15:00,39319.72,35089.58,3397.1543,1281.70276,223.794312
2026-09-19 16:30:00,39551.668,35290.082,3327.385,1272.41089,231.151443
2026-09-19 16:45:00,39718.49,35515.7,3289.028,1270.45288,231.996613
2026-09-19 17:00:00,39303.625,35208.1641,3531.169,1260.23181,230.35672
2026-09-19 17:15:00,39192.5469,34786.7734,3458.257,1279.87915,235.561615
2026-09-19 17:30:00,39192.5469,34786.7734,3458.257,1279.87915,235.561615
2026-09-19 17:45:00,38228.6953,35457.8477,3715.139,1230.55908,224.349686
2026-09-19 18:00:00,37788.06,35717.1172,3484.9624,1231.65967,227.307556
2026-09-19 18:15:00,37788.06,35717.1172,3484.9624,1231.65967,227.307556
2026-09-19 18:30:00,37209.0273,34845.9844,3528.75635,1249.25122,226.598877
2026-09-19 18:45:00,37454.06,34525.6,3171.24048,1265.46423,231.351059
2026-09-19 19:00:00,37454.06,34525.6,3171.24048,1265.46423,231.351059
2026-09-19 19:15:00,38000.54,34499.34,3201.90649,1272.54041,237.518265
2026-09-19 19:30:00,38000.54,34499.34,3201.90649,1272.54041,237.518265
2026-09-19 19:45:00,37783.0469,34133.6641,3316.17114,1260.29626,245.743317
2026-09-19 20:00:00,38164.6328,34193.9922,3199.02148,1273.53064,245.193283
2026-09-19 20:15:00,38164.6328,34193.9922,3199.02148,1273.53064,245.193283
2026-09-19 20:30:00,38566.04,34328.11,3012.56421,1281.7804,247.962753
2026-09-19 20:45:00,37969.5977,33966.4023,3265.60352,1282.86755,251.5853
2026-09-19 21:00:00,37969.5977,33966.4023,3265.60352,1282.86755,251.5853
2026-09-19 21:15:00,38157.5039,34207.1055,3037.85034,1275.01917,240.285553
2026-09-19 21:30:00,38389.25,33924.38,2743.46851,1271.0188,234.017715
2026-09-19 21:45:00,38389.25,33924.38,2743.46851,1271.0188,234.017715
2026-09-19 22:00:00,38262.0,33896.7344,2681.99316,1273.0957,233.7142
2026-09-19 22:15:00,35776.48,32582.4883,3635.732,1274.1698,227.217087
2026-09-19 22:30:00,38045.18,33420.3242,2615.996,1288.95886,229.344727
2026-09-19 22:45:00,38045.18,33420.3242,2615.996,1288.95886,229.344727
2026-09-19 23:00:00,37694.96,33257.8,2795.46655,1286.65149,233.086945
2026-09-19 23:15:00,37694.96,33257.8,2795.46655,1286.65149,233.086945
2026-09-19 23:30:00,35626.6953,32122.4141,3200.68872,1283.148,220.24614
2026-09-19 23:45:00,36128.7656,32162.3086,2899.797,1292.13757,223.470764
2026-09-20 00:00:00,35835.9453,31884.4355,3039.452,1293.804,220.441544
2026-09-20 00:15:00,35835.9453,31884.4355,3039.452,1293.804,220.441544
2026-09-20 00:30:00,34185.332,30776.0938,3023.14673,1302.60657,214.609573
2026-09-20 00:45:00,34185.332,30776.0938,3023.14673,1302.60657,214.609573
2026-09-20 01:00:00,33698.43,30013.4277,2702.04321,1313.553,214.1095
2026-09-20 01:15:00,35085.42,31386.8457,2637.01855,1290.93115,214.8697
2026-09-20 01:30:00,36047.5,32052.2031,2504.3396,1283.30713,214.44574
2026-09-20 01:45:00,36047.5,32052.2031,2504.3396,1283.30713,214.44574
2026-09-20 02:00:00,36121.3633,31407.39,2625.38281,1310.35229,223.142334
2026-09-20 02:15:00,36121.3633,31407.39,2625.38281,1310.35229,223.142334
2026-09-20 02:30:00,36722.6758,32556.8789,2251.06738,1302.84082,222.968216
2026-09-20 02:45:00,35730.16,31462.55,2680.469,1304.37427,215.107712
2026-09-20 03:00:00,35730.16,31462.55,2680.469,1304.37427,215.107712
2026-09-20 03:15:00,37497.42,32649.7012,2452.225,1297.5625,224.946136
2026-09-20 03:30:00,37268.9258,31699.6953,2559.3855,1316.22632,226.060272
2026-09-20 03:45:00,37268.9258,31699.6953,2559.3855,1316.22632,226.060272
2026-09-20 04:00:00,38705.9766,33241.07,2053.72119,1296.87317,229.468811
2026-09-20 04:15:00,37763.2969,33543.1875,2457.44849,1285.51013,222.855118
2026-09-20 04:30:00,37763.2969,33543.1875,2457.44849,1285.51013,222.855118
2026-09-20 04:45:00,38835.4648,33629.14,2341.96875,1283.48218,225.933212
2026-09-20 05:00:00,38555.332,34823.457,2331.76782,1262.56067,215.961746
2026-09-20 05:15:00,38555.332,34823.457,2331.76782,1262.56067,215.961746
2026-09-20 05:30:00,38544.793,32742.8477,2391.68115,1303.28491,226.386475
2026-09-20 05:45:00,38490.34,33069.7734,2594.22754,1296.32471,221.608292
2026-09-20 06:00:00,38490.34,33069.7734,2594.22754,1296.32471,221.608292
2026-09-20 06:15:00,38480.07,33249.3164,2549.33765,1290.44775,222.353012
2026-09-20 06:30:00,38166.5977,33393.77,3094.4353,1286.05334,228.011032
2026-09-20 06:45:00,38166.5977,33393.77,3094.4353,1286.05334,228.011032
2026-09-20 07:00:00,38300.418,33645.37,3119.45,1281.965,225.724121
2026-09-20 07:15:00,37951.5352,33046.1445,3575.552,1281.19739,221.522842
2026-09-20 07:30:00,37951.5352,33046.1445,3575.552,1281.19739,221.522842
2026-09-20 07:45:00,37304.0352,32380.6641,4120.253,1303.28931,223.272171
2026-09-20 08:00:00,37304.0352,32380.6641,4120.253,1303.28931,223.272171
2026-09-20 08:15:00,38020.4023,33506.19,4165.529,1274.95032,220.518784
2026-09-20 08:30:00,34893.55,31731.5684,4682.949,1280.09338,208.96608
2026-09-20 08:45:00,35355.7148,32769.5156,4845.39453,1250.06714,202.468216
2026-09-20 09:00:00,35355.7148,32769.5156,4845.39453,1250.06714,202.468216
2026-09-20 09:15:00,37531.24,33080.4531,4598.243,1262.576,213.450653
2026-09-20 09:30:00,37609.81,32743.1758,4646.22363,1277.43433,209.772415
2026-09-20 09:45:00,37609.81,32743.1758,4646.22363,1277.43433,209.772415
2026-09-20 10:00:00,37027.9844,33205.39,4858.325,1257.27417,202.741959
2026-09-20 10:15:00,37157.957,32352.7441,4776.831,1271.35852,204.872528
2026-09-20 10:30:00,37157.957,32352.7441,4776.831,1271.35852,204.872528
2026-09-20 10:45:00,36875.7539,33478.8359,4588.485,1256.4502,201.338776
2026-09-20 11:00:00,36802.6758,32387.4512,4982.63037,1275.568,201.716431
2026-09-20 11:15:00,36802.6758,32387.4512,4982.63037,1275.568,201.716431
2026-09-20 11:30:00,36872.07,32918.6523,4917.55859,1275.29932,195.807968
2026-09-20 11:45:00,37101.5469,32815.5742,4742.542,1272.35046,192.174622
2026-09-20 12:00:00,37101.5469,32815.5742,4742.542,1272.35046,192.174622
2026-09-20 12:15:00,36864.18,33234.4648,4659.611,1262.83777,194.212662
2026-09-20 12:30:00,36119.7422,32927.9023,4745.179,1265.73523,190.60228
2026-09-20 12:45:00,36119.7422,32927.9023,4745.179,1265.73523,190.60228
2026-09-20 13:00:00,35210.87,32359.875,4620.94727,1267.53918,190.522842
2026-09-20 13:15:00,35659.4375,33247.2,4215.218,1253.66858,187.370728
2026-09-20 13:30:00,35659.4375,33247.2,4215.218,1253.66858,187.370728
2026-09-20 13:45:00,35019.67,32640.1133,4166.635,1262.5481,190.284485
2026-09-20 14:00:00,35019.67,32640.1133,4166.635,1262.5481,190.284485
2026-09-20 14:15:00,35376.64,33174.7344,3877.38452,1255.7926,185.078613
2026-09-20 14:30:00,35253.55,32767.17,3824.3252,1266.4342,185.606
2026-09-20 14:45:00,35253.55,32767.17,3824.3252,1266.4342,185.606
2026-09-20 15:00:00,33145.65,32499.2324,3668.41284,1252.47534,179.1628
2026-09-20 15:15:00,34302.5352,33118.8867,3221.2085,1264.21472,182.230377
2026-09-20 15:30:00,36268.64,34264.6,3357.2085,1254.81,181.035034
2026-09-20 15:45:00,36268.64,34264.6,3357.2085,1254.81,181.035034
2026-09-20 16:00:00,36481.38,34286.95,3097.88037,1254.26355,182.687286
2026-09-20 16:15:00,37389.2461,34581.9258,3361.28467,1256.23413,189.571777
2026-09-20 16:30:00,37389.2461,34581.9258,3361.28467,1256.23413,189.571777
2026-09-20 16:45:00,37502.2031,34349.418,3374.47144,1264.19641,190.65126
2026-09-20 17:00:00,36941.48,34677.6953,3308.09717,1240.542,186.096054
2026-09-20 17:15:00,36941.48,34677.6953,3308.09717,1240.542,186.096054
2026-09-20 17:30:00,38411.71,35157.6563,3196.34546,1261.78162,193.298859
2026-09-20 17:45:00,37319.7,34508.418,3481.96338,1257.36743,188.392853
2026-09-20 18:00:00,37319.7,34508.418,3481.96338,1257.36743,188.392853
2026-09-20 18:15:00,40019.9336,35458.9063,2780.84741,1274.05823,192.297745
2026-09-20 18:30:00,40019.9336,35458.9063,2780.84741,1274.05823,192.297745
2026-09-20 18:45:00,40019.9336,35458.9063,2780.84741,1274.05823,192.297745
2026-09-20 19:00:00,39228.5078,34436.33,3074.5874,1278.32117,190.135818
2026-09-20 19:15:00,39068.76,34280.72,3150.251,1280.57861,180.0548
2026-09-20 19:30:00,39068.76,34280.72,3150.251,1280.57861,180.0548
2026-09-20 19:45:00,38691.26,34248.0625,3245.99561,1272.05469,181.961029
2026-09-20 20:00:00,38691.26,34248.0625,3245.99561,1272.05469,181.961029
2026-09-20 20:15:00,38572.6445,34557.92,3061.097,1259.745,174.39772
2026-09-20 20:30:00,37630.3633,33846.4258,3467.07861,1268.6936,171.639755
2026-09-20 20:45:00,37630.3633,33846.4258,3467.07861,1268.6936,171.639755
2026-09-20 21:00:00,37535.3828,33153.23,3475.4856,1272.71228,171.604675
2026-09-20 21:15:00,37536.5273,33481.12,3458.78662,1269.038,170.613525
2026-09-20 21:30:00,37536.5273,33481.12,3458.78662,1269.038,170.613525
2026-09-20 21:45:00,38097.582,33957.1172,3327.856,1264.102,167.165787
2026-09-20 22:00:00,38194.8,33843.32,3406.22681,1283.987,170.862823
2026-09-20 22:15:00,38194.8,33843.32,3406.22681,1283.987,170.862823
2026-09-20 22:30:00,37869.02,34009.7148,3676.45117,1267.76685,166.618927
2026-09-20 22:45:00,37869.02,34009.7148,3676.45117,1267.76685,166.618927
2026-09-20 23:00:00,37958.1055,33520.1875,3465.47925,1284.27759,161.904739
2026-09-20 23:15:00,37936.4336,34286.48,3494.62378,1274.87512,160.079712
2026-09-20 23:30:00,37936.4336,34286.48,3494.62378,1274.87512,160.079712
2026-09-20 23:45:00,38139.12,34114.418,3557.14746,1269.88208,158.868851
2026-09-21 00:00:00,38302.8047,34773.8672,3391.2644,1260.21716,155.4972
